contig	previous_snp	jump_snp	next_snp	read_name	count_haplotype_one	count_haplotype_two	ref_bases	alt_bases	read_bases	haplotype_string	number_of_jumps	jump_snp_pos_in_read	snp_pos_in_read	strand	read_length	chromosome_start	ref_strand	right_jump_snp_ref	chromosome_end	chromosome	chromosome_length	left_jump_snp_ref	right_flank_ref	left_flank_ref
ptg000082l	7229961	7239818	7239818	m84108_241122_172021_s4/235738145/ccs	1	1	CG	TA	CA	XO	1	10084	7229961,7239818	+	11452	105388287	+	105398371	105399739	chr1	233354531	105388514	105399871	105396871
ptg000082l	11956598	11957389	11957389	m84108_241122_172021_s4/170790479/ccs	2	1	TAA	CGG	CGA	OOX	1	2135	11956305,11956598,11957389	-	15052	110093494	-	110095629	110108546	chr1	233354531	110094838	110097129	110094129
ptg000082l	18442784	18443933	18443933	m84108_241127_145827_s1/204933396/ccs	49	1	ATGCCTCTCAGAAGGGGAAGACGACGGGTAATCATGCGCTACCAAAGATC	GCAATCTCGGAGTTAAAGGTCGAGGATACGGCACCATCTGGTTTGCTGCT	ACAATCTCGGAGTTAAAGGTCGAGGATACGGCACCATCTGGTTTGCTGCT	XOooOoOOOOOOoOOOOOOOOOOOOOOoOOOOOOOOoooooooooOOOOO	1	1941	18442784,18443933,18444156,18445884,18446178,18447651,18447694,18447876,18448437,18448822,18448894,18449197,18449442,18449715,18449765,18450100,18450393,18450617,18450699,18451050,18451603,18451694,18451906,18451985,18452449,18452533,18452556,18452592,18452808,18453393,18453613,18454187,18454451,18455102,18455245,18455560,18455775,18455787,18455797,18455884,18455896,18455903,18455928,18456055,18456078,18456263,18456445,18457226,18457300,18457880	+	16242	116574687	+	116576628	116590929	chr1	233354531	116575479	116578128	116575128
ptg000082l	123785018	123785916	123785916	m84108_241127_145827_s1/82905349/ccs	1	46	CGTCGTAACCGGCGCCATCTTAGTAGGCAAGTTGTAGCTGAAATAAG	TACTAAGGGAAATAATGCTGCTCCGAATGCACGAAGAGCAGGGCGGA	TGTCGTAACCGGCGCCATCTTAGTAGGCAAGTTGTAGCTGAAATAAG	OXXXXXXXXXXXxxxXXXXXxXxXXXxXXXxxXxXXXXXXXxXXXXX	1	5908	123785018,123785916,123785984,123786031,123786073,123786296,123786316,123786341,123786357,123786400,123786613,123786857,123787400,123788274,123788393,123788807,123788976,123789282,123789295,123789554,123790433,123790557,123790721,123790785,123791079,123791097,123791356,123791393,123791486,123792222,123792409,123793217,123793390,123793397,123794543,123795271,123795276,123795360,123795755,123796153,123796494,123796549,123796588,123796840,123796890,123796937,123797005	+	17064	221710095	+	221716003	221727159	chr1	233354531	221715105	221717503	221714503
ptg000076l	1143040	1157861	1157861	m84108_241122_172021_s4/139592851/ccs	1	1	AA	CC	AC	XO	1	15542	1143040,1157861	+	16871	50919	-	52248	67790	chr2	203902748	37427	53748	50748
ptg000050l	20923964	20924252	20924252	m84108_241127_145827_s1/94176206/ccs	15	1	TGGGAACAACGACAGT	AAACCGTGCTAGTGAC	AAACCGTGCTAGTGAT	OOOOOOOOOOOOOOOX	1	14614	20909686,20909797,20909959,20910272,20910356,20910664,20910996,20913679,20913785,20915967,20917103,20921716,20922702,20923391,20923964,20924252	-	14615	52496470	+	52496471	52511085	chr2	203902748	52496183	52497971	52494971
ptg000032l	59007916	59008042	59008042	m84108_241122_172021_s4/138348906/ccs	77	1	TGCAGCAAACTGAGGCCTATCAAGCTTAGGATGGGTGACGACCCCGATGCGATGCCGCTACTCTAGGAAAAGGATCAA	GTATTATGGTCACAATTCCCTTGTACCTAAGGAATGAGTCGTTTTTGAATTCGATTATCGTAACTAAGGGGAAGATCG	TTATTATGGTCACAATTCCCTTGTACCTAAGGAATGAGTCGTTTTTGAATTCGATTATCGTAACTAAGGGGAAGATCG	XOOOOOOOoOOOOOooooOOOOOOOOOOOOooOOOOOOOOOOOOOOOOOOOOOOOOOOoOOOOooOOOOOOOOOOOOO	1	129	59007916,59008042,59008302,59008883,59008948,59008990,59009219,59009224,59009227,59009396,59009456,59009613,59009716,59009947,59010376,59010711,59010737,59010796,59010895,59011019,59011022,59011273,59011348,59011515,59011601,59012396,59012702,59012860,59013010,59013138,59013296,59013600,59013820,59014129,59014160,59014259,59014518,59014743,59014769,59014900,59015289,59015620,59015663,59015969,59015993,59016145,59016581,59017155,59017242,59017464,59017469,59017769,59017996,59018078,59018122,59018799,59019108,59019145,59019151,59019264,59020062,59020136,59020456,59020507,59020549,59021143,59021395,59022812,59022965,59023419,59023617,59023746,59023976,59024325,59024730,59024750,59024839,59025164	-	17297	144803446	+	144820614	144820743	chr2	203902748	144820488	144822114	144819114
ptg000001l	6219601	6234083	6234083	m84108_241127_145827_s1/55052610/ccs	1	4	GCACA	TAGTG	TCACA	OXxXX	1	15294	6219601,6234083,6234246,6234308,6234952	-	16961	33324121	-	33339415	33341082	chr4	189967907	33324933	33340915	33337915
ptg000001l	17835543	17836116	17836116	m84108_241122_172021_s4/235670097/ccs	32	1	AGTCAGCTCCGCTATGCGCGGACCTACTGTAGG	TACTGCTCTTAGCGCTTATCAGTTCGTAACTAA	TACTGCTCTTAGCGCTTATCAGTTCGTAACTAG	OOOOOOOOOOOOOOOOOOOOOOOOOOOOOOOOX	1	15161	17821475,17821487,17821651,17821783,17822785,17823259,17823909,17824479,17825262,17825786,17826145,17826400,17827271,17827451,17828689,17829078,17829205,17829312,17829555,17829615,17829681,17829884,17830360,17830493,17830608,17831318,17831593,17831754,17832472,17832571,17835405,17835543,17836116	-	15463	44952291	-	44967452	44967754	chr4	189967907	44966879	44968952	44965952
ptg000001l	23353711	23354618	23354618	m84108_241122_172021_s4/122819392/ccs	28	1	CCAACCCTCGCATAGCGCGTCATCACATG	TTGTTGTCGTTGCGAGATCCAGCAGTCCT	CTGTTGTCGTTGCGAGATCCAGCAGTCCT	XoOOOOOoOooOoOOOOOOoooOOOooOO	1	1683	23353711,23354618,23355218,23355305,23355397,23355446,23355682,23355807,23355812,23357184,23357225,23357860,23358144,23358382,23359706,23362823,23362909,23362994,23363219,23363412,23363671,23363765,23364150,23364205,23364474,23367500,23367848,23368497,23369209	-	16536	50499553	-	50501236	50516089	chr4	189967907	50500329	50502736	50499736
ptg000001l	30802039	30802494	30802494	m84108_241127_145827_s1/176031293/ccs	60	1	ACATAGGCGCCAAGACCGTTCAAACACGCAGAAGATAGGTCATATGTGTCCGCACTCGTCA	GTGCTACTAGTGGATTTACCTGGTTGTATCTGGAGCGAAATGCGCTCACAAAGGAAAACTG	GTGCTACTAGTGGATTTACCTGGTTGTATCTGGAGCGAAATGCGCTCACAAAGGAAAACTA	oOOOOOOOOOOOOOOOOOOOOOOOOOOOOOOOOOOOOOOOOOOOOOOOOOOOOOOOOOOOX	1	18545	30784379,30784912,30785015,30785744,30786536,30786695,30787011,30787099,30787124,30787131,30787247,30787264,30787300,30787326,30787447,30787644,30787830,30788235,30788985,30789237,30790032,30790306,30793075,30793208,30793448,30794586,30794653,30794733,30795404,30796340,30796358,30796969,30797142,30797186,30797457,30797475,30797589,30797700,30798162,30798351,30798481,30798768,30798957,30799196,30799238,30799246,30799296,30799732,30799781,30799819,30799844,30800100,30800142,30800226,30800281,30800614,30800653,30800974,30801741,30802039,30802494	-	18564	57962244	-	57980789	57980808	chr4	189967907	57980334	57982289	57979289
ptg000063l	30062177	30063630	30063630	m84108_241127_145827_s1/14421383/ccs	1	35	AATACCAACTAACCTGGTCTAACCACCGAAGGACGG	GTCTTTGGTCGGATCTACACCTATGTTAGCAAGTAA	AATACCAACTAACCTGGTCTAACCACCGAAGGACGA	XXXXXXXXXXXXXXXXXXXXXXXXXXXXXXXXXXXO	1	10916	30052798,30052904,30053258,30053426,30053955,30054020,30054021,30054098,30054165,30054248,30054295,30054991,30055086,30055556,30055698,30055769,30055924,30056639,30056771,30056981,30058288,30058342,30058861,30059223,30059452,30059804,30059868,30060377,30060704,30060743,30061054,30061962,30062000,30062079,30062177,30063630	-	11099	181377795	-	181388711	181388894	chr4	189967907	181387258	181390211	181387211
ptg000018l	138246539	138246843	138246843	m84108_241127_145827_s1/103941707/ccs	1	48	AACACACATTCCTCAGTGCGGAGTGAAAAAATCGTCCGTCCACGTACCG	GGAGGGTGCCTTCAGTCATCAGACCGTGCCGCTACTTACTAGTAAGTTA	GACACACATTCCTCAGTGCGGAGTGAAAAAATCGTCCGTCCACGTACCG	OXXXXXXXXXXXXXXXXXXXXXXXXXXXXXXXXXXXXXXXXXXXXXXXX	1	761	138246539,138246843,138246865,138246866,138247166,138247266,138247429,138247430,138247462,138248463,138248600,138248611,138248896,138248957,138249391,138249615,138249896,138249970,138250205,138250292,138250462,138250624,138251715,138251906,138251940,138252024,138252196,138252319,138252348,138252387,138253309,138253323,138253990,138254215,138254658,138254793,138255125,138255329,138255389,138256461,138256476,138257990,138258107,138258342,138258647,138258844,138259033,138259210,138259387	-	13677	15409050	+	15421966	15422727	chr5	184146409	15421662	15423466	15420466
ptg000018l	128931088	128931401	128931401	m84108_241127_145827_s1/152502653/ccs	41	1	AGAAGGTTCCCTGTGGACTATACTAAGGAGAGAGTGGGGGCT	GACCACCCGGTCAGTCGTCCCGAAGTCATTGAGTCTCTACTC	GACCACCCGGTCAGTCGTCCCGAAGTCATTGAGTCTCTACTT	OOoOOOoOOOOOOOOOOOOOOOOOOOoOOoOOOOOOooOOOX	1	16306	128915225,128915412,128915511,128915845,128916072,128916113,128916449,128916609,128916992,128917243,128917779,128917801,128917802,128917968,128918741,128919266,128919298,128920596,128920607,128920910,128920913,128921087,128921106,128921180,128922598,128922835,128922934,128923692,128924700,128924701,128924913,128926860,128927783,128929203,128929377,128929719,128930289,128930328,128930605,128930798,128931088,128931401	-	16625	24763187	+	24763506	24779812	chr5	184146409	24763193	24765006	24762006
ptg000018l	84382473	84397038	84397038	m84108_241122_172021_s4/164959437/ccs	1	4	CCGCC	TGATA	TCGCC	OXXXX	1	17845	84382473,84397038,84397671,84397765,84397924	+	19140	73491625	-	73492920	73510765	chr5	184146409	73478355	73494420	73491420
ptg000018l	69805278	69822382	69822382	m84108_241122_172021_s4/39327024/ccs	7	1	ATCCACAT	CAGAGTGC	CAGAGTGT	OOOOOOOX	1	20475	69803350,69803931,69804358,69804391,69804392,69804421,69805278,69822382	+	20546	88043479	-	88043550	88064025	chr5	184146409	88026446	88045050	88042050
ptg000041l	9847102	9847337	9847337	m84108_241127_145827_s1/217650627/ccs	1	4	CGCTT	TCTCC	CGCTC	xXXXO	1	1111	9846347,9846376,9846433,9847102,9847337	+	18278	174293950	-	174311117	174312228	chr5	184146409	174310882	174312617	174309617
ptg000135l	69148345	69148797	69148797	m84108_241122_172021_s4/116853238/ccs	1	32	CACCCTCCCTTCTATCGGTCTGCAGGGTCAGCT	TGTTGCGTTCCTCGCTACGTCAACACCCTGAAC	CACCCTCCCTTCTATCGGTCTGCAGGGTCAGCC	XXXXXXXXXXXXXXXXXXXXXXXXXXXXXXXXO	1	14548	69134630,69134691,69134774,69136124,69137000,69137445,69138836,69139086,69139755,69139909,69140549,69141962,69142410,69142679,69144293,69144515,69144710,69145727,69145733,69145806,69145845,69145974,69146006,69146063,69146715,69147246,69147254,69147567,69147693,69148193,69148328,69148345,69148797	-	14890	47176120	+	47176462	47191010	chr6	181228022	47176010	47177962	47174962
ptg000028l	31481598	31481637	31481637	m84108_241127_145827_s1/238682799/ccs	22	1	CTAATCGAGGTTGAAGAATTCGC	ACGGCTTGCACACTGAGGCCGAT	ACGGCTTGCACACTGAGGCCGAC	OOOOOOOOOOOOOOOOOOOoOOX	1	10611	31471126,31471336,31471520,31472094,31473162,31474173,31474325,31475596,31475789,31476125,31476128,31476139,31476141,31476164,31476187,31476569,31476628,31478922,31479322,31479584,31479705,31481598,31481637	+	10616	111044717	+	111055328	111055333	chr6	181228022	111055289	111056828	111053828
ptg000028l	46327813	46327931	46327931	m84108_241122_172021_s4/39126706/ccs	27	1	CGCGGCATCTTGCTTTCCATCTTTTTTT	TTTTTTGCTCAATCGCATCCAGACAGCA	CTTTTTGCTCAATCGCATCCAGACAGCA	XOOOOOOOOOOOOOOOOOOOOOOOOOOO	1	225	46327813,46327931,46328034,46328043,46328044,46328070,46328114,46328507,46329851,46331737,46331767,46331803,46331910,46333943,46334039,46334189,46334472,46334486,46335354,46335505,46335704,46335781,46336434,46336826,46336853,46337152,46337338,46337416	-	10230	125955786	-	125956011	125966016	chr6	181228022	125955893	125957511	125954511
ptg000004l	1676263	1676317	1676317	m84108_241122_172021_s4/267847796/ccs	1	19	TCCTTCACTGCAACGCCGCA	GATAGTGTCTTGGTATGAAG	TCCTTCACTGCAACGCCGCG	XXXXXXXXXXXXXXXXXXxO	1	24596	1672009,1672114,1672328,1672455,1672495,1672571,1673757,1673798,1673896,1674024,1674277,1674331,1674895,1675046,1676147,1676182,1676241,1676254,1676263,1676317	-	24629	35900678	-	35925274	35925307	chr7	179313751	35925220	35926774	35923774
ptg000004l	53610435	53610622	53610622	m84108_241122_172021_s4/267717143/ccs	1	23	CGGGAAGCATAAGCTCATGGATTC	ACAACGATGACCAGCTGAATGCGT	AGGGAAGCATAAGCTCATGGATTC	OXXXXXXXxXXXXXXXXXXXXXXX	1	303	53610435,53610622,53610693,53610958,53611800,53614355,53614366,53614907,53616735,53618207,53619248,53619759,53619867,53620130,53620936,53621044,53621415,53621416,53621757,53622074,53622934,53623419,53624137,53624582	-	15339	87893862	-	87894165	87909201	chr7	179313751	87893978	87895665	87892665
ptg000004l	61459877	61460433	61460433	m84108_241122_172021_s4/129433779/ccs	1	35	TACGATAACGATGTTTCCGCGGTCTCGCTTCTGCGG	CGTCGCGGTTGCACCCGTAGCACTCTTTCCGGATAA	CACGATAACGATGTTTCCGCGGTCTCGCTTCTGCGG	OXXXXXXXXXXXXXXXXXXXXXXXXXXXXXXXXXXX	1	1796	61459877,61460433,61460481,61460490,61460814,61460941,61461333,61461477,61461915,61462379,61462736,61462853,61463057,61463286,61463300,61463437,61464420,61465282,61465314,61465475,61465815,61465830,61465892,61465906,61466110,61466640,61467073,61467189,61467243,61467267,61467437,61467538,61468287,61477367,61477933,61477954	+	19361	95777927	+	95779723	95797288	chr7	179313751	95779167	95781223	95778223
ptg000027l	3015910	3020590	3020590	m84108_241127_145827_s1/104992184/ccs	21	1	GCCATAACGATTGCGACAATAT	TATTCGGGATCCATACTGGCGC	GATTCGGGATCCATACTGGCGC	XOOOOOOOOOOOOOOOOOOOOO	1	6209	3015910,3020590,3020669,3022338,3022729,3023241,3023917,3023939,3024017,3024067,3024128,3024606,3024691,3024807,3024926,3026762,3027141,3027639,3027704,3027996,3028367,3028607	+	15143	4561811	+	4568020	4576954	chr9	144533704	4563340	4569520	4566520
ptg000027l	80765986	80766036	80766058	m84108_241127_145827_s1/126947231/ccs	1	36	TGTAGACAATGATCGCCATGGAGTTGTAACGACGTTT	CTCTACGGGCAGATAATGCAACAACACTGTCGTTCCC	TGTTGACAATGATCGCCATGGAGTTGTAACGACGTTT	xxxOxxxXXXxXXXXxXxxXXxxXXXxXXxXXxXxXX	1	711	80765492,80765900,80765986,80766036,80766058,80766298,80766714,80766745,80767087,80767179,80767292,80767306,80767323,80767861,80767911,80767912,80768590,80769389,80770320,80770375,80770411,80770438,80770641,80770718,80771142,80771287,80771847,80772854,80772945,80773107,80773520,80773835,80778871,80779228,80779339,80779561,80781462	-	16439	82209439	-	82210150	82225878	chr9	144533704	82210100	82211650	82208650
ptg000008l	39510235	39510432	39510432	m84108_241127_145827_s1/53544085/ccs	66	1	CCTCTGCATTTAGACGCAAGACTTAATACAGATGTAGTGTCCCACTCCGTTGGGGGCGTCGGGGAGA	TTATAATGCCCTAGTATGGAGTCCCGCGTGAGCACGCCTCAGTGTCTTAGGAATAAGACTCAAAGAG	TTATAATGCCCTAGTATGGAGTCCCGCGTGAGCACGCCTCAGTGTCTTAGGAATAAGACTCAAAGAA	OOOOOOOOOoOOOOOOOOOOoOOOOOOOOOOOOOOOOOOOOOOOOOOOOOOOOOOOOoooOOOOOOX	1	14458	39496001,39496067,39496091,39496362,39496629,39496680,39497103,39497488,39497935,39498194,39498724,39498977,39498984,39499126,39499132,39499133,39499668,39499997,39500112,39500740,39500769,39501019,39501180,39501409,39501450,39501719,39501818,39501821,39501822,39501866,39502114,39503284,39503796,39504017,39504065,39504221,39504452,39505045,39505161,39505422,39505498,39505509,39505539,39505569,39506188,39506310,39506630,39506637,39506960,39507107,39507276,39507401,39507444,39507451,39507566,39507580,39507711,39508772,39508814,39509041,39509398,39509565,39509860,39510072,39510158,39510235,39510432	-	14463	55844989	+	55844994	55859452	chr10	143912906	55844797	55846494	55843494
ptg000069l	90736358	90752199	90752199	m84108_241122_172021_s4/234883371/ccs	1	9	TACCTCTGCC	GCTAATCATT	TACCTCTGCT	XXXXXXXXXO	1	17677	90734561,90734673,90734680,90734696,90735199,90735396,90736263,90736271,90736358,90752199	+	21881	50134919	-	50139123	50156800	chr11	140692836	50123282	50140623	50137623
ptg000069l	70310911	70313467	70313467	m84108_241122_172021_s4/173737802/ccs	1	15	TAGATCTTCTAAATAA	CCAGGTCCGCGGGCCG	TAGATCTTCTAAATAG	XXXXXXXXXXXXXXXO	1	12607	70301198,70301305,70301306,70301442,70303737,70304027,70304178,70305484,70305858,70306089,70306915,70307585,70309953,70310698,70310911,70313467	-	13354	70581401	+	70582148	70594755	chr11	140692836	70579592	70583648	70580648
ptg000062l	275513	275600	275685	m84108_241127_145827_s1/179899156/ccs	1	5	ATAGCA	GCCATG	ATAGTA	XxXXOx	1	7686	274859,275049,275283,275513,275600,275685	-	12478	69493611	-	69501297	69506089	chr15	118469430	69501210	69502797	69499797
ptg000009l	7983710	7984315	7984315	m84108_241127_145827_s1/45486523/ccs	1	19	CGCACCTGGGTTCCGTCCAA	ATGTTACAACCGTTACTTGT	AGCACCTGGGTTCCGTCCAA	OXXXXXXxXXXXxXXXXXXx	1	4783	7983710,7984315,7984370,7984769,7984792,7985080,7985279,7985969,7986047,7986141,7986567,7986569,7987202,7987502,7989001,7990452,7990891,7990949,7991088,7991536	-	13123	97911490	+	97919830	97924613	chr16	105885118	97919225	97921330	97918330
