read_name	contig	previous_snp	jump_snp	next_snp	count_haplotype_one	count_haplotype_two	ref_bases	alt_bases	read_bases	haplotype_string	number_of_jumps	jump_snp_pos_in_read	snp_pos_in_read	strand	read_length	cigar_string	chr	Sperm_PrimarySpermatocytes_Reads.methyC.UmethyC	Sperm_UndiffSpermatogonia_Reads.methyC.UmethyC	Sperm_DiffSpermatogonia_Reads.methyC.UmethyC	Sperm_spermatids_Reads.methyC.UmethyC	Sperm_Mature_Reads.methyC.UmethyC	blood_cpg_data	neuron_cpg_data	CpGs_onRead	badCpGs_onRead	refCpGOvl_perc	max_ind	germ_basedOnMaxLLInd	LL_maxGerm_minus_maxNonGerm	chromosome_start	ref_strand	right_jump_snp_ref	chromosome_end	GC_event	Approved	chromosome	chromosome_length	left_jump_snp_ref
m84108_240530_160720_s3/162070907/ccs	ptg000009l	67840931	67848007	67848169	2	1	TGC	CAT	CGT	OXO	2	7530	67840931,67848007,67848169	+	11421	460=1X2842=1I2052=7D2336=1X1851=1I477=1X1398=	chr1	27.7082626499273	31.4831807630168	30.9412330440565	31.3970818321226	30.8260025093935	30.664859046739	29.7811247326064	69	NA	-	2	1	0.818321716277801	53125408	-	53129461	53136829	GC_61	y	chr1	248387328	53122223
m84108_240530_160720_s3/109906041/ccs	ptg000009l	64936407	64936447	64938311	9	1	GTTAGGACCA	TACGAACATC	TACAAACATC	OOoXOOOOOO	2	3874	64933012,64934941,64936407,64936447,64938311,64940353,64942375,64943450,64944756,64945318	-	12832	474=1X1928=1X1220=35D30=1X179=1X1903=1X358=3D1680=1X1837=2D182=1X1074=1X1305=1X561=1X91=	chr1	43.823924225225	50.1487959621616	50.7172713253061	50.1020365737714	49.7013336695016	42.3586912178262	49.8056153174292	82	NA	-	3	1	0.9116560078769	56032247	+	56043069	56045079	GC_50	y	chr1	248387328	56041165
m84108_240530_140750_s2/102302578/ccs	ptg000009l	36046707	36048416	36048860	1	26	TTTTATGTTTATTCTCTCGAGAAAACC	GCCCGCACCCTCCGCGGTTGTGGGGGT	TTTTATGTTTATTGTCTCGAGAAAACC	XXXXXXXXXXXXXOXXXXXXXXXXXXX	2	14943	36033689,36034905,36036301,36036311,36036552,36039203,36039305,36040391,36041838,36042830,36043381,36043692,36046707,36048416,36048860,36048935,36049979,36050387,36050809,36051674,36052047,36052245,36052880,36052969,36053556,36053735,36054228	+	21124	1572=1D526=1D159=1I3850=1D1780=1D263=1I1038=1D306=1D447=1I869=1I3275=1D367=1D487=1X244=1I2304=1D1542=2D515=1D1457=1I116=	chr1	21.2563094911186	21.0289230307931	20.2846317882412	21.1170006932832	21.0288570525435	6.67619938787008	-1.51684558209937	136	NA	-	1	1	14.5801101032485	84926001	-	84932626	84947125	GC_2	y	chr1	248387328	84930473
m84108_240530_160720_s3/225050968/ccs	ptg000009l	11218527	11218679	11218823	18	1	TGTCTGTCTCTCTTTGCGC	CAATCACTCTCACAACTTT	CAATCACTCTCACAAGTTT	OOOooOOOOOoOOOOXOOO	2	13294	11213283,11214674,11214751,11215059,11215189,11215531,11215655,11215832,11215879,11215991,11216337,11216425,11216685,11217859,11218527,11218679,11218823,11219018,11219142	-	14113	343=1I171=1I1540=1D32=1D1653=3I1530=1I197=1I490=1D1448=1D107=1D74=1D289=1X354=1D163=1D738=1I133=1X76=1X197=1I110=1X129=1X12=1D28=18I300=1X123=1X176=1X46=1X111=1X345=1X87=1X259=1X1173=1X667=1X295=1X194=1X123=1X355=	chr1	50.5483135246053	60.2587390441335	60.1851242367944	60.2954220845377	58.5543390716789	50.2821880649139	55.5779415736798	163	NA	-	4	1	4.7174805108579	109828724	+	109829687	109842837	GC_67	y	chr1	248387328	109829391
m84108_240530_140750_s2/174064119/ccs	ptg000039l	18134219	18134227	18134866	26	1	TCAGCACAGCGCACCCCCGGCGGCGAAA	CTTCAGTGCTAGGTTTTTTATAATAGTG	CTTCAATGCTAnGTTTTTTATAATAGTG	OOOOoXOoOOOnOOOOOOOOOoOOOOOO	2	5659	18128869,18129868,18130855,18133966,18134219,18134227,18134866,18135186,18135276,18135634,18136185,18137043,18137467,18137648,18137772,18137890,18139139,18139201,18139464,18139519,18139538,18139805,18140765,18141167,18141476,18142233,18142401,18143389	-	15572	182=1I117=1X50=2I137=1D183=1D300=1D325=1X662=1D323=1X338=1D863=2I918=1D258=1D60=1D140=1D139=1I80=1X110=6I148=1D49=1X252=1X646=1X75=1D7=1D97=1D137=1X36=1I53=1X301=1I56=1X550=1X94=1D33=1D303=1I425=1D93=2D1X99=1I213=1D14=1X130=1I32=1D17=1X123=1X117=1X151=1I227=1I12=1I370=9D14=1X24=1D439=1X61=1X207=1I55=1X40=1D13=1X18=1X68=1D189=1D7=1X183=1I92=1I427=1I57=1I200=1X247=1D153=1X32=1D105=1I108=1D61=1X289=1D61=1D13=1D55=1D7=1D179=2I147=1X167=1X100=1D161=1D271=1D348=1I77=1D26=1X28=1D147=1D170=1D237=1I109=1I75=	chr1	5.88275068764161	9.97209903311597	10.0965010284243	10.1791949936382	8.63414424285324	4.38753028587847	2.77748066511782	158	NA	-	4	1	5.79166470775973	203896861	-	203903159	203912433	GC_15	y	chr1	248387328	203902512
m84108_240530_160720_s3/153949208/ccs	ptg000050l	9922682	9922802	9923052	1	15	ATCGAAGACATTTCTG	CCTCGCAGAGCGCTCA	ATCGAAGACATTCCTG	XXxXXXXXXXXXOxXX	2	9407	9914695,9915991,9916547,9918278,9918470,9918652,9919117,9919558,9920188,9921137,9921647,9922682,9922802,9923052,9927444,9929551	+	16532	28=1D1227=1I333=1D619=1D228=1I490=1I409=1D453=1I122=1I1466=1D735=1I971=1D219=1I1549=1I550=1X1923=1I1796=1I643=1I1264=1D76=1D1183=1D236=	chr1	7.59173401763069	7.6416689773121	8.15765854648594	7.23233618229936	8.31792978870838	-12.1906131228654	-11.9995295521445	121	NA	-	5	1	20.3174593408529	241105673	+	241115330	241122205	GC_60	y	chr1	248387328	241114960
m84108_240530_140750_s2/201721085/ccs	ptg000050l	14779640	14779755	14779964	71	1	AGAGACGTTTAGCGAAACTGTAGCCCAGGCCTTATCTCACCGACCATCAGCACCCAAGGTGGAATGTCCAAAGG	GAGAGTACCCGATAGCGTAACTTGTTGTCTTCCGCTCTGTTATTTCCTGATGTTGTGTCGACGGCCCGGGGGAA	GnGAGTACCCGATAGCGTAACTTGTTGTCTTTCGCTCTGTTATTTCCTnATGTTGTGTCGACGGCCCGGGGGAA	OnooOOOOOOOOOOoOOOOOOOoOOOOOOooXOOOoOoooooooOOOOnOOOOoOOOOOOOoOoOoOOOOOoOO	2	14414	14765459,14766188,14766589,14767071,14768705,14769792,14771014,14771062,14771529,14771796,14775135,14775770,14776710,14776831,14776837,14777313,14777425,14777564,14777604,14777657,14777786,14777902,14777917,14777978,14778083,14778287,14778400,14778987,14779199,14779314,14779640,14779755,14779964,14780006,14780313,14780412,14780614,14781137,14781535,14781566,14781834,14781876,14782235,14782323,14782724,14782743,14782797,14782880,14782996,14783032,14783131,14783336,14783454,14783550,14783551,14783645,14783699,14783747,14784552,14784707,14784801,14785084,14785190,14785210,14785354,14785383,14785474,14785545,14785827,14785836,14786005,14786053,14786869,14786940	+	22253	85=2D61=1X102=1D387=1I238=2D1X43=1D191=1X162=1X88=1D349=1D13=1D28=1X58=1D55=1D541=1D37=1D86=1D457=1I74=1I320=1X169=1I470=1D420=1D25=1X536=1D504=1D103=1I17=2I59=1X23=1D23=1X268=1I104=1D93=1X240=1D25=1X544=1I695=1D129=1D184=1D381=1I359=1D16=1D1025=1X203=1D22=1D407=1X207=1D29=3D699=1X120=1X5=1X90=1D48=1X137=1D197=1X111=1X138=1X39=1X52=1X42=1X85=1X115=1X14=1X60=1X104=1X115=1D87=1X61=2D49=1X34=1I60=1X168=4D319=1X211=1X114=1X325=1X311=1I12=1X41=1X45=1D260=1X98=1X10=1I83=1X107=1X50=1I472=1X124=1D66=1D205=1X30=1X25=3I14=1I153=14I75=1X41=1X215=1D142=1X26=1I61=1X106=11I2X292=1X18=1X53=1X82=1X31=1D83=1D35=1X98=1X85=1D3=1X39=1D74=1X56=1D60=1X95=2X93=1X53=1X47=1X135=1D9=1D31=1D602=1D23=1X154=1X93=1X282=1X105=1X19=1X143=1X28=1X90=1X70=1X281=1X8=1X42=1D55=1I70=1X47=1X237=1X577=1X70=1X137=1D496=	chr1	52.95597993627	58.9880295616002	58.3230590443665	57.4322800939048	56.9008441216718	56.5522190780133	58.2295312998284	268	NA	-	2	1	0.758498261771798	245950735	+	245965358	245972988	GC_22	y	chr1	248387328	245965034
m84108_240530_140750_s2/254346814/ccs	ptg000027l	83272320	83273787	83274773	1	5	CCTCCG	TTGATA	CCTACG	XXXOXx	2	3450	83270499,83271425,83272320,83273787,83274773,83277460	+	14221	219=1I233=2D1390=1I599=1X876=1D130=1X94=1D4229=1I1198=1D1586=1I293=1D1651=1D1327=1D364=1D26=	chr2	16.1874365075341	18.0347556000005	18.8265995194913	18.4814171932825	18.7412036508304	12.1821509954287	15.6232056685708	91	NA	-	3	1	3.2033938509205	3873300	-	3885057	3887521	GC_35	y	chr2	242696752	3882604
m84108_240530_160720_s3/165218209/ccs	ptg000027l	82860725	82862944	82863292	1	3	GTGA	ACAG	GCGA	XOXX	2	11210	82860725,82862944,82863292,82863323	-	12914	3707=1I3841=1D1169=1D2440=1D52=1X430=1D1273=	chr2	18.1032902885357	22.9468086666993	22.8954758154283	22.1897056910928	20.5962913576173	11.8232545815775	16.4735970594665	118	NA	-	2	1	6.4732116072328	4293471	+	4295523	4306385	GC_62	y	chr2	242696752	4292956
m84108_240530_140750_s2/202572360/ccs	ptg000027l	77029757	77030378	77031938	28	1	GCTGATTCCGAGTGTTACTCCGCTACCAG	TTCCGCCGGTTTCAACGTGTAAGGGGTTA	TTCCGCCGGTTGCAACGTGTAAGGGGTTA	ooOoOoOoOOoXOOOOOoOOOOooOOOOo	2	16829	77015744,77020184,77023410,77023873,77024539,77026408,77028135,77028366,77028541,77029102,77029757,77030378,77031938,77032867,77033138,77033733,77034131,77034555,77034615,77035910,77035978,77036342,77036373,77036398,77036678,77037127,77038613,77039181,77039863	+	26591	138=1I378=1D458=1D32=1D260=1D200=1D302=1I53=1D130=1I137=1D109=1X166=1D659=1D22=1I51=1I19=1D82=1D25=1I298=1I38=1D16=1I419=1D79=1I512=1I77=1D122=1I149=1D66=1I294=1D677=1I659=1X323=1D68=1D289=1I261=1X219=1I150=1D557=1I190=1I214=1X5=1I237=1I492=1D135=1D78=1X56=1D91=1D20=1D51=1I57=1D183=1X248=1D20=1D6=1X288=1I71=1I29=1X54=1D319=1D118=1I132=1D196=1I166=2I132=1I331=1D151=1I197=1I68=1X6=1D312=1D105=1D685=1I615=1X230=1X34=1I140=1X560=1X327=3D324=1X8=1D123=1D456=1D156=1I35=1I51=1D54=1I114=1I140=1I287=2I88=1I119=1I74=1I251=1D120=1D98=1X473=1I135=1D15=1I55=1D61=1D18=1D76=1D34=1I56=1X270=1X267=1I293=1I34=1X107=1X289=1X77=1D208=1D136=1X59=1X220=3D445=1D147=5I1X43=1D49=1D222=1D160=1X67=1X183=1I180=1X30=1X24=1X163=1D14=1D100=1X32=1I47=1D368=1X26=1I132=1D303=1D155=3D198=1D38=1D51=1I49=1I25=1D80=1D419=1X218=1I33=1D287=1I28=1X435=3D134=1I15=1D18=1I75=1X1=1D48=1D198=1D34=	chr2	26.0763679909897	28.3652261175225	27.4198692098662	27.9836324358303	27.7079914790099	5.19708681231666	-2.90301801011244	414	NA	-	2	1	23.1681393052058	10116772	-	10128094	10143363	GC_23	y	chr2	242696752	10125913
m84108_240530_140750_s2/217712456/ccs	ptg000027l	60074722	60078769	60078916	1	5	CTGCCC	TCAGTT	CTGGCC	XXXOXx	2	12069	60069048,60069723,60074722,60078769,60078916,60080274	-	13707	298=1I1958=1D1195=1I1870=1I974=1I506=1D231=1I96=1D485=1I2975=1I749=1I201=1I106=1I415=1X839=1D798=	chr2	68.0142187033269	68.6518159383375	68.9878067235549	68.5711495723011	66.9420306513925	67.038125538632	63.3413230928879	257	NA	-	3	1	1.94968118492289	27067927	+	27069712	27081634	GC_27	y	chr2	242696752	27065518
m84108_240530_140750_s2/255071169/ccs	ptg000027l	36509855	36510239	36510352	1	16	GTTGATCAAACTGACGG	AGGCGCTGGGGGCGTAT	GTTGATCAAACTGGCGG	XXXXXXXXXXXXXOXXX	2	11742	36498566,36498679,36499077,36500435,36502580,36503380,36503736,36505250,36505577,36506150,36506827,36507618,36509855,36510239,36510352,36510506,36510557	-	13782	1733=1D393=1I1725=1I7889=1X1305=1D734=	chr2	26.7381466901919	25.1619844703977	23.1312957047955	22.3929071885452	25.7806779387149	18.8091933305558	17.4962858629866	111	NA	-	1	1	7.9289533596361	50584407	+	50586560	50598189	GC_36	y	chr2	242696752	50586063
m84108_240530_160720_s3/130483192/ccs	ptg000004l	84567601	84569278	84569511	1	3	CTAT	GGGG	CGAT	XOXX	2	17027	84567601,84569278,84569511,84570464	+	20799	3042=1D174=1I2815=1D899=1D104=1D29=1D518=1D49=1D888=1I1617=1I431=1I233=1I484=1I2780=1D405=1D1176=1D804=1D573=1X368=1D245=1D3158=	chr2	5.95060909994972	8.62457117518932	7.87740770549306	7.79980769976362	7.16942219752323	6.22668769116516	3.6906824353816	121	NA	-	2	1	2.39788348402416	158125190	-	158129195	158145989	GC_54	y	chr2	242696752	158127285
m84108_240530_160720_s3/235340792/ccs	ptg000004l	63392952	63393885	63394572	17	1	AGCTAGGTTAAGGATTCC	TATAGTTAGGGACGCCAT	TATAATTAGGGACGCCAT	oOOOXOOOOOOOOOOOOO	2	10117	63388583,63389469,63391332,63392952,63393885,63394572,63394577,63394798,63394959,63395823,63395960,63396211,63396611,63396812,63396885,63397283,63397587,63397854	+	15295	1615=3D1014=1I854=1D31=4D823=1I475=1I8=1X691=4I194=1X168=1D1188=1D504=1X987=1D277=3I354=1X280=12D1327=1X4=1X220=1X1=1X158=1X863=1X136=1X250=1X399=1X200=1X72=1X397=1X303=1X266=1X1208=	chr2	18.6817774905112	24.4788760954726	24.9346614185528	24.0275654379942	23.1597613022601	21.0999161008717	19.4923331643893	98	NA	-	3	1	3.8347453176811	179327845	-	179333710	179343140	GC_68	y	chr2	242696752	179332090
m84108_240530_140750_s2/141101607/ccs	ptg000004l	39443567	39444550	39445851	12	1	CGGAAATATGAAG	GAAGTGCTCTGCA	GAAGTGCTCTGAA	OOOOOOOOOOOXO	2	12021	39433666,39435016,39436664,39436787,39437312,39439867,39441685,39442410,39442900,39442901,39443567,39444550,39445851	-	13573	1141=1X1349=1X1647=1X122=1X524=1X661=1D644=2D1246=1X1718=1D98=1X724=1X489=2X665=1X1023=1D209=1X1049=1X251=	chr2	73.5807540727223	77.9225936490334	77.8613956843447	77.448655988108	75.7107305588952	77.270159304463	71.9272657677146	104	NA	-	2	1	0.652434344570409	203286616	+	203289469	203300189	GC_10	y	chr2	242696752	203287185
m84108_240530_160720_s3/41353829/ccs	ptg000018l	151928	152352	153279	1	16	GACAGCGTCGCGGGCCT	ACGTATAGTAGACCTTA	GACAACGTCGCGGGCCT	XXXXOXXXXXXXXXXXX	2	4532	149190,149358,150037,151928,152352,153279,153423,153475,153809,154133,154272,155623,159378,159530,159719,160351,160582	-	12779	4532=1X8246=	chr3	29.9656218722706	30.5070980688878	31.4521677079336	30.723905932479	30.4873284057724	25.4449224424316	30.926644413712	69	NA	-	3	1	0.5255232942216	150599	-	156058	163378	GC_76	y	chr3	201105948	154707
m84108_240530_140750_s2/21891764/ccs	ptg000018l	61083642	61083870	61084525	1	22	ACATAGGCCCGGTGTTCCAACCT	CTCGTTCTGGACCACCTTGGGGC	ACAGAGGCCCGGTGTTCCAACCT	XXXOXXXXXXXXXXXXXXXXxXX	2	8582	61082958,61083641,61083642,61083870,61084525,61084711,61084772,61084784,61086338,61087104,61087349,61087511,61088605,61088649,61088659,61088972,61089064,61089377,61090023,61090028,61090285,61090460,61090566	+	15461	6366=1I206=1D71=1I1937=1X784=1D17=1D3004=1D531=2D2078=1D464=	chr3	18.377895558311	24.071272809711	24.5865878357504	23.9236264818722	22.9934829627376	19.1298954867146	22.7968627698835	93	NA	-	3	1	1.7897250658669	61089601	+	61098838	61105062	GC_29	y	chr3	201105948	61097955
m84108_240530_140750_s2/212861902/ccs	ptg000002l	8795844	8795959	8796018	28	1	TGCGCTTGTACTTAATGGACCCATTCACG	CAAATACAACACCGCCACGAATGCCTGTT	CAAATACAACACCGCCACGAATGCCTGCT	OOOOOOOOOOOOOOOOoOoOoOOOOoOXO	2	7666	8788344,8788381,8788538,8788590,8788630,8788711,8788893,8789926,8790145,8790392,8790568,8790615,8790933,8791213,8791660,8792261,8792818,8792912,8793145,8793615,8793622,8794126,8794432,8794818,8795099,8795570,8795844,8795959,8796018	+	8100	38=1X36=1X156=1X51=1X39=1X28=3I29=1X22=1X181=1X1032=1X218=1X246=1X175=1X46=1X180=3I137=1X279=1X405=4I41=1X600=1X143=1X9=2X181=1I220=1X78=1D14=1X226=1X5=1X94=1X165=1I120=1X88=1X6=1X173=1I1=1X328=1X190=1X114=1X69=1I11=1X87=1D60=1X3=1X49=1I102=1X49=1X4=1X49=2X174=1X171=1I67=1X8=1X222=1X10=1D205=1D56=1X96=1I77=1X84=7I283=	chr3	2.60898471439717	3.06149700061259	2.89764734679195	2.24705931729514	2.83067442913237	-0.0570211884270071	-1.6831065588997	30	NA	0.88	2	1	3.1185181890396	102003018	+	102010743	102011118	GC_26	y	chr3	201105948	102010569
m84108_240530_160720_s3/153488552/ccs	ptg000002l	97565494	97565627	97567726	1	25	GCCCTTTCCAACGAACGAACTTGGGT	AGAGGCGTTGCTAGGACTGTCCAAAA	GCCCTTGCCAACGAACGAACTTGGGT	XxXXxxOXxXXxXXxxxXXXXXXXXX	2	3568	97562139,97562301,97562729,97562875,97564855,97565494,97565627,97567726,97568979,97569177,97572719,97573001,97574023,97574202,97574349,97574714,97574904,97575244,97575883,97576001,97576137,97577281,97577589,97578577,97578887,97578986	-	17104	188=1D29=1D367=1D26=1I1363=1D122=1I449=1D202=1D54=1X70=1I477=1I216=1X801=1I54=1D215=1I119=1D1701=1I74=1I163=1D212=1D2136=1D398=1D108=1I62=1I229=1D75=1I47=1I315=1I32=1I150=1D30=1I120=1D242=1D350=1D428=3I6=1D521=1D488=1I176=1D217=1D186=1I1133=2D640=1D338=1I1619=1D133=	chr3	-8.44103565362109	-10.1227273079303	-10.1374788813657	-9.34970599061974	-9.03931171742953	-9.01965048051281	-10.8351513141293	150	NA	-	1	1	0.57861482689172	190984506	-	190990173	191001610	GC_58	y	chr3	201105948	190987941
m84108_240530_160720_s3/179571806/ccs	ptg000001l	134450959	134452198	134452970	1	16	GACGTTTGGATACTCCG	ATACCACAAGGGTGGTA	GACGTTTGGATACTGCG	XXXXXXXXxXXXXXOXX	2	10213	134442431,134443015,134445288,134446232,134447573,134448217,134449766,134450062,134450117,134450354,134450367,134450477,134450500,134450959,134452198,134452970,134453028	-	11172	3340=1D239=1I1415=1D1045=1I3245=1D326=1I296=1I303=1X500=1I457=	chr4	31.7700036904403	33.992106106174	34.1023448652596	34.1527119147411	33.5995383558748	30.4793269726713	28.9074643052035	169	NA	-	4	1	3.6733849420698	59118604	+	59120335	59129776	GC_64	y	chr4	193574945	59118324
m84108_240530_160720_s3/100865389/ccs	ptg000001l	126249003	126249584	126249946	9	1	TTGCACAGCA	GGATGTGAAT	GGATATGAAT	OOOOXoOoOO	2	12182	126238898,126239719,126245344,126249003,126249584,126249946,126251475,126251477,126251494,126251534	+	14439	448=12D82=1D971=1X691=1D128=1X139=1D418=1D38=1D105=1D695=1D765=1D566=2D843=1D321=1D1116=1D432=1D174=1X413=1D88=1D101=1D297=1D275=18I154=1D468=1D79=1D6=1D253=1D216=1D44=1I185=1D247=1I821=1X228=1D473=1D239=1X278=1I138=1D350=1X190=1D374=1D49=1I145=1X1=1X16=1X39=1X308=	chr4	-2.07022552683076	-1.1714600222395	-1.03975607171969	-1.15209879267621	-1.15347462798609	-1.50594337088744	-1.25889931417893	60	NA	-	3	1	0.21914324245924	67309066	-	67311685	67323505	GC_47	y	chr4	193574945	67310742
m84108_240530_140750_s2/206441889/ccs	ptg000001l	81445232	81445300	81445500	1	37	CTTTTTACGGGAAAAAAAAATGCGCTCCGGGCGTGAGA	GCCCCCCAATCGCGGGTGGGCATCACTAAAAAACCGAG	CTTTTTACGGGAAAAAAAAATACGCTCCGGGCGTGAGA	xXxxXXXXXXXXXXXXXXXXXOXXXXXXxXXXXXXxXX	2	8487	81437008,81437086,81437151,81437626,81439504,81439662,81439932,81439990,81440062,81441620,81441726,81441884,81441947,81441960,81442380,81442784,81443346,81443921,81444437,81444539,81445232,81445300,81445500,81445534,81445625,81446283,81446808,81446931,81447024,81447170,81447460,81447657,81447709,81447942,81447949,81448117,81448541,81448759	-	12564	50=1D84=1D72=1D35=1I75=1D486=1I485=1I3884=1D1498=1D1163=1I258=1D203=1I189=1X434=1D953=1I202=1I130=1D316=1D729=1D519=1D222=1I141=1I426=	chr4	8.37153177763928	11.1124695528795	11.6215785614064	10.3132646938864	9.98182691437986	10.4627281504777	10.8256079545376	72	NA	-	3	1	0.795970606868799	112108421	+	112112698	112120985	GC_25	y	chr4	193574945	112112430
m84108_240530_160720_s3/135858179/ccs	ptg000001l	44262455	44263142	44265430	1	10	CATGGCGTATT	TGCAATCCCCC	CATGGCGCATT	XXXXXXXOXXX	2	15751	44249304,44250197,44250655,44255644,44262313,44262387,44262455,44263142,44265430,44265512,44265726	-	19732	5498=1I1211=1D5490=1D3551=1X3836=1D144=	chr4	31.0376219038951	35.3007915219383	34.9198851995847	35.2862672410627	34.4124660609859	33.6925804488635	35.0637639593267	104	NA	-	2	1	0.237027562611601	149263970	+	149270239	149283702	GC_57	y	chr4	193574945	149267264
m84108_240530_140750_s2/183764424/ccs	ptg000001l	34784153	34785954	34786437	1	19	CGCATCGTGGTCGCGACAAC	AATGGTAACTCTAGACAGGT	CGCATCGTGGTCGCGACGAC	XXXXXXXXXXXXXXXXXOXX	2	13981	34773210,34773474,34773475,34774517,34776920,34778563,34778568,34778871,34779044,34779135,34779397,34779420,34780152,34781051,34782737,34783251,34784153,34785954,34786437,34786462	+	15146	6542=1D3466=7D3973=1X1164=	chr4	77.0861805992017	78.8314401918326	79.2182963959325	79.2276865615267	77.8760376728176	27.762184860527	30.8109202009491	125	NA	-	4	1	48.4167663605776	158749192	-	158750840	158764338	GC_17	y	chr4	193574945	158748556
m84108_240530_140750_s2/205063350/ccs	ptg000001l	6809526	6810101	6818617	29	1	ACGCTATGTAACGATCTCAGCGTTATTTGT	GTAACGCACCGTTGCGCTGCGACCGCCGAC	GTAACGCACCGTTGCGCTGCGGCCGCCGAC	OOOOOOOOOOOOOOOOoOOOOXOOOOOOOO	2	6867	6803874,6804075,6804105,6804316,6804488,6804626,6804889,6804890,6804993,6805012,6805185,6805935,6806459,6807294,6807988,6808052,6808108,6808539,6808659,6809239,6809526,6810101,6818617,6818631,6818831,6818938,6819868,6820213,6820425,6820760	-	18110	641=1X38=2I162=1X29=1X210=1X171=1X137=1X262=2X102=1X18=1X64=8I108=1X749=1X523=1X834=1X693=1X63=1X53=1I2=1X430=1X119=1X319=12D248=1X286=1X6412=1I224=1X24=1I2429=1X13=1X199=1X106=1X547=4D378=1X344=1X180=1D30=1X334=1X586=	chr4	151.459806141192	164.16599624709	163.544615621839	163.730395349677	160.343729906977	114.924598206309	107.311940388925	344	NA	-	2	1	49.241398040781	186730676	+	186750435	186748786	GC_24	y	chr4	193574945	186741344
m84108_240530_160720_s3/218958977/ccs	ptg000036l	3643836	3643859	3644042	1	22	CCGTGGAGTAATAATTGGAAGAA	ATCGTTGTCGGATTGCTAGGAGG	CCGTGGAGTAATAATCGGAAGAA	XXXXXXXXXXXXXXXOXXXXXXX	2	6819	3637754,3639911,3639913,3639916,3639948,3642636,3642665,3642682,3642736,3642988,3643033,3643219,3643427,3643832,3643836,3643859,3644042,3644055,3645722,3645767,3646789,3648456,3648501	-	14033	6819=1X7213=	chr5	-0.78310278716282	-0.560459188880601	-0.797418624938314	-0.844718892127178	-1.07988194777648	-1.09371142442884	-0.905318243149503	3	NA	0.34	2	1	0.344859054268902	46738716	+	46746113	46752749	GC_66	y	chr5	182045439	46745907
m84108_240530_160720_s3/124717379/ccs	ptg000005l	27219016	27220036	27220683	34	1	CCGATGTTGCGTTTTGTCGGAAACCCAAAAGGCGTC	TTTGCACCATACACGACGTCCGTGATGGGGAATACT	TTTGCACCATACACGACGTCAnTGATGGGGAATACT	ooOoOoooOOooOoOOooooXnOOoooooooOOooO	2	10689	27211321,27211488,27212611,27212904,27213054,27214528,27215582,27216071,27216142,27216512,27216889,27217321,27217755,27217881,27217978,27218231,27218272,27218465,27218849,27219016,27220036,27220534,27220683,27221573,27221755,27222042,27222087,27222557,27222915,27223815,27223937,27224735,27227196,27228139,27230329,27230330	-	22131	47=1I46=1X2=1I151=1X22=1D177=1D236=1D23=1D28=1D52=1I56=1I94=1I26=1D19=1I164=1D33=2D2=1X140=1I439=1D205=1I15=1X166=1X196=1D57=2X177=1D58=1D439=1I50=1X98=1I41=1X37=1D203=1I51=1X84=1D47=1I17=1X360=1D65=1I216=1D154=1D46=1D138=1D112=1D225=1D150=1X300=5I27=1D475=3I250=1X65=1D66=1D24=1I141=1I55=1D134=1X70=1X79=1D70=1D70=1D147=1X376=1X27=1D46=2X158=1X3=1D183=1I9=1X31=1D7=1D159=1I13=1D32=1I188=1X34=1I91=1X96=1X25=5D20=2D1X199=1X40=1X13=2X177=1X137=1D77=1D23=1I11=1I133=1X21=1D144=1X16=1D145=1I17=1I20=1I164=1I46=1I173=1X100=1D43=1D134=1D45=1D29=1D302=1I10=1X7=2D46=1I194=1D15=1D116=5D27=1X45=1D304=3D7=2X395=2D1=2X2=1X1=2X14=1D28=1I78=1X16=1D13=1D71=1I6=1D55=1I17=1X47=1X60=2X169=1I7=1X12=1I32=1X7=1D37=1D44=1D45=1X31=1D51=1I83=1D165=1X74=1I87=1I19=1D77=1D98=1X19=1D192=1I180=1D98=1D99=2D22=1D183=1D99=1X78=1X42=1X133=1D15=1D104=1D123=1I126=1D229=1I63=1X458=1I894=1D854=1D252=1X381=1I82=1D377=1D100=1X4=1I17=1I134=1D518=1I31=1D9=1D649=1D617=1I109=2I97=2X208=2D184=1I185=1I57=1D314=1I220=	chr5	6.77710152585446	6.71145107401546	7.50060061998424	6.69121648133733	6.08142912590699	-9.00312698311911	-8.10861300408455	139	NA	-	3	1	15.6092136240688	154450412	+	154462501	154472543	GC_51	y	chr5	182045439	154460834
m84108_240530_140750_s2/189008876/ccs	ptg000005l	22540009	22540464	22540531	11	1	ATCGGAGTTAGA	GCTAAGTCCCAG	GCTAAGGCCCAG	OOOOOOXOOOOO	2	7338	22533907,22537370,22537553,22538276,22538560,22540009,22540464,22540531,22540908,22542053,22542054,22549371	-	16738	780=1X3462=1X182=1X317=1I405=1X283=1X194=1D1120=1I133=1X521=1X376=1X353=1D549=1D174=1I66=2X1760=1D2087=1D2522=1D867=1I77=1X495=	chr5	45.6297121002251	55.0111549175171	55.3621920545847	55.831252090427	54.8185491184428	49.1923742029393	54.4698732296018	130	NA	-	4	1	1.3613788608252	159125710	+	159135177	159142448	GC_19	y	chr5	182045439	159134655
m84108_240530_140750_s2/52039086/ccs	ptg000005l	17821447	17821477	17824041	16	2	GCGAAAGGCATCCAAAAA	CTTGGGAATTAATTGGGC	CCGGGGAATTAATTGGGC	OXxoOOoOOOOOOOOOOO	2	3241	17821447,17821477,17821478,17824041,17825357,17825436,17825625,17826410,17826598,17826866,17827192,17828185,17829883,17830361,17830883,17831784,17832335,17833857	+	17112	143=1I46=1I137=1I118=1I52=1D479=1D72=1D176=1I490=1X806=1I374=1I295=1I14=1X369=1I23=2D164=2D63=1D154=1I672=1D282=1D32=1D826=1X311=1D155=1D847=1X78=1X188=1X493=1D290=1X187=1X199=1D67=1X325=1X168=1I632=1D191=1X292=1I1405=1X477=1X521=1X868=1D31=1X550=1X1417=1X103=1X685=1D30=1X3=1D667=1D114=	chr5	14.3890508847143	17.6404973416352	17.5576356264845	17.9232116957261	17.5088781184908	13.5240314359029	16.3852799647103	112	NA	-	4	1	1.5379317310158	163839225	-	163855660	163856337	GC_42	y	chr5	182045439	163853066
m84108_240530_140750_s2/22942824/ccs	ptg000008l	153880608	153882315	153882377	1	3	GAGTA	AGACG	GAATn	XXOXn	2	17526	153864780,153880608,153882315,153882377,153882394	-	19532	282=1D205=1D223=1X414=1I541=1D1013=1I164=1D50=3I39=1D645=1D103=1D139=1D152=1D135=1I256=1D49=1D439=1D427=1D1432=1D117=1D196=8D58=1D21=1I185=1I28=1D326=1I555=1I238=1D276=1D15=1D4=1X502=1D120=1D85=1D170=1I65=1D69=1D126=1D345=1D176=1D643=1D543=1D299=1X508=1D652=1I347=1I279=1I319=1D39=1I415=1D119=1D155=1D15=1D51=1D446=1D394=1D494=1I800=1I77=1D127=1D342=1D57=1X79=1I164=1D78=1D594=1I189=1D158=1D201=1D72=1D386=1D11=1D13=1D58=	chr6	-12.7135888547621	-16.5800300496524	-16.2473389045172	-15.8992682437653	-15.502331831026	-12.7472945760422	-15.4855995953488	210	NA	-	1	1	0.0337057212801	17625971	+	17628039	17645503	GC_32	y	chr6	172126628	17626270
m84108_240530_160720_s3/254086194/ccs	ptg000008l	123044427	123044634	123044673	56	1	TGGCGAAGTTTGCCCACATGTCCCCTGGCACCTGAGCCATCGTCACACAGCATCCGG	CCAGTGGACCCATTTGAGCAATTTTAATTTTAGAGTATGCTACGCTGTGCTCATTAA	CCAGTGGACCTATTTGAGCAATTTTAATTTTAGAGTATGCTACGCTGTGCTCATTAA	OOOOOOoOOOXOOOOOOOOOOOOOOOOOOOOOOOOOOOOOOOOOOOOOOOOOOOOOO	2	1355	123043326,123043465,123043543,123043589,123043842,123043849,123043854,123044241,123044415,123044427,123044634,123044673,123044931,123045004,123045564,123045704,123046030,123046290,123046435,123046725,123046950,123047080,123047242,123047366,123047531,123048939,123049049,123049547,123049548,123049664,123049769,123049897,123050018,123050083,123050222,123050286,123050389,123050480,123050515,123050702,123051403,123051657,123052376,123052397,123054383,123054462,123055185,123055403,123055907,123056189,123056387,123056570,123056747,123056893,123057018,123057161,123058003	-	14744	47=1X56=1I82=1X77=1X45=1X252=1X6=1X4=1X180=1D205=1X173=1X11=1X245=1X257=1X72=1X154=4D401=1X139=1X325=1X259=1X144=1X182=1D106=1X224=1X129=1X161=1X123=1X164=1X26=1I50=1I1331=1X109=1X201=1I296=2X115=1X104=1X127=1X120=1X64=1X26=1I112=1X63=1X102=1X90=1X34=1X186=1X700=1X253=1X718=1X20=1X364=4D1018=1D598=1X78=1X163=1I559=1X217=1X503=1X281=1X197=1X182=1X20=1I156=1X145=1X124=1X142=1X364=1I477=1X22=	chr6	2.89752708558885	5.08807877603987	5.2203685812634	5.00461180329951	4.91028872931134	2.82527685582777	4.62026954934322	74	NA	-	3	1	0.60009903192018	48351377	+	48364805	48366121	GC_69	y	chr6	172126628	48364559
m84108_240530_140750_s2/17109652/ccs	ptg000008l	85567872	85568254	85568998	1	20	GCGTCAAACCTCTAGAGTTAT	ATAGTGGCATATCGAGACCTG	GCGTCAGACCTCTAGAGTTAT	XXXXXXOXXXXXXXXXXXXXX	2	890	85567367,85567615,85567619,85567744,85567839,85567872,85568254,85568998,85571443,85571804,85574761,85575163,85575211,85575839,85576480,85576698,85577418,85577531,85577703,85577961,85578062	+	11488	751=1X138=1X10=1X605=1X32=1I863=1I859=1D1650=1X2210=1D4363=	chr6	16.905689056262	19.712739406307	19.5947286525173	19.633015493859	19.1769049043125	15.7207668759033	17.7454646389287	61	NA	-	2	1	1.9672747673783	86513663	-	86525005	86525151	GC_14	y	chr6	172126628	86523879
m84108_240530_140750_s2/128452221/ccs	ptg000008l	51702484	51702542	51702582	1	28	ATTGTCCAGGGTGTTCGGGACACGATAGG	TCCCCTACAAAGACCTAAAGTGGACCGAA	ATTGTCCAGGGTGTTCGAGACACGATAGG	XXXXXXXXXXXxXXXXXOXXXXXXXxXXX	2	7949	51694692,51694756,51695622,51696036,51697631,51698674,51698990,51699482,51699559,51699570,51699843,51699847,51700568,51700839,51701688,51702163,51702484,51702542,51702582,51703487,51704548,51706214,51706382,51707082,51707613,51708341,51708541,51708588,51709745	-	15612	601=1I4662=1D574=1I1157=1D953=1X17=1I3148=1D1540=1I1092=1I110=1D1752=	chr6	18.4253130816202	23.0204519322275	22.9562077393171	22.8717518328726	22.0340874072375	21.8203067694441	20.2338038033802	118	NA	-	2	1	1.2001451627834	120385723	+	120393426	120401335	GC_8	y	chr6	172126628	120393328
m84108_240530_140750_s2/41156772/ccs	ptg000013l	24044545	24044762	24044862	30	1	ACACTCAGTTATACTTCCTTTACGAAAAGCC	GAGTGTGACCGCTTACGTCCGGTAGCGCATA	GAGTGTGACCGCTTTCGTCCGGTAGCGCATA	ooOOoooOoOOooOXOOOooOOOooooooOo	2	8530	24036526,24036539,24037889,24037956,24038122,24041626,24042326,24043201,24043440,24043728,24044002,24044136,24044198,24044545,24044762,24044862,24047579,24047586,24049073,24049215,24049789,24050067,24050454,24050887,24051152,24051602,24051746,24051911,24052002,24052412,24053142	-	17371	165=1I55=1D109=1X12=1X36=1D118=1D215=1I18=1D54=1I89=1D51=1D763=1X66=1X104=1D60=1X161=1I12=1D132=1D30=1D72=1D360=1I79=1D203=1D117=1I663=1D20=1D179=1I48=1X21=1D26=1I86=1D233=1D294=1I21=1I299=1D434=1X55=3D12=1D6=1D38=2D1=1X57=1D15=1D347=12D14=1X39=1X13=1X1=1X37=1I38=1X57=1D291=1I381=1I125=2D17=1X42=1I162=2X32=1X196=1D90=1X205=1D51=1D15=1X133=1X61=1X153=1D68=1D101=1D21=1X114=1D147=1D53=1X25=1I69=1D44=1D425=1D552=1D107=1I67=1D270=1D205=1D302=1X112=1D529=1X6=1X105=1D18=1I2=1I22=1D12=1D605=1D529=1D41=1D32=1D113=1X141=1X242=1X59=3I116=1D154=1X134=1D78=1D63=1X44=1I60=1D20=1D260=1X167=1D10=1I103=1D150=1X38=1I226=1X131=1D120=1I197=1X18=1D56=1X67=1X4=1D21=1D116=1D20=1X90=1X156=1D242=1I10=1X557=2I172=1X192=1D283=	chr7	-2.09393064615351	2.04649993322732	1.74164000080502	1.85764627038581	1.55635747073947	-2.40700564136408	-5.08105571203395	124	NA	-	2	1	4.4535055745914	25049447	-	25058077	25066818	GC_41	y	chr7	160567428	25057760
m84108_240530_140750_s2/180754332/ccs	ptg000013l	51888160	51888781	51889105	45	1	ACATTGCGCCTAGCGGAGGCCATTCATATATAGCGTCCTGCGAGAC	GGGCCATTATCCAATAGATATGCGAGAGCGCGAAACTTCTTACTGA	GGGCTATTATCCAATAGATATGCGAGAGCGCGAAACTTCTTACTGA	OOOOXOoooOOOoOOOOOOoOOOOOOOOOOOoOOOooOOOOOOOOO	2	2131	51886684,51886692,51887978,51888160,51888781,51889105,51890279,51890890,51890891,51891365,51892234,51892401,51892429,51892546,51892590,51892591,51893042,51893530,51893704,51894405,51894506,51894777,51895538,51895574,51895593,51895870,51896299,51896369,51896915,51896964,51897604,51898640,51898899,51899139,51901060,51901140,51901360,51901960,51902030,51902264,51902478,51902566,51902997,51904010,51904199,51904640	+	18175	37=1X7=1X351=1I55=1D18=1I77=1D315=1I46=1D319=1D42=1D57=1X181=1X22=1D37=1I3=1I8=1D336=1I119=1D70=1D236=1D108=1X199=1I425=1D49=1I22=1D476=1X5=1D21=1D173=1I102=1D60=1D245=2X8=1I100=1D272=1I92=1X171=1D75=1I15=1D152=1I8=1I323=1D15=1D43=1D28=1I33=1X166=1X27=1X41=1D46=2D13=1I13=1X43=2X89=1D176=1D183=1X75=1I83=1D13=1D128=1I37=1I149=1X173=1X66=1D26=1D16=1D165=1D38=1D144=1D99=1I140=1X17=1I18=1I17=1D47=1X41=1D29=1I130=1D68=1X552=1I103=1D104=1X35=1X18=1X65=1D42=1I88=1D79=1X16=1D29=1D8=1X8=2D362=1X69=1X545=1X48=1X199=1D134=4I305=1X75=2D19=1D208=1D344=1I36=1D12=1D4=1D136=2I1X55=1D137=1X113=1I61=1D83=1X195=1D43=1X196=4D62=1D207=1D113=1D196=1D138=1D999=1X72=1I7=1X219=1X33=1D14=1D240=1I111=1D5=1I193=1X17=1D51=1X233=1X213=1X39=1D47=1X61=1I273=1D95=1X40=1I66=1I59=1I55=1I190=1I96=1I29=1I55=1D291=1D129=1X21=1D166=1X74=10I161=1D51=1D18=1D11=1D121=1X205=	chr7	-6.25251949173702	-19.9502756152115	-18.7509097707561	-18.8503317738356	-16.5490652721116	-13.0627325576689	-25.5514757071553	102	NA	-	1	1	6.81021306593188	52931101	+	52933556	52949276	GC_16	y	chr7	160567428	52932611
m84108_240530_140750_s2/224135981/ccs	ptg000025l	2196518	2197104	2197531	1	12	CACCTCAATTTGG	TGGTCTGGCCCAA	CACCTCAATTTAG	XXXXXXXXXXXOX	2	19641	2178152,2179690,2179878,2179882,2179927,2185384,2187054,2194319,2194878,2195360,2196518,2197104,2197531	-	20420	9888=1D421=1D3048=1D6284=1X778=	chr7	123.976664432588	129.964053645792	133.930271012773	132.558818746805	131.727270004563	69.6827849222265	89.3146953332959	395	NA	-	3	1	44.6155756794771	156766947	+	156768153	156787367	GC_31	y	chr7	160567428	156767140
m84108_240530_160720_s3/43321819/ccs	ptg000019l	90830392	90830460	90830535	1	29	CACAGAGGGTATACCTGTGGGGAGGAGGTA	GGTGCTAAACGCGTTCACAAAACCAGAACG	CACAGAGGGTATACCCGTGGGGAGGAGGTA	xXxXXxxXXxXxxXXOXxxXXxXXXXXxXX	2	10152	90820501,90821466,90821572,90821890,90823913,90825496,90825532,90825798,90825988,90827596,90827687,90828312,90829617,90830311,90830392,90830460,90830535,90832270,90832343,90832741,90833102,90833224,90833612,90833926,90834015,90834305,90835321,90835892,90835925,90837515	-	17583	48=1I297=1I414=1D206=1I463=1D125=1D252=1D713=1D92=1I299=1I146=1I83=1D162=1D354=1D141=1D161=1D49=1D821=1I4=1D186=1I146=1I260=1D281=1I73=1I339=1D245=1D42=1D212=1I122=1I156=1D380=1D68=1D643=1I250=1I682=1D296=1I243=1D644=1D9=1X28=1X380=1X350=1I307=1I718=1D55=1D608=1I70=1X7=1D408=1D25=1I466=1D212=1D186=1I87=1D12=1D58=1D20=1D76=1D134=1D43=1I44=1I45=1D53=2D300=1D350=1I89=1D307=1D264=1D417=1D98=1D412=1I317=1D432=1X68=	chr8	-11.7500592196064	-12.5278971651252	-12.3664996306719	-12.4096212700088	-12.0942714164102	-21.981142855801	-23.2748201572095	83	NA	-	1	1	10.2310836361946	53532921	+	53540427	53550504	GC_77	y	chr8	146259331	53540284
m84108_240530_140750_s2/261559890/ccs	ptg000019l	35996986	35997141	35997161	1	36	GCAACGTCGACCCGAGGAGCCATGTGTCGGATCCGGC	ATCGGCCTAGTTTAGACTCTTTCACACAACGCATACT	GCAACGTCGACCCGAGGAGCCATGTGCCGGATCCGGC	XXXXXXXXXXXXxXXXXXXXXXXXXXOXXXXXXXXXX	2	13374	35984835,35985151,35985227,35986456,35986847,35988900,35989034,35990529,35990594,35990658,35990720,35991020,35991295,35992190,35992383,35992804,35992860,35992861,35993020,35993813,35993866,35995240,35996158,35996414,35996705,35996986,35997141,35997161,35997458,35997956,35999828,36000793,36001065,36001415,36002496,36003311,36004826	-	21581	2283=1I1125=1D533=1D348=1D212=1I1411=1D233=2D211=1D763=1D414=1D143=1D32=1D1062=1D531=1I1349=1D1206=1D23=1D1456=1I35=1X598=1I2134=1D79=1D1597=1D978=1D2819=	chr8	4.32961160803872	8.45525550250819	8.04396873925628	8.27083377321144	6.98118830881485	2.71798740982145	6.00356264849223	120	NA	-	2	1	2.45169285401596	108394771	+	108402998	108416352	GC_37	y	chr8	146259331	108402823
m84108_240530_140750_s2/31200431/ccs	ptg000054l	27508003	27508725	27509149	1	15	GAAGGGGCTTAAGCGG	AGTAAAATCGGGATAT	GAAGGGGCTGAAGCGG	XXXXXXXXXOXXXXXX	2	8767	27501520,27502051,27503021,27505154,27505566,27506723,27507318,27507350,27508003,27508725,27509149,27509384,27509459,27509874,27510665,27510799	-	12727	1324=1D5062=1I2380=1X3959=	chr9	37.189472308808	41.7890929006686	41.8513071002821	42.1445140777164	40.6697000403723	37.2746740519805	36.4715230142739	99	NA	-	4	1	4.8698400257359	27511009	-	27520200	27523736	GC_39	y	chr9	150617247	27519054
m84108_240530_160720_s3/31657495/ccs	ptg000015l	8168536	8168883	8169241	40	1	CCTCGGGGTCCTGGCATGCCGACGTGGCGCGATGGCTAATT	GTCTAAACCTTCTCTCGTTAATTAGACTATAGCTAAGCCCC	GTCTAAACCTTCTGTCGTTAATTAGACTATAGCTAAGCCCC	OOOOOoOOoooOoXooooOOOOoOoOOoOoOoOOOoOOoOO	2	4447	8164488,8164653,8165043,8165290,8165761,8166346,8166508,8166654,8166943,8167860,8168143,8168469,8168536,8168883,8169241,8169343,8169551,8169962,8170533,8170686,8170881,8170894,8171097,8171168,8171400,8171489,8171560,8171841,8172188,8172239,8172301,8172352,8172462,8173016,8173025,8173051,8174275,8174363,8175472,8176621,8177679	-	13767	62=1X164=1X200=1D188=1X246=1X62=1D262=1I145=1X203=10D94=1D276=1X161=1X145=1X85=1D70=1D131=1X84=1D101=2D32=1D20=1D203=4I96=1D18=1I32=1D323=1X65=5I116=1I101=1X325=1X66=1X10=2I57=1D173=1D269=1D37=3I148=1I7=1X101=1X207=1X271=1X4=1X8=1D14=1I28=1D81=1X51=1D194=1D72=2D1X248=1X37=1D87=1I10=1D16=1X194=1X12=1X27=9I65=1I110=1X70=1X143=1I88=1X88=1X70=1X71=1D53=1D154=1X210=1I104=1D31=1X50=1I1X61=1X50=1X109=1X553=1X8=1X25=1X3=1I662=1X530=1D26=1X87=1X184=1D380=1I95=1I260=1D187=1X561=1D103=1D158=1I324=1X649=1D110=1X296=1X472=1I45=	chr9	115.553740358479	120.202708539799	120.82657347607	121.004884462396	118.146346941383	112.510097435714	116.973491838536	261	NA	-	4	1	4.03139262386	117092940	+	117102618	117106707	GC_73	y	chr9	150617247	117101913
m84108_240530_140750_s2/200803181/ccs	ptg000003l	77231076	77232678	77233476	15	1	CACGACCTTGTCTGGA	TGTCGGGGCACGCCCG	TGTGGGGGCACGCCCG	OoOXoooOOOoooOOO	2	9888	77225304,77230971,77231076,77232678,77233476,77233738,77234744,77235015,77235152,77235379,77235524,77236051,77238220,77238411,77238616,77239578	+	17785	44=1I79=1D288=1D162=1D86=1I147=1I407=1D139=1D35=1X219=1D523=1D66=1D38=2I66=1I44=1D1X159=1X803=1D272=1I31=1I156=1D68=1D95=1I29=1I194=1D925=1D180=1I656=1I88=1D669=1X1101=1I361=1D30=1X55=1I49=1X222=1X3=1I108=1D204=1I117=1I52=1D108=1I12=1I92=1D30=1D279=1D98=1I42=1X24=1I55=1I263=1D203=2D107=1D216=1D150=1I2=1X159=1D92=1I9=1X36=2D307=1I95=1D246=1D230=1D86=1X173=1D32=1D6=1D56=1X136=1X16=1D38=1D138=1D31=1X144=1X42=1X7=1D263=1I212=1X186=1X8=2D92=1D17=1I103=1I43=1I34=1D115=1I194=1D11=2X5=2D426=1D569=2X26=1D281=1X43=1X190=1X52=1D151=1X127=1D176=1D134=1D52=1D443=1X24=1X74=1D126=1D9=1D327=1D7=1I46=1I429=	chr10	56.0893741354756	63.2569712202905	62.543756017547	63.2357518096068	61.9861827655366	51.5556315760431	58.5092545868876	302	NA	-	2	1	4.7477166334029	50596766	-	50605461	50614551	GC_21	y	chr10	134758134	50603061
m84108_240530_140750_s2/111411899/ccs	ptg000010l	108913117	108913717	108914171	23	1	TTTTTAATGGGCTGTGTATTTAGG	CCCCCGCCCCTTCCGCCGCGCGAA	CCCCCGCCCCTTCCGCCGCGTGAA	OOOOOoOOOOOoooOOOoooXOOO	2	18382	108902796,108906219,108907157,108907656,108907755,108907849,108907884,108908326,108908414,108908433,108908549,108909427,108909642,108909862,108910209,108910659,108910683,108911013,108911520,108913117,108913717,108914171,108914285,108914611	+	23343	397=1I611=1I26=1D281=1I363=1I4=1I507=1D538=2D238=1I186=1I718=1I1150=1D168=2D34=1I87=1I143=2I214=1I757=1D395=1I215=1D156=2D145=1D91=1X101=1D62=1I198=1I321=1I61=1I291=1I330=1I158=1D63=1I22=1D152=1D194=1I9=1D197=1X305=1I932=4D16=1X203=8I51=14I114=1I74=4D332=1X3=2I155=1X116=1I122=1I51=3X206=1X98=1X93=1X34=1X19=1D421=1X87=1X18=1X115=1X216=1I108=1D552=1X116=1I98=1X9=1D6=1D10=1D85=1X105=1X95=1I251=1X390=1I59=1X23=1X300=1I23=1D5=1X1=1X468=2D34=1X7=2X11=1D92=1I23=1D82=1I87=1I115=1I290=1D204=1D219=1I84=1I369=1I7=1X224=1D132=1I576=1D119=1X113=1X72=1I89=1X3=1X9=8I150=1X1178=1I13=1I170=1D9=1X276=1I490=1D485=1D124=1D102=1I665=1I41=1I173=1D91=1D234=	chr11	13.5970299211188	15.6389523210876	14.9304043361175	16.0314979182033	14.5821487865823	5.64225591996138	5.52941832932742	148	NA	-	4	1	10.3892419982419	25779064	-	25784479	25802407	GC_4	y	chr11	135127769	25783425
m84108_240530_160720_s3/35915256/ccs	ptg000010l	55061674	55061893	55062774	24	1	ACCCTAATTAGAGAAAATGCATCGT	GAGGCGCCCGTGATCCGCAATCAAA	GAGGCGCCCATGATCCGCAATCAAA	OooOOOoOOXoOOOOooOOoOOoOO	2	7444	55054502,55055263,55055388,55056924,55060021,55060780,55061401,55061420,55061674,55061893,55062774,55062910,55063576,55063594,55063667,55064607,55064801,55065444,55066488,55067060,55067176,55067689,55068042,55069317,55072165	+	18560	9=1I20=1X19=1D64=1I85=1D81=1I30=1I161=1D139=1I51=1I127=1X124=1X32=1I84=1I126=1I198=1I23=1I228=1D82=1D5=1D12=2I99=1I153=1D228=1I39=1D62=1I71=1I88=1X162=1I70=1I460=1D90=1I175=1I40=1D324=1I185=1I66=1I14=1I7=1D315=1D204=1I366=1I302=1I32=1X43=1X1=1X233=1X24=1I106=1D7=1I41=1I28=1I50=1D90=2I371=1I39=1X259=1I64=1D96=1I140=1D22=1D30=1D5=1X18=1X49=1I91=1D9=1I27=1I76=1X33=1I27=1I7=1X21=1X9=1D28=1I23=1I80=2I4=1X25=1I11=1I74=1D110=1I28=1X3=2I34=1I73=1I23=1I238=1I51=1D190=1X49=1D85=1X138=1I283=1I244=1X17=1X29=1I43=1X73=1I86=1I36=1I53=1I40=1D195=1D45=1D229=1D31=1D146=1X80=1I37=1I76=1X56=2D319=1I165=1D99=1X58=1D276=1I41=1I104=1D115=1D364=1D81=1X114=1I174=1I11=1I53=6D162=1D50=1X67=1D47=1X78=1I196=1D237=1X29=1I83=1D34=1I199=1I6=1X90=1I501=1I306=1D308=1D22=1I45=1X17=1I18=2I37=1D313=1I81=1I593=1I146=1I682=1I63=1D9=1D331=1I45=1D114=1I47=1D94=1I252=1X241=1I283=1D241=1D65=	chr11	-14.9802871297829	-16.8489980267712	-17.0225969087471	-16.8176924975069	-15.932893168629	-16.3314118411542	-16.7709096791652	118	NA	-	1	1	1.3511247113713	79979549	-	79991546	79998109	GC_74	y	chr11	135127769	79990446
m84108_240530_160720_s3/126094385/ccs	ptg000024l	19400223	19400712	19400773	1	11	AACAGTGGTCTA	TTAGTCATCTGG	AACAGTGGTTTA	XXXXXXXXXOXX	2	11332	19390158,19392055,19392472,19392798,19393017,19393316,19393961,19400048,19400223,19400712,19400773,19400892	-	13978	6016=1D5316=1X1677=1D968=	chr12	32.3301794485381	36.5545007589482	36.7057480921336	36.8559964176044	36.4237532109157	33.6871579528578	36.0647881602253	83	NA	-	4	1	0.791208257379104	16637309	+	16640016	16651287	GC_52	y	chr12	133324548	16639466
m84108_240530_160720_s3/45027781/ccs	ptg000012l	44839742	44840652	44840797	1	11	AAGCGCGCTATC	GGTTAGATCGCT	AAGCGCGCCATC	XXXXXXXXOXXX	2	5279	44835660,44836558,44836900,44837090,44838663,44838856,44839238,44839742,44840652,44840797,44840798,44841279	+	13862	3940=2I718=1D619=1X4144=6I59=1I4372=	chr12	32.4187011111227	36.4223843316221	36.3677117766422	36.1532526708544	35.2182897392986	15.1143583875092	18.6439882088952	80	NA	-	2	1	17.7783961227269	80527396	+	80532820	80541258	GC_78	y	chr12	133324548	80531765
m84108_240530_140750_s2/93719885/ccs	ptg000016l	45863156	45863281	45863351	1	13	CAGTAGCATAGGCG	TGACGATCCGTATA	CAGTAGCATAGACG	XXXXXXXXXXXOXX	2	14398	45853528,45859782,45860304,45861063,45861227,45861829,45862267,45862397,45862524,45862616,45863156,45863281,45863351,45863615	-	15296	2462=5D8784=1I2058=1I1092=1X897=	chr13	22.9048683701236	27.8584064499998	27.3555268788988	26.5575425263971	26.3502829362608	22.1136470526069	23.9412322478258	98	NA	-	2	1	3.917174202174	102219523	-	102233991	102234819	GC_45	y	chr13	113566686	102233796
m84108_240530_160720_s3/153682075/ccs	ptg000052l	7288318	7288370	7288393	1	18	CAAGCGGTAATAGCGAGAA	TGGTATTCGGCGCGAGAGG	CAAGCTGTAATAGCGAGAA	XXXXXOXXXXXXXXXXXXX	2	4058	7284677,7287185,7287197,7288314,7288318,7288370,7288393,7288403,7288454,7288477,7288500,7289722,7291437,7291451,7293978,7294364,7295889,7296972,7298466	+	16176	338=1D372=1D3338=1D10=1X879=1D2352=1D1815=1D5286=1D805=1D336=1D644=	chr16	50.413320102788	57.5798439797009	56.2587359705706	58.1067109956773	55.5474338762711	56.5518165396844	46.2089507142804	193	NA	-	4	1	1.55489445599289	23680259	+	23684340	23696435	GC_59	y	chr16	96330374	23684265
m84108_240530_140750_s2/218566525/ccs	ptg000031l	6989301	6991912	6995160	5	16	GACCTAAGCAACCGAACTCGT	AGTTCGGAAGGTTTGGTATCA	GGTTCGAGCAACCGAACTCGT	XoOOoOXXXXXXXxXxXXXXX	2	3943	6989301,6991912,6992223,6992616,6993187,6993549,6995160,6995273,6996503,6996733,6998333,6999145,6999486,7001042,7001159,7001296,7001637,7001650,7001766,7003124,7003893	-	16150	428=1I1133=1D728=1D135=1I820=1D697=1X310=1X77=1D314=1X570=1X361=1X1081=1I244=1I1730=1I350=1I3868=1I3292=	chr16	2.04886694470142	2.62163419933212	3.28569642255506	2.91624632606874	2.60497767858884	-4.4619740118006	-2.96193739618457	97	NA	-	3	1	6.24763381873963	68569210	-	68576401	68585360	GC_28	y	chr16	96330374	68570542
m84108_240530_140750_s2/152698971/ccs	ptg000031l	18281414	18282931	18283050	1	15	AATTACAAGTGGGTCG	GGACGTCCACCAACTT	AATTACAAGTGGGCCG	XXXXXxXXXXXXXOXX	2	19751	18264700,18265736,18268607,18269381,18270818,18271705,18272839,18273038,18276484,18277177,18279582,18280967,18281414,18282931,18283050,18283208	-	20992	3342=1I144=1I1730=1D584=1I2608=1I1108=1I1=1X1=1X5351=1I730=1I2668=2I1473=1X966=1I273=	chr16	26.5302990176063	32.6187963044207	32.1088135501018	32.062185417263	31.3649538470625	13.8996371703965	21.5809256259259	163	NA	-	2	1	11.0378706784948	79851909	-	79871779	79872901	GC_11	y	chr16	96330374	79870143
m84108_240530_160720_s3/169675555/ccs	ptg000011l	42870307	42870366	42871163	1	8	GTAGGAGGG	ACCAAGAAT	GCAGGAGGG	XOXXXXXXX	2	1900	42870307,42870366,42871163,42872398,42873712,42874388,42874576,42875136,42877937	+	16550	1900=1X2296=1I246=1D18=1X4=1I2387=1D325=1D7859=1D1511=	chr17	160.510015539875	174.783901108624	174.649799285215	173.19150019133	172.480844456458	172.130058540569	173.489825430443	258	NA	-	2	1	1.294075678181	69203353	+	69206050	69219903	GC_63	y	chr17	84276897	69205194
m84108_240530_160720_s3/101059291/ccs	ptg000048l	332979	333982	334796	3	1	AGTG	GACC	GATC	OOXO	2	3086	331768,332979,333982,334796	-	13942	872=1X1210=1X1816=1X75=1D4446=2I5518=	chr18	57.0314092540049	59.3256846644357	59.1419885074063	59.0696808175501	58.7180631236506	55.2402689043766	56.4999323762344	153	NA	-	2	1	2.8257522882013	485744	-	489644	499686	GC_48	y	chr18	80542538	487827
m84108_240530_140750_s2/247465251/ccs	ptg000048l	10346100	10346129	10346163	1	29	ATAACTCCGGGACAACATGGCCTTAATATC	GAGGTCTATAACTGGTGCAATTGCGGGGCA	ATAACTCCTGGACAACATGGCCTTAATATC	XXXXXXXXOXXXXXXXXXXXXXXXXXXXXX	2	3254	10343686,10343756,10343863,10344829,10345472,10345593,10345658,10346100,10346129,10346163,10346233,10346394,10346406,10346434,10346435,10346467,10346493,10347471,10347686,10348205,10349412,10350302,10350327,10350400,10350918,10351063,10351117,10351611,10352298,10354781	-	12227	3254=1X723=1D593=1I521=1D767=1D3201=1I293=1I2252=1D619=	chr18	-1.54501539541814	1.93536665406649	1.75784340053874	1.8743254667381	0.669854329014675	-1.80152323172091	-0.237061775308407	177	NA	-	2	1	2.1724284293749	10494544	-	10497832	10506771	GC_33	y	chr18	80542538	10497769
m84108_240530_140750_s2/74908931/ccs	ptg000028l	18593037	18593234	18594359	1	26	CTGGCACCGCTGTGGGATGCCTAGAGG	TAAATGTGATCCCAAAGCTTTCGAGCC	CTGGCACCGCTCTGGGATGCCTAGAGG	XXXXXXXXXXXOXXXXXXXXXXXXXXX	2	5725	18589087,18589949,18590036,18590068,18590204,18590435,18590553,18590649,18590709,18592085,18593037,18593234,18594359,18594549,18595009,18595060,18595188,18595801,18596129,18596141,18597068,18597457,18598330,18598653,18598896,18598897,18598922	-	13193	3481=1D2244=1X4606=1D2813=9D48=	chr18	63.6813679696914	73.649866927106	73.8689081851512	73.625060511373	72.0208099681289	62.1514340634448	56.4765156008477	203	NA	-	3	1	11.7174741217064	37510590	-	37517440	37523783	GC_44	y	chr18	80542538	37516118
m84108_240530_140750_s2/39322412/ccs	ptg000023l	30592289	30593493	30593569	26	1	CTTGAGAATAACAGTCAGCGTTCATTC	TCCACCGCCCGTGACAGCACGGACACT	TCCACCGCCCGTGATAGCACGGACACT	OOOOOOOOOOOOoOXOOOoOOOOOOOO	2	8254	30585681,30585994,30586154,30586756,30587897,30588604,30588607,30589316,30590891,30591443,30591631,30591748,30592084,30592289,30593493,30593569,30594280,30594430,30594438,30594491,30594713,30595465,30595868,30596311,30596391,30597491,30599259	-	14868	163=1I270=1X312=1X159=1X286=1I174=1I141=1X1140=1X129=1I577=1X2=1X404=1D303=1X148=1I367=1I71=1D469=1I395=1I123=1X551=1X50=1I137=1X116=1X335=1I1X204=1X949=1I330=1X163=1I451=1I96=1X149=1X7=1X52=1X49=1I172=1X234=1I517=1X402=1X97=1I345=1X79=1X52=1I253=2X425=2D140=1I212=1I13=1X339=1X2=20I1335=1I75=1I15=1X676=1I142=	chr18	54.859063724356	58.1315482941744	57.8664469952629	58.9680389867735	55.8224792316511	55.8092288662721	56.8914572619648	102	NA	-	4	1	2.0765817248087	49966825	+	49973515	49981693	GC_40	y	chr18	80542538	49972235
m84108_240530_140750_s2/127010910/ccs	ptg000023l	2214615	2215312	2217764	1	17	TTTCCACAAGGATAAATC	AAGGTGTGGCCGGGCGGT	TTTCCACAGGGATAAATC	XXXXXXXXOXxXXXXxXX	2	9212	2206680,2212129,2212470,2213360,2213425,2214064,2214217,2214615,2215312,2217764,2217992,2218032,2218051,2218072,2218356,2218420,2218605,2218610	-	14269	84=1I458=1I20=1D335=1I365=1I204=1I1219=1I211=1D147=1D176=1I1287=1I553=2X57=1D228=1D876=1I309=1I33=1I607=1I395=1D162=1I42=1I1159=1D181=1D88=1X198=1I36=1D212=1D7=1I106=1I461=1D67=2D17=1I109=1I63=1D568=1D198=1I36=1D496=1D339=1I187=1I768=1I61=1I85=1I25=1I166=1I258=1D312=1I267=	chr18	20.9960855072552	3.91125881160913	3.82289110933454	7.99589007106742	18.119589807612	-41.4443310212623	-58.0623041535019	272	NA	-	1	1	62.4404165285175	78310405	+	78317914	78324674	GC_7	y	chr18	80542538	78314765
m84108_240530_160720_s3/64099517/ccs	ptg000042l	357996	358558	360841	1	19	ACAGTTAAGTTGGAAATATC	GTGACCGGCCCCAGGGCGCT	ACAGCTAAGTTGGAAATATC	XxXXOXXXXxXXXXXXXXXX	2	3934	356530,356715,356980,357996,358558,360841,362859,363568,363788,363951,364367,365927,366156,367347,367668,367746,368835,369424,369808,369960	-	15657	1301=1D2633=1X1184=1I2986=1D2661=1D645=1D379=1D1389=1D2477=	chr19	253.88718921321	263.922307497058	263.120272531241	264.502444904085	261.064849013688	245.434157176465	229.038227386077	498	NA	-	4	1	19.06828772762	2704621	-	2710838	2720278	GC_80	y	chr19	61707364	2707993
m84108_240530_160720_s3/108791581/ccs	ptg000144l	4915942	4916374	4917897	2	4	ACTGTG	GTCACC	ATCGTG	XOOXXX	2	1889	4915942,4916374,4916427,4917897,4920780,4926842	-	14448	899=1D990=1X52=1X1831=4I3295=1D2659=1D2035=1D84=1D2248=1D349=	chr19	258.202390982307	268.980465885947	269.376867770447	265.719194749712	269.814543825959	223.973303547574	242.292424282274	357	NA	-	5	1	27.522119543685	52539386	+	52553468	52553834	GC_49	y	chr19	61707364	52551513
m84108_240530_160720_s3/259657134/ccs	ptg000021l	25249715	25249817	25249988	1	6	AGTGTCC	GCCACTG	AGTGTTC	XXXXXOX	2	2716	25247499,25249687,25249705,25249706,25249715,25249817,25249988	+	10679	2311=1D405=1X75=1D515=2D320=1D2659=1D1310=1D834=1I1288=1I602=1D118=1D239=	chr20	44.7076537662969	49.655721410522	48.94405833971	48.2046159704587	47.2319842289165	48.155126301942	46.9005667266097	153	NA	-	2	1	1.50059510858	541716	-	549850	552395	GC_70	y	chr20	66210255	549577
m84108_240530_160720_s3/130354366/ccs	ptg000014l	12497723	12498535	12499893	21	1	CCTCGTACGTTAACTCTGCGCC	TTATAAGTTGAGGACTCATTTT	TTATAAGTTGAGGACTCATGTT	OOOOOOOOOOOOOOOOOOOXOO	2	11863	12490671,12491898,12493357,12493746,12494515,12494695,12494922,12495412,12495495,12495900,12495906,12496130,12497386,12497461,12497522,12497574,12497578,12497652,12497723,12498535,12499893,12501970	-	17508	160=1D3844=1X42=1I1184=1X450=1D371=3D633=1X388=1X333=1D263=1D170=1X179=1X226=1X489=1X82=1X152=1D251=1X5=1X223=1X1159=1I96=1X74=1X60=1X51=1X3=1X73=1X70=1X2169=1X1061=1X1014=1X2209=	chr21	38.0682576707309	44.0953564636193	43.7293512370288	43.274461207598	42.9334268079503	31.7466875997126	34.9116805004811	141	NA	-	2	1	9.1836759631382	20305964	-	20319185	20323472	GC_53	y	chr21	45090682	20317015
m84108_240530_140750_s2/117899739/ccs	ptg000056l	5503095	5503985	5505322	1	21	GCGTCCGCTTAGGCGTAGTTTA	ATACTGCGCGGAATACGAGACG	GCGTCCGCTTAGGCGTAGTTCA	XXXXXXXXXXXXXXXXXXXXOX	2	11972	5493293,5493502,5493978,5494809,5495727,5496507,5496707,5497012,5497083,5497552,5497692,5498949,5499474,5499854,5500748,5501033,5502347,5502597,5502878,5503095,5503985,5505322	+	14197	18=1D4750=2D1X7203=1X711=1D1413=1D100=	chr22	139.15324315125	147.957491187619	149.295866480198	151.461926524161	145.48265734727	93.6022408452582	99.6400648923186	229	NA	-	4	1	51.8218616318424	33066007	-	33069569	33080204	GC_6	y	chr22	51324926	33067342
m84108_240530_140750_s2/52167217/ccs	ptg000041l	10060859	10061444	10062206	1	46	ACGCTCAGAGCGTAGCTTTTACTTCTGAACCCTAGTCTATCACATTG	CGATGTGAGATACGCTCACGCGCCTCAGGTATCCACGCGATGTGAGA	ACGCTCAGAGCGTAGCTTTTACTTCTGAACCCTAGCCTATCACATTG	XXXXXXXXXXXXXXXXXXXXXXXXXXXXXXXXXXXOXXXXXXXXXXX	2	17044	10046951,10048021,10048028,10048933,10049604,10049769,10050038,10050050,10050462,10050636,10050705,10051026,10051317,10051680,10052408,10052962,10053057,10053171,10053583,10054077,10054556,10054788,10055822,10055914,10056459,10057224,10057358,10057523,10057758,10057868,10058534,10058776,10059309,10060634,10060859,10061444,10062206,10063677,10063784,10064080,10064100,10064237,10064411,10064448,10064712,10064912,10064929	+	20779	1230=1I39=1X1=1I508=1I380=1D3174=1D276=1D1490=1D3390=1D611=1I831=1I2755=1D2353=1X2093=1D603=1D1038=	chr22	77.6417192568145	93.0601708402299	91.9762178502279	93.3638157449572	90.4956446042711	57.7357936738275	83.1921654076912	353	NA	-	4	1	10.171650337266	48629110	+	48646916	48649889	GC_43	y	chr22	51324926	48645569
