read_name	contig	previous_snp	jump_snp	next_snp	count_haplotype_one	count_haplotype_two	ref_bases	alt_bases	read_bases	haplotype_string	number_of_jumps	jump_snp_pos_in_read	snp_pos_in_read	strand	read_length	cigar_string	chr	Sperm_PrimarySpermatocytes_Reads.methyC.UmethyC	Sperm_UndiffSpermatogonia_Reads.methyC.UmethyC	Sperm_DiffSpermatogonia_Reads.methyC.UmethyC	Sperm_spermatids_Reads.methyC.UmethyC	Sperm_Mature_Reads.methyC.UmethyC	blood_cpg_data	neuron_cpg_data	CpGs_onRead	badCpGs_onRead	refCpGOvl_perc	max_ind	germ_basedOnMaxLLInd	LL_maxGerm_minus_maxNonGerm	chromosome_start	ref_strand	right_jump_snp_ref	chromosome_end	complex_event	Approved	chromosome	chromosome_length	first_snp_ref	last_snp_ref
m84108_230629_131102_s1/23334569/ccs	ptg000007l	11622494	11623396	11623984	4	7	GTCGGCATGGG	CATAATGAAAA	GTCGGCGTAAA	xXXxxxOXOOO	3	6422	11619073,11619089,11620394,11620652,11622082,11622494,11623396,11623984,11625862,11626329,11626479	-	10344	2095=1I1580=1I1430=1I1314=1X2066=1D398=1X429=1D36=1X149=1X840=	chr1	23.249815226501	23.1180484705182	24.090716089354	24.0631264850865	24.6976425192764	21.0583722472611	23.1592547169519	53	NA	-	5	1	1.5383878023245	13660007	-	13666429	13670351	complex_7	y	chr1	248387328	13662106	13669512
m64101e_230121_063244/5833782/ccs	ptg000007l	16441915	16443089	16445083	12	6	CTCTAGACTAAACCACGA	GCTCGTCTCGCGTTTTCG	CTCCGGACCGCGTTTTCG	XXXOOXxXOOoOOOOOOO	3	3950	16439369,16441207,16441915,16443089,16444508,16445083,16445664,16445982,16446278,16446748,16447930,16448020,16448269,16448392,16449367,16449587,16449730,16450657	+	12960	33=1D136=1D108=1I307=1D68=1D465=1D33=4I521=1D143=1D89=1D321=1I1144=1D99=1D85=1D160=1D232=1X1240=1D61=4I116=1X489=1D660=1D126=1D104=1D386=1X124=1D29=1D314=1X197=1I397=1I60=1D326=1I129=1D61=1D8=1X89=1X39=1D56=1D151=1X122=1X468=1D78=2D3=1X5=3D376=1I37=1X219=1X142=1X96=1D118=1D444=1D265=1X63=1I360=1I340=1D645=1I43=	chr1	79.7401983631726	92.5878239420926	92.4312061624643	92.1545029112008	89.6484673439196	60.423950325121	64.7575942898651	190	NA	-	2	1	27.8302296522275	18097510	+	18101460	18110470	complex_8	y	chr1	248387328	18097740	18109028
m64101e_230113_212825/56756542/ccs	ptg000008l	43588502	43589754	43589762	17	7	AGTCAACCAAAACAGTGATGAACGT	GCATTGTTGGGTGTAGTGACGGTAA	GGATTACCGAGTGTGGnGACGGTGA	OXOOOXXxOXOOOOXonOOOOOoxo	8	1475	43588502,43589754,43589762,43590233,43590269,43590368,43590469,43591022,43592921,43593130,43593575,43594924,43595234,43595316,43595906,43596100,43596246,43596848,43596899,43597385,43597947,43598641,43598729,43599443,43600694	-	15053	231=1X495=1X534=8D221=1X81=1X28=1X359=1X13=1I22=1X753=1X688=1X153=1D530=1D523=1X653=1X1348=1X309=1X81=1X140=1X530=1X111=1X128=38D581=1X50=1X485=1X99=1I187=1X274=1X114=1I179=2D398=1X87=2X796=11I15=1I991=1X158=4X220=1X727=1X1714=	chr2	61.0294286025384	67.3549279186972	67.0216715587841	64.6038198125491	65.1804748299429	64.5532758476101	66.5864850251017	112	NA	-	2	1	0.768442893595505	43721531	-	43723006	43736584	complex_12	y	chr2	242696752	43721754	43733946
m64101e_230113_212825/105185412/ccs	ptg000030l	14751426	14752314	14753440	5	9	GGGTCGTCTCTATGCC	ATACTAGACTCGCAGT	AGAnTGTATCTAnGCT	OXOnOXXoxxxXnxxO	4	1899	14751426,14752314,14753440,14753846,14755311,14756729,14758490,14758511,14759210,14760359,14760521,14760822,14761717,14762740,14762848,14763100	-	12882	1011=1X2013=1X406=1I1464=1X890=1I306=1D2002=1X350=1I347=1I1149=1D694=1I665=1I690=1I332=1I360=1X190=	chr2	26.6447924330877	25.1779772813986	24.2995078433113	24.2742927648421	24.8067587308616	24.0425629641253	22.3721845608837	71	NA	-	1	1	2.6022294689624	145756969	-	145758868	145769851	complex_44	y	chr2	242696752	145757980	145769654
m84108_230629_134123_s2/251335318/ccs	ptg000030l	30512770	30513293	30514535	10	14	ATCCTCATAAGTACTCATCTTGAGCTT	GATTATTCGGTCGTGTGCTGCACATCA	AATnTCACAAnTGTGTACCnCAAGCTT	XoonxxXoxxnxooOoxOXnOoxXXXX	4	1330	30512770,30513293,30513981,30514229,30514535,30514632,30514738,30514753,30515100,30515276,30515388,30515930,30516322,30516469,30516509,30518195,30518251,30518300,30518681,30518927,30519283,30520838,30521692,30523760,30526364,30526545,30526598	-	15143	1330=1X687=1X248=1I401=1I122=1X125=2D5=1X389=1I113=1I248=1D684=1X146=1X39=1X1685=1X55=1I49=1X627=1I355=1X843=2I711=1X576=1D1523=1D2893=1D1270=	chr2	17.6489779848194	21.3662678175479	21.2127709758877	20.2174269306747	20.1128598163767	20.5945065554255	18.7121171286752	88	NA	-	2	1	0.7717612621224	161512301	-	161513631	161527444	complex_45	y	chr2	242696752	161513108	161526936
m64101e_230121_063244/18416859/ccs	ptg000030l	69740639	69741018	69742675	5	2	CAGAAGG	TGATGAA	CGATAAA	XOOOXOO	3	441	69740639,69741018,69741932,69742036,69742675,69745544,69746030	+	5629	441=1X196=1D716=1X103=1X322=1X1617=1X536=2D267=1X760=1X290=3I195=1X175=	chr2	23.8603770959888	26.3902575139386	26.0526642415496	26.1349756455137	25.5444408469242	23.8006038421219	25.3660230640701	28	NA	-	2	1	1.0242344498685	200748625	+	200749066	200754254	complex_47	y	chr2	242696752	200748687	200754078
m84108_230629_134123_s2/224527701/ccs	ptg000020l	73478412	73480910	73481106	5	7	AGTTATATTCCGT	CACCGAGCGTTAC	AATCnTATGTCAT	xoXonXxXoOXOX	4	5259	73478412,73480910,73481106,73482790,73483170,73483403,73483715,73483748,73484019,73484221,73484489,73485833,73487991	-	13561	61=1I415=1I82=1D853=1I308=1I2518=1I379=1D638=1X6=1I331=1I733=1I809=1X263=1I117=1I544=1I304=1X201=1X461=1I74=1I215=1I861=1X243=1I1177=1I756=2I370=1I775=1I42=	chr4	9.08941768848906	11.204881992074	11.1260838911851	10.6881439149517	11.0868568474082	8.96180921209728	10.4661025802608	58	NA	-	2	1	0.7387794118132	96551906	+	96560208	96565467	complex_33	y	chr4	193574945	96557710	96567289
m64101e_230121_063244/144638269/ccs	ptg000035l	10254806	10257631	10258892	7	5	CCCGTCTGTGCT	AGTACTCCCATC	AGTGCCTGCGTC	OOOXOXXXOXOO	6	5155	10254120,10254535,10254806,10257631,10258892,10260272,10260710,10261116,10262051,10262075,10263305,10264270	+	12584	79=4I195=1D134=1D327=1D180=1D732=1X387=1X1=1X2=1X6=1X14=1X270=1X491=6D1305=1X109=1D1703=1D468=1X1447=1D599=1D482=1D95=1D531=1X35=1I1218=1X14=1D949=1X381=1X177=1X38=1X195=	chr5	76.0622062822882	83.9565950010908	83.9333247631423	82.5628812220616	80.4026365041115	80.5965216708377	81.6250460795188	117	NA	-	2	1	2.33154892157201	10145983	+	10151138	10158567	complex_50	y	chr5	182045439	10147627	10157777
m84108_230629_131102_s1/235932718/ccs	ptg000021l	53607352	53609891	53610790	10	8	TAGACCTGATAGTAATTC	GGTGTGCCGCTTCCGGCT	TGGATCTCGTTTCCGTTT	XoXXoxxOOXooOooXxo	4	2891	53607352,53609891,53610790,53611459,53611507,53611539,53613643,53615362,53615495,53615598,53616428,53616453,53617010,53617568,53617606,53618058,53618406,53618800	+	12233	1637=1I1253=1X675=1I187=1X752=1X3854=1X132=1X165=1D766=1X24=1X556=1X557=1X37=1X26=1D591=1D180=1I371=1I23=1X432=	chr5	126.384926274763	126.89905291689	127.032334934865	127.464339177666	126.45860349737	65.2555154857313	73.5346078861322	121	NA	-	4	1	53.9297312915338	128077599	-	128086941	128089832	complex_36	y	chr5	182045439	128084402	128095850
m84108_230629_131102_s1/68031911/ccs	ptg000021l	34092983	34096396	34096903	5	4	TCCTTTTGT	CTACGCAAG	CTCCGTTGG	OOXoOXxXO	4	7196	34091173,34092983,34096396,34096903,34097053,34097954,34098627,34098983,34099032	-	9885	1972=1X1809=1X828=1I3091=1X149=1X1774=1D203=1X53=	chr5	12.6829042493306	15.6570454966654	15.9813260774813	15.458029215668	15.4017281778181	12.2474565991016	14.7948726327941	52	NA	-	3	1	1.1864534446872	147571627	+	147574316	147581512	complex_35	y	chr5	182045439	147569093	147576952
m64101e_230122_155750/19464446/ccs	ptg000027l	42197568	42197995	42198059	9	4	GCACTGTGTTTTT	AAGTGCCACCCAC	AAGCGGCGCCCTC	OOOXOXOXOOOXO	8	1323	42197115,42197423,42197568,42197995,42198059,42198737,42198834,42199916,42200998,42201288,42201833,42202315,42202394	-	6948	246=1X196=1X307=1X83=1X60=1X490=1X774=1X727=1X1084=1X350=1X289=1X510=4I34=1X560=1X1221=	chr6	97.681506449367	103.305052609107	102.1419076032	102.553040061917	101.222063838318	97.5317283753067	101.655632564483	70	NA	-	2	1	1.64942004462399	41935129	-	41936452	41942077	complex_42	y	chr6	172126628	41935572	41940851
m84108_230629_134123_s2/183501208/ccs	ptg000014l	78480016	78480487	78480493	3	11	CGAGGAGATACGAT	TAGCATTGCGTATG	CGACGATATATGAT	XXXOXXOXXxOXXX	6	6330	78479893,78479909,78480016,78480487,78480493,78480772,78480857,78480880,78481046,78481252,78482944,78483243,78483397,78483427	+	12079	461=1X415=1I258=1X373=1I45=1X2536=1I1904=1D332=1X369=1X966=1I1120=1X1104=1D511=1X88=1X718=1I225=1I219=1X420=	chr6	8.63367829827031	7.73206654321213	7.57759074323592	7.66448571995389	8.42290407881647	5.93529616218314	8.11182235632144	61	NA	-	1	1	0.52185594194887	93584862	-	93590611	93596941	complex_26	y	chr6	172126628	93590017	93593551
m64101e_230113_212825/66388400/ccs	ptg000014l	57610217	57612080	57612751	2	8	CACGCAACTT	TGTATCGTCC	CGCGCAACTC	XOXXXXXXXO	3	1896	57610217,57612080,57612751,57613434,57613502,57613835,57613876,57614146,57615027,57615527	-	7002	1788=1X107=1X2401=1I1045=1X1657=	chr6	33.4451348552074	36.2846708258981	36.6595773191255	36.8128521899559	36.0121646022396	32.891654413993	34.18408520299	32	NA	-	4	1	2.6287669869659	114474965	+	114480071	114481967	complex_23	y	chr6	172126628	114478208	114483518
m64101e_230118_115524/140577076/ccs	ptg000014l	22387785	22388409	22388651	6	6	CGACGAGGCCCA	TACGACAATTTG	TGCGGCGGCCTG	OXOOXOXXXXOO	6	944	22387785,22388409,22388651,22388820,22389497,22389940,22389984,22390551,22390607,22390918,22391189,22391985	+	6622	94=1X226=1X351=1X99=1D413=1X168=1X1119=1X389=3D318=1X537=1X309=1X485=1X340=1X1763=	chr6	40.8125536549001	16.3547853566356	14.066035638511	14.1004989776478	17.6655274226645	35.3841199725348	29.6907319509593	66	NA	-	1	1	5.4284336823653	149692778	-	149698456	149699400	complex_21	y	chr6	172126628	149697832	149702032
m64101e_230121_063244/11405402/ccs	ptg000013l	69199893	69200420	69202171	4	5	TTGATCCCA	CAAGGATTG	TAAGTCCCG	XOOOXXXXO	3	840	69199893,69200420,69200935,69201353,69202171,69202172,69203394,69203756,69203806	-	5759	840=1X514=1X100=4I317=1X2452=1X1528=	chr7	8.44088280308017	5.54300719342862	5.31427604973362	5.35100675976151	5.3925362492765	8.02060675909179	6.04280642297817	37	NA	-	1	1	0.42027604398838	91874906	+	91879825	91880665	complex_19	y	chr7	160567428	91879298	91883211
m64101e_230113_212825/38929975/ccs	ptg000036l	8343607	8343673	8344546	2	11	TGTCTGTTTTCTA	CTCTCACCCCGGC	CGCCTGTTTTCTA	OXOXXXXXXXXXX	3	2409	8343607,8343673,8344546,8344630,8344780,8345295,8345331,8345338,8345440,8345594,8346218,8346230,8346995	-	5947	518=1X341=1X4=1X37=1D5=4D2=1D22=1X59=1X9=1X15=1I17=1X20=1D9=1X3=1X5=1I9=1X15=1X7=1X31=1X11=1X1=1X4=1X8=1X122=1X88=1I5=1X192=3D1X168=1X40=1D552=1X111=1D40=1I16=1I103=1I183=1I88=1I2=2I17=2I2=1X36=1I134=1I25=1I69=1I21=1X8=1I3=1I77=1X2650=	chr9	69.5374423252278	69.0267482803031	70.4074655583703	68.8271716619757	70.8782280463058	69.1516268803481	70.2717846653762	47	NA	-	5	1	0.606443380929591	8331450	-	8333859	8337397	complex_51	y	chr9	150617247	8333793	8337181
m84108_230629_134123_s2/251593428/ccs	ptg000034l	3102489	3103888	3103959	16	2	TCTTAACGTCTCGAGTGT	CTCAGGTACTCTTGCCAC	CTCAAGTACTCTTACCAC	OOOOXOOOOOOOOXOOOO	4	4266	3099656,3101205,3102335,3102489,3103888,3103959,3106812,3107018,3107118,3107337,3107366,3108611,3108994,3109060,3111732,3111801,3112209,3113197	+	13913	39=1X22=1D6=1D1401=1D116=1X69=1D122=1X555=1D380=1X153=1X464=1I363=1D641=1X1158=1D957=1D735=1X205=1X99=1X218=1X28=1X345=1X343=1X554=1X382=1X514=1D15=1X859=1I1347=1X68=1X137=1D269=1X987=1X222=1D118=	chr10	31.2955534772856	34.7105145259735	34.8039089571827	34.5672493733063	33.1959779115856	31.1592422465661	34.0129084742294	158	NA	-	3	1	0.791000482953301	131545518	-	131555165	131559431	complex_48	y	chr10	134758134	131550933	131564474
m64101e_230113_212825/52101941/ccs	ptg000002l	17577174	17579140	17579619	4	2	GTAGCG	ACGATA	GCGACA	XOOOXO	3	1983	17577174,17579140,17579144,17579350,17579619,17580225	-	3486	380=1X1602=1X3=1X205=1X810=1D63=1X131=1D42=1D105=1X139=	chr12	5.12012416876792	4.95919804938156	5.23825442896923	5.42446010760357	5.05557257677279	4.63445461993669	5.31838075229701	9	NA	-	4	1	0.10607935530656	17801224	+	17802727	17804710	complex_1	y	chr12	133324548	17800761	17803812
m64101e_230112_122318/155385997/ccs	ptg000050l	36265004	36265130	36265523	34	10	GGAGTACTGGCAGTTCACTAGTACCTGTACTCCTTGCCAGCATAC	ACGACCTCACGGACCAGTCGTCGTTCACTACATCCATTCATGCGG	ACGACCTCACGGACCAGTCGTCGTTCACACCCTCTACnAATATAC	OOOOOOOOOOOOOOOOOOOOOOOOOOOOxXoXooXoXnXOoXXXX	3	5752	36259402,36261071,36261117,36261322,36261868,36261996,36262595,36262809,36262946,36263099,36263148,36263182,36263269,36263411,36263482,36263993,36264090,36264233,36264245,36264374,36264441,36264445,36264852,36264965,36264977,36264986,36264990,36265004,36265130,36265310,36265523,36265625,36265699,36265905,36265976,36266396,36266513,36266567,36266742,36267033,36267238,36267361,36267427,36267591,36267599	-	8515	24=1X856=4I410=1D401=1X45=1X204=1X395=1D149=1X127=1X598=1X213=1X136=1X152=1X48=1X33=1X86=1X141=1X70=1X510=1X96=1X142=1X11=1X72=1D55=1X36=1D29=1X3=1X406=1X112=1X11=1X8=1X3=1X13=1X518=1X175=1X205=1X462=1I1X27=1X171=1I465=1X204=1X652=	chr12	8.51593051892413	7.80980987113254	6.83777863476583	6.98139562429406	7.55314560761251	8.09843565205059	7.60043909227725	35	NA	-	1	1	0.41749486687354	96731778	+	96734541	96740293	complex_63	y	chr12	133324548	96728813	96737010
m64101e_230118_115524/55969407/ccs	ptg000006l	84186192	84187006	84187161	2	18	GAAAGAAAATGAAGGTTGTT	AGGGAGGGGCAGGCACCCAC	GGAAGAAAGTGAAGGTTGTT	XOXXXXXXOXXXxXXXXXXX	4	834	84186192,84187006,84187161,84187896,84188479,84191554,84192377,84192461,84192959,84194658,84194738,84194853,84195006,84196054,84196143,84196795,84197063,84197090,84197307,84197320	+	11665	53=1I348=1I83=1D348=1X107=1I33=1I350=1I473=1D208=1I27=4I110=1D253=1X63=1I371=1D670=11I3=1X412=1I107=1I239=1I1436=1D192=1I93=1X512=1I207=1I79=1X309=1I1742=1I95=1D11=1D520=1I198=1I1768=1X2=7I7=7I184=	chr14	75.8304475394929	80.0096970902942	77.5366289542279	79.4721258893099	78.7989732976751	79.0127530982083	74.6684024684934	147	NA	-	2	1	0.996943992085903	17298708	-	17309539	17310373	complex_6	y	chr14	101161492	17308725	17319853
m64101e_230122_155750/163252688/ccs	ptg000006l	48409452	48409484	48409679	3	20	CCTCCGGAGGAGCGCTGCCATTT	TGATTACGCCGATATCATTGCCG	CCTCCGGAGGGGCATTGCCATTT	XXXXXXXXXXOXXOOXXXXXXXX	4	8649	48401751,48401885,48402531,48402624,48402962,48407107,48407717,48408531,48408614,48409452,48409484,48409679,48410536,48410640,48410951,48412017,48412235,48413192,48413677,48414087,48416372,48417806,48418849	-	18159	45=1X1488=3D2152=1X2192=1X2138=1X630=1X1155=1X191=1D56=1D61=1X3193=1D988=1X364=1X51=2D1X285=1X276=1D292=1D1660=1X685=1X244=	chr14	62.4177751760213	69.0464672577302	68.2429795880551	68.0295127552135	62.3331268189191	64.925916965504	65.4793656702824	105	NA	-	2	1	3.56710158744779	53058204	+	53067714	53076363	complex_5	y	chr14	101161492	53059981	53077079
m84108_230629_134123_s2/37358340/ccs	ptg000041l	1780530	1780783	1780869	26	9	TCATCTGATTAGGAGGAGATCCCGTCTATTGCCTA	CTGCTCCGCCTTAGTAGAGCAATCCTCCGCAAACC	CCGCCCCACCTTAGTAGAGCCACCCCCCGCGCACA	OXOOXoOXOOOOOOOOOOOOXOxOOXOOOOxXOOX	13	801	1780530,1780783,1780869,1780883,1781196,1781256,1782588,1783372,1784597,1784930,1785172,1785340,1785490,1785500,1786428,1786821,1787004,1787034,1787069,1787570,1788150,1788602,1790196,1791049,1791678,1792444,1792733,1793067,1793355,1794683,1794930,1795328,1796535,1796709,1797508	+	17563	548=1X263=1X74=1X13=1X372=1X5=1X1206=1X118=1X110=1X828=3D1066=1X332=1X138=1X102=1X167=1X149=1X9=1X927=1X22=1X35=1I334=1X60=1I122=1X29=1X34=1X258=1X241=1X777=1I254=1X158=1X251=20D868=1I410=1I738=1X628=1X919=1I135=1X333=1X287=1X1327=1X799=1I363=1I261=2I271=1X156=1X173=1X848=	chr15	65.1028223147825	74.6944748667568	74.6705237632707	74.7002402064387	73.1179920424062	60.1321071542199	68.5699451189373	288	NA	-	4	1	6.13029508750141	97978522	-	97995284	97996085	complex_57	y	chr15	99753195	97995031	98012009
m84108_230629_134123_s2/104666202/ccs	ptg000040l	23345099	23345858	23347591	7	3	ACTGGACATA	GAGAAGGGCG	GATGAGGACG	OOXXOOOXOO	4	3301	23343928,23345099,23345858,23347137,23347591,23347843,23348272,23349392,23350396,23350837	+	10949	405=1I903=1X63=1X141=1D115=1D453=1X458=1X2491=1X251=1X402=1X25=1X2123=1X440=1X358=1I461=1X1543=1D304=	chr20	103.150842119632	105.556637463395	104.891278295612	107.515457018054	105.277845707687	102.074378098261	102.418899261332	159	NA	-	4	1	5.09655775672199	3285999	-	3293647	3296948	complex_56	y	chr20	66210255	3291717	3298626
m84108_230629_131102_s1/104926733/ccs	ptg000040l	13946017	13946240	13946332	5	36	TCTTTGACTTTGCGTGGGCCATGGAAGCACGGATATATGGA	CGCCCAGAGCCAGTCATATTGCACGTATCTTTGCCCGCCAC	TCTTTGACTTTGCGTAGGCCACGGGTGCACGGATATACGGA	XXXXXXXXXXXXxXXOXXXXXOXXOOXXxXXXXXXXXOxXX	8	1868	13944711,13944767,13944938,13945093,13945119,13945289,13945299,13945375,13945405,13945608,13945621,13945626,13945736,13946003,13946017,13946240,13946332,13946352,13946583,13946816,13947547,13947576,13947776,13947915,13948320,13948321,13950239,13950388,13950421,13950705,13951117,13951822,13952391,13952449,13952659,13952951,13953952,13954473,13954527,13956146,13956286	-	11954	29=1X134=1X455=1D736=1I511=1X309=1D242=1I783=1X612=2I131=2X279=1D164=1I1654=1I113=1D389=1D3342=1X206=1X116=1X73=1X114=1X243=2I643=1X45=1X146=1X51=1I95=1X153=1D162=	chr20	14.8414401402562	17.0208099491926	17.0091791882417	17.3528896508849	16.3874571308099	13.4936057124935	16.9345394265695	68	NA	-	4	1	0.4183502243154	12683540	+	12693626	12695494	complex_55	y	chr20	66210255	12692097	12703672
m64101e_230121_063244/163186842/ccs	ptg000040l	7337240	7338739	7341958	4	2	TCACGT	CGGTCC	CGGCCT	OOOXOX	3	6325	7333492,7336968,7337240,7338739,7341958,7343050	+	11193	355=1D297=1D391=1D42=1X247=1X48=1D931=1X37=1D229=1X103=1D34=1D1344=1D494=1X131=1D139=1X84=1X462=1D358=1X517=1X126=1D1001=1I149=2D1104=1D908=1X843=1X807=	chr20	60.9928339223164	69.8282487508661	69.7632613471403	69.4965127888288	67.9461503727493	59.671387557093	65.0041112730731	117	NA	-	2	1	4.824137477793	19286865	-	19291733	19298058	complex_54	y	chr20	66210255	19286486	19296044
