read_name	contig	previous_snp	jump_snp	next_snp	count_haplotype_one	count_haplotype_two	ref_bases	alt_bases	read_bases	haplotype_string	number_of_jumps	jump_snp_pos_in_read	snp_pos_in_read	strand	read_length	cigar_string	chr	Sperm_PrimarySpermatocytes_Reads.methyC.UmethyC	Sperm_UndiffSpermatogonia_Reads.methyC.UmethyC	Sperm_DiffSpermatogonia_Reads.methyC.UmethyC	Sperm_spermatids_Reads.methyC.UmethyC	Sperm_Mature_Reads.methyC.UmethyC	blood_cpg_data	neuron_cpg_data	CpGs_onRead	badCpGs_onRead	refCpGOvl_perc	max_ind	germ_basedOnMaxLLInd	LL_maxGerm_minus_maxNonGerm	chromosome_start	ref_strand	right_jump_snp_ref	chromosome_end	CO_event	Approved	chromosome	chromosome_length	left_jump_snp_ref	right_flank_ref	left_flank_ref
m64101e_231108_213643/2229887/ccs	ptg000040l	6600789	6600976	6600976	9	12	GAAAATCGAGTCTGTCGGACG	AGCGTATAGACTCACAAAGGA	AGCGTATAGGTCTGTCGGACG	OOOOOOOOOXXXXXXXXXXXX	1	2651	6599806,6599978,6600117,6600166,6600217,6600226,6600634,6600652,6600789,6600976,6601118,6601124,6602329,6603362,6603704,6604756,6605470,6606148,6606244,6608580,6609628	-	11307	1481=1X171=1X138=1X48=1X50=1X8=1X407=1X17=1X136=1X1820=1D7022=	chr1	42.4358409207959	44.3056656230516	42.3190149163657	43.5718254436185	42.0755057103271	29.0757190500638	25.8987671455773	82	NA	0.79	2	1	15.2299465729878	6563658	-	6566309	6574965	CO_96	y	chr1	231299448	6566122	6566451	6566225
m64101e_231108_213643/90770056/ccs	ptg000040l	10608688	10609692	10609692	10	4	TTCTTGTCCACCCC	CCTCCTGTGGATTT	TTCTCTGTGGATTT	XXXXOOOOOOOOOO	1	5490	10605258,10605412,10608009,10608688,10609692,10610418,10612371,10612626,10613019,10613484,10613586,10614301,10614715,10615014	+	11257	5490=1X725=1X405=21D200=4I1326=1X254=1X392=1X411=1I53=1X101=1X714=1X92=5I321=1X298=1X455=	chr1	199.134867118315	202.780495317152	203.645668671558	202.474097000353	201.333372379736	167.791841479493	164.563946787841	71	NA	0.81	3	1	35.853827192065	10562029	+	10567519	10573286	CO_97	y	chr1	231299448	10566515	10568245	10566971
m64101e_231104_214136/7997896/ccs	ptg000002l	100270645	100272724	100275124	2	5	CAAGCAG	TGGATGC	TAGGCAG	OxOXXXX	1	10153	100270645,100272724,100275124,100282434,100284533,100285115,100285418	+	26363	246=1D151=1D81=1D15=1I175=1D135=1D43=1X67=1X88=1I61=2D51=1D45=1I18=1D180=1D33=1I46=1I114=1D115=1I46=1I15=1I58=1I102=1D36=1D118=1D85=1I134=1X191=1D42=1D79=1D14=1I28=1I175=1I410=1D52=1I119=1I80=1I73=1D15=1D13=1D271=1D57=1D33=1I54=2X58=1D6=1D79=1D85=1D136=1I172=1I103=1D53=1D145=1D106=1D194=1D60=1D70=1D203=1X262=1I230=1D109=1D34=10I13=1D27=1D29=1I142=1I39=1I27=1D59=1X127=1D77=1I127=1D132=1I160=1D317=1D16=1I55=1I58=1I205=1D15=1I213=1I57=1D9=1D67=1X130=1I35=1D345=1D49=1D517=1D77=1D11=1D54=1D23=1D69=1D152=1D46=1X141=1D30=1D203=1D54=1D73=1I17=1D16=1I19=1D1=1X3=1D6=1I243=1D382=1D12=1I73=1D66=1I67=1I332=1I78=1I22=1I239=1I276=1D179=1I415=1X333=1I35=1I34=1I11=1I13=1I87=1D63=1I537=1D171=1I8=1D115=1D80=1D807=1D103=1I119=1I100=1I355=1D68=1D9=1I216=1D430=1D66=1I365=1D67=1I400=1D389=1I28=2D128=1D272=1D131=1I396=1D546=1I123=1D154=1D54=1D161=1D94=1I313=1D169=1D298=1D34=1D14=1I1396=1D32=1D11=1D375=1D29=1I10=1D127=1X296=1I278=1D171=1I398=1I165=1D454=1D299=1D36=1D23=1I162=1I12=1I38=1D173=1D467=1I138=1D46=1D437=1I57=2X85=1D164=	chr1	-4.8443837641231	-1.89072781667409	-2.17835695199385	-1.42789600176989	-2.48982396974097	-6.70114375912437	-10.0468278743187	144	NA	0.81	4	1	5.27324775735448	130710528	-	130726738	130736891	CO_11	y	chr1	231299448	130724659	130729138	130724903
m64101e_231117_063509/56819965/ccs	ptg000002l	97010280	97010691	97010691	16	31	CCCTCGGACTGGATGTGTGACTAATGATTCCATGGCGCATCACGTTT	GTGCTTAGACACGGCGACTGTCGGACCACGACGTATATGCTGATGGA	CCCTCGGACTGGATGTGTGACTAATGATTCCCGTATATGCTGATGGA	XXXXXXXXXXXXXXXXXXXXXXXXXXXXXXXOOOOOOOOOOoOOOOO	1	11103	97000472,97001855,97002667,97002830,97002967,97003522,97003575,97004640,97005392,97005952,97006436,97006510,97006641,97006822,97007036,97007186,97007239,97007259,97007444,97007447,97007499,97007682,97007747,97007840,97008935,97009466,97009529,97009564,97009579,97009592,97010280,97010691,97010922,97011140,97011333,97011687,97013162,97013262,97013520,97013711,97013839,97013951,97013993,97013994,97014052,97015022,97015361	+	16227	151=1D658=1D517=1I862=1D2688=1I5042=1I1182=1X157=1I73=1X217=1X192=1X163=1D189=1X1474=1X99=1X257=1X190=1X127=1X111=1X41=2X57=1X307=1I306=4D51=10I3=1X21=1X1=1X4=1X4=1X3=1X1=1X23=1X3=1X5=7I16=1X12=4I2X1=1X1=1X15=1X173=1X338=1X101=1D334=	chr1	37.7036835960137	40.6367253821078	40.290291132072	40.7125780119672	39.5650057717405	39.8081940049683	40.063165154476	60	NA	0.68	4	1	0.6494128574912	133980968	-	133986092	133997195	CO_10	y	chr1	231299448	133985681	133986323	133983557
m64101e_231108_213643/4587928/ccs	ptg000002l	66656882	66657553	66657553	6	8	GGGTTGGGTGAAGA	AAACCCAAAACGAG	GGGTTGGGAACGAG	XXXXXXXXOOOOOO	1	8409	66650518,66651407,66651625,66651657,66651791,66655078,66655291,66656882,66657553,66657601,66657807,66658558,66658581,66662029	-	14117	346=1D1284=1D5857=1D922=1X47=1X205=1X750=1X22=1X3447=1X1231=	chr1	47.9647031368919	52.3609158003185	52.0371994071092	51.4186576909947	51.6680510235306	45.8993514709271	50.6298695843525	68	NA	0.76	2	1	1.731046215966	164306095	+	164311803	164320212	CO_8	y	chr1	231299448	164311132	164311851	164308233
m64101e_231104_214136/174523773/ccs	ptg000002l	6612999	6614468	6614468	8	7	ATCACCTGGTTTTAT	CCTGAGCTTGCCCTG	CCTGAGCTGTTTTAT	OOOOOOOoXXXXXXX	1	4684	6610946,6611213,6611916,6612239,6612327,6612644,6612962,6612999,6614468,6615801,6621935,6624637,6626930,6627023,6628971	+	19327	1162=1X266=1X626=1I76=1X322=1X87=1X316=1X317=1X36=1X1184=1D471=1D207=1D1928=1D3616=2X1110=1D1784=1D5721=1D87=	chr1	130.941049004037	140.570619927973	140.432955263992	141.658103873915	137.22998868632	100.109292646626	135.846578013718	216	NA	0.85	4	1	5.81152586019701	224740294	-	224754937	224759621	CO_7	y	chr1	231299448	224753468	224756270	224754361
m64101e_231118_154314/124651519/ccs	ptg000002l	4846396	4853362	4853362	3	2	TGGGC	CAAAG	TGAAG	XXOOo	1	7587	4845897,4846396,4853362,4854779,4855526	-	13698	2591=1I4995=1X1416=1X387=4I292=12I32=1X34=1X732=1D122=2I92=1X363=1X2617=	chr1	80.5451196539521	86.8905727010376	87.4988262329248	87.990450753634	86.6909326581673	81.9523774246513	74.2029119993813	170	NA	0.8	4	1	6.03807332898269	226512767	+	226518878	226526465	CO_6	y	chr1	231299448	226511912	226520295	226506968
m64101e_231108_213643/135530020/ccs	ptg000016l	108207717	108215142	108215142	5	5	AAGCCCAGTA	CTATTGGCCC	CTATTCAGTA	OoOOoXXXXX	1	12946	108202921,108203543,108204480,108206549,108207717,108215142,108215211,108216075,108218787,108220462	-	19359	105=1I138=2I156=1I17=1I44=1I165=1I68=1X380=1I13=1I94=1I134=1X98=1I163=1I447=1I31=1I197=1X28=1X176=1I76=1I4=2I10=1I32=2I1=1X17=1D33=1I386=1D116=1D314=1D358=1D43=1I43=1I223=1I127=1I74=1X48=4X248=1D212=1I313=1I52=1I199=1D37=1D51=1X7=2D91=1I53=1D217=1I82=1D419=1I221=1D86=1X255=1I28=1I57=1I52=1D367=1D133=1I146=1D165=1I178=1D180=1D31=1I185=1I291=1I406=1D202=1D13=1I239=1I79=1I872=1D26=1I235=2D598=1I171=1I35=2I8=1I93=1I32=1I11=2I1X47=1I45=1D29=1D453=1I129=1I9=3X89=1I495=1I26=1I29=1D666=1I148=1I190=2D71=1D72=1X36=1I136=3I3=1X331=1I73=1I222=1I350=1I323=1I584=1I167=1I18=1D128=1I115=1I64=1I379=1D101=1I67=1I6=1I32=2X148=1I217=1I284=1I82=1I372=1I155=1I36=1I369=1I222=	chr2	3.75463954573222	3.89429520261662	4.33796899844858	3.54803979711842	3.20961325526379	3.73026254332269	3.44177278469693	18	NA	0.71	3	1	0.60770645512589	13078227	+	13084640	13097586	CO_51	y	chr2A	122853238	13077215	13084709	13080723
m64101e_231117_063509/84609137/ccs	ptg000016l	65923100	65923265	65923265	8	3	GCTAAGCATTT	AGATGAGGCCC	AGATGAGGTTT	OOOOOOOOXXX	1	9596	65913694,65921025,65921523,65922936,65922983,65922986,65923018,65923100,65923265,65923819,65925297	-	12425	9=1X1672=1I1104=5I2196=2I477=1I1881=1X497=1X815=4I597=1X22=3I24=1X2=1X31=1X81=1X1199=1I1489=1I303=	chr2	73.4968520903473	75.2686348302861	75.1969947750955	75.573727530206	74.7018026817707	24.2245024861454	30.0852799013087	119	NA	0.85	4	1	45.4884476288973	56927196	+	56930025	56939621	CO_50	y	chr2A	122853238	56929860	56930579	56929385
m64101e_231118_154314/140314590/ccs	ptg000016l	8117262	8120223	8120223	2	9	TTCCAAAAAGA	CCAACGCGTAG	TTCCAAAAAAG	XXXXXXXXXOO	1	16025	8107121,8107374,8107533,8107859,8111840,8112099,8113311,8116933,8117262,8120223,8125356	+	21229	3158=1I12866=1X450=1D39=1I840=1D2733=2I877=10I191=1X59=	chr2	153.359928551742	166.083321578679	165.963023109379	165.261762696023	163.028293983116	139.643453888692	142.31551335745	188	NA	0.81	2	1	23.767808221229	114728964	-	114734168	114750193	CO_49	y	chr2A	122853238	114731207	114739301	114733729
m64101e_231117_063509/72157875/ccs	ptg000083l	5896459	5897698	5897698	3	3	CTCATA	TCTGCG	CTCGCG	xXXOOO	1	10291	5888207,5892094,5896459,5897698,5898833,5898986	+	12234	156=1I69=1I30=1I106=2I47=1I164=1I224=1D126=1I48=1I132=1D50=1I176=1I28=1I4=1I220=1I318=2I56=1I42=1I92=1I13=1I264=1I175=1I433=1I816=1I273=1I90=1I153=1I386=1I6=1I46=1I342=1I143=1I485=1I151=1I14=1I294=1D194=1I219=1I35=1I62=1I36=1I213=1I41=1I20=1I75=1I312=1I217=1D491=1I159=1I949=1I111=1I46=1I158=2I267=1I9=2I450=1X634=1I39=1I76=1I57=1I328=1X152=1X463=3I184=	chr2	-7.16702374939928	-8.21968424094933	-8.3599109930896	-8.34230557767488	-8.00930797527714	-7.1980216623621	-8.21777698770887	33	NA	0.5	1	1	0.0309979129628202	18382762	+	18393053	18394996	CO_144	y	chr2B	144476839	18391814	18394188	18392888
m64101e_231108_213643/51906891/ccs	ptg000083l	8768927	8770839	8770839	11	2	ATCGGGAGACGAA	GGTAACGAGTAGC	ATTAACGAGTAGC	XXOOOOOOOOOOO	1	6850	8766416,8768927,8770839,8770897,8771442,8771705,8772527,8773077,8773975,8775633,8776250,8776624,8778315	+	15826	73=2D162=1D327=1D62=1D211=1D92=1D97=1D123=1D103=1D623=1D101=1D73=1D59=1D1539=1D1883=1D1322=1X57=1X544=1X262=1X821=1X549=1X18=1D338=1D539=1X1422=1D234=1X616=1X70=1D188=1D72=1D40=1X46=1D1643=1X1506=	chr2	547.345419364646	558.222845776467	557.252716727654	558.06463232248	554.158092816034	534.501483987851	506.080004220363	265	NA	0.85	2	1	23.721361788616	21264276	+	21271126	21280102	CO_145	y	chr2B	144476839	21269214	21271184	21267748
m64101e_231104_214136/99549448/ccs	ptg000083l	16941025	16945846	16945846	10	2	TCTGTTACCTGT	CTCACCGGTCTG	TCCACCGGTCTG	XXOOOOOOOOOO	1	5507	16940570,16941025,16945846,16946483,16946509,16948637,16950415,16953437,16955237,16956847,16956873,16961599	-	22331	1474=1I27=1D141=1D276=1D517=1D58=1I9=1D129=1D331=1D134=1I176=1I30=1D1=2X327=1I163=1I219=1D123=1D63=1I599=1D12=1X18=1D180=1X2=7I184=1D296=1X400=1D235=1X25=1X471=1I1206=1D96=1I329=1D23=1X127=1D65=1I158=1I146=1I60=13I609=2I199=1I219=1I193=1X1405=1I29=1D441=3I1145=1X375=1D424=1I23=1D91=1I884=1X767=1D650=1I153=1D37=1X25=1X204=3D3=1X396=1D745=1I530=1X323=1D131=1I452=1D402=2D506=1I332=1D347=1I343=1X845=1D34=1I175=	chr2	115.235110653433	121.68773907728	122.637389658077	120.668878586138	119.644933689004	93.3567877038071	95.9340241546016	185	NA	0.82	3	1	26.7033655034754	29433728	-	29439235	29456059	CO_146	y	chr2B	144476839	29434414	29439872	29438515
m64101e_231118_154314/5768526/ccs	ptg000005l	47829496	47834402	47834402	3	3	TGGGTA	CTAAGG	TGGAGG	XXXOOO	1	7489	47827113,47829370,47829496,47834402,47834534,47841185	+	14452	861=1D2284=2D348=1D1170=1I628=1I565=1D1040=1D320=3D271=1X131=1X353=1D2032=4I1122=1D2733=1I261=1D146=1X177=	chr2	83.0575258442497	83.5532059122668	83.0724451646005	83.5531867564071	83.3619847394742	51.7699489377696	51.8391350704838	60	NA	0.79	2	1	31.714070841783	96604161	-	96611124	96618613	CO_23	y	chr2B	144476839	96606218	96611256	96610404
m64101e_231108_213643/14944279/ccs	ptg000005l	20667490	20668537	20668537	15	8	CACCACTACCTAGAGGTGCCGAG	AGTGGGCGTGCGAGTAACATTTC	CACCACTATGCGAGTAACATTTC	XXXXXXXXOOOOOOOOOOOoOOO	1	7486	20662591,20662917,20663715,20664008,20664223,20664371,20664527,20667490,20668537,20668957,20670666,20671655,20673618,20674038,20674073,20674179,20674180,20674330,20674613,20674656,20675529,20676104,20676338	-	16734	623=1D587=1I1993=1D3034=1D1248=1X43=1D375=1X24=1I1684=1X988=1X1962=1X419=1X34=1X105=2X149=1X282=1X42=1X9=1D862=1X121=1D452=1X187=1D45=1X1001=1X447=	chr2	123.470602530811	124.446429558538	122.963573096041	124.519586332734	125.288908241764	123.130799033727	115.5782985995	129	NA	0.78	5	1	2.158109208037	123756152	+	123765400	123772886	CO_22	y	chr2B	144476839	123764353	123765820	123764854
m64101e_231104_214136/140707352/ccs	ptg000005l	8693606	8695403	8695403	10	6	GAACTACAGCCTCGGC	AGGACGTGCTTAAACT	AGGACGTGCTCTCGGC	OOOOOOOOOOXXXXXX	1	12923	8684370,8684698,8685584,8686300,8686520,8686803,8687040,8687747,8692373,8693606,8695403,8699514,8701451,8703052,8703289,8703477	-	21163	976=1I7=1X909=1X327=1X885=1X151=1D563=1X219=1X282=1X236=1X706=1X1081=1D3071=1D471=1X1232=1X41=1D136=1I434=1D2885=1D1343=1D483=1D1365=1D664=1D263=1D382=1I1374=1D246=1D417=	chr2	47.9525068003406	53.7388538602511	53.6226996397661	53.6351985420881	53.2138706960968	46.0665999615777	46.4977968094586	98	NA	0.77	2	1	7.2410570507925	135736020	+	135744260	135757183	CO_21	y	chr2B	144476839	135742463	135748371	135738407
m64101e_231108_213643/120719648/ccs	ptg000048l	7498121	7498384	7498384	23	18	ATCTCAGGAAAGGGCTAAGGATTTGATTGGGCGCGAACGTC	GCTGTGACCTCCAAACGCACGGGCAGCCCAAACTCGGGACT	ATCTCAGGAAAGGGCTAAACGGGCAGCCCAAACTCGGGACT	XXXXXXXXXXXXXXXXXXOOOOOOOOOOOOOOOOOOOOOOO	1	11379	7488235,7488908,7489076,7489514,7492036,7495880,7495943,7495957,7496095,7496893,7496895,7496896,7496965,7496980,7497849,7498091,7498108,7498121,7498384,7498411,7498470,7498739,7499014,7499044,7499163,7499568,7499575,7499584,7499605,7499615,7499645,7499646,7499668,7499817,7500384,7501112,7501730,7502356,7502358,7503635,7504127	+	19284	1114=1D2230=1D4951=1D3084=1X26=1X58=1X268=1X221=2I53=1X29=1X118=1X85=1D24=1D293=1X6=1X8=1X17=1X2=1X9=1X29=2X21=1X148=1X566=1X727=1X617=1X625=1X1=1X1276=1X200=1D290=1X1508=1D654=	chr3	211.331048166431	204.934529489197	204.448562019246	205.889889415046	209.983404003782	208.188310656336	205.43507631063	141	NA	0.76	1	1	3.142737510095	6827690	+	6839069	6846974	CO_119	y	chr3	201579334	6838806	6839096	6837153
m64101e_231108_213643/179110233/ccs	ptg000048l	9532891	9535815	9535815	8	6	TCCAATAATTGCAC	CTGCGCTGCGTTCT	CTGCGCTGTTGCAC	OOOOOOoOXXXXXX	1	13778	9525029,9526154,9526869,9527749,9528172,9531258,9531644,9532891,9535815,9536216,9536398,9536406,9536529,9542307	+	21698	131=1I75=1D16=1D72=1D30=1D343=1D488=1D593=1D224=1D121=1D16=1D23=1D7=1D345=1D40=1D492=1X120=1D235=1D144=1D501=1D54=1D65=1X89=1D374=1D249=1X790=1D88=1X154=1D28=1D22=1D63=1I137=1I15=1X345=1D440=1D609=1I308=1D104=1D564=1I327=1D383=1X383=1I2=1X77=1D167=1D175=1D220=1D243=1D70=2D1=1X285=1X161=1D39=1I283=1D78=1D170=1D7=1D222=1D11=1D88=1D185=1I115=1X2=4I162=1D696=1D117=1D138=1D396=1D1183=1D1365=1D763=1D773=1D218=1I1206=1D363=1D234=1D398=1D161=1D697=1D383=1D214=	chr3	57.1578663145729	61.293149308338	61.1629784230501	61.9564894327169	62.3586013655308	51.644024135436	53.4082239033321	195	NA	0.79	5	1	8.9503774621987	8862559	+	8876337	8884257	CO_120	y	chr3	201579334	8873413	8876738	8874071
m64101e_231108_213643/158597231/ccs	ptg000048l	11323783	11326128	11326128	11	7	GTGAATTGGCTATTTCGC	ACAGGCCAATACACCGAT	ACAGGCCAATAATTTCGC	oOOOOOOOOOOXXXXXXX	1	8983	11317732,11318543,11319531,11319997,11320174,11320516,11321490,11322051,11322235,11323475,11323783,11326128,11326528,11326796,11328167,11329196,11329285,11329339	-	14760	388=26I175=1X810=1X987=1X465=1X176=1X341=1X973=1X560=1X183=1X864=2D373=1X307=1X7218=1D903=	chr3	49.448847685502	53.0432189340048	53.6864756563844	53.4802998921505	52.7415812460128	45.750566434897	51.0251892815141	57	NA	0.69	3	1	2.6612863748703	10659201	-	10668184	10673961	CO_121	y	chr3	201579334	10665839	10668584	10664512
m64101e_231108_213643/41485407/ccs	ptg000048l	12723823	12724835	12724835	23	2	AGTAATCACCGCGCACAGGCCTTAGA	GTCCCATTTTATATGAGCATTCGGCC	AGCCCATTTTATATGAGCATTCGnCC	XxOOOOOOOOOOOOOOOOoOOOOnOO	1	4642	12720921,12723823,12724835,12724970,12725084,12725142,12725203,12725704,12727185,12727336,12727612,12727797,12727818,12728869,12729010,12729923,12730233,12730243,12731178,12731308,12731939,12732757,12732912,12733000,12733887,12734300	+	15831	271=1D727=1D480=1D160=1D11=1D1185=1D106=1D13=2D1X318=1I68=1D38=1D27=1D216=1D1020=1X42=1D91=1X113=1X29=1D27=1X60=1X128=3I252=4I120=1X406=2D143=1D314=3D123=1D170=1D126=1D189=1X150=1X275=1X184=1X20=1X126=1D503=1D419=1X140=1X687=1D224=1X181=1D127=1X9=1X385=1D338=1D87=1D121=1X9=1D7=1D111=1X464=1D165=1X104=1D561=1D16=1I134=1X83=1D70=1X87=1D252=1D159=2D162=1D101=1D207=1X66=1D253=1D91=1X142=1D129=1D448=1D8=1I85=1D103=1I238=1D7=3X582=	chr3	136.93684664456	137.777713460613	138.943489897005	138.797513350263	138.970516233277	107.603399344115	103.028471054662	79	NA	0.69	5	1	31.367116889162	12062185	+	12066827	12078016	CO_122	y	chr3	201579334	12065815	12066962	12063348
m64101e_231117_063509/88605483/ccs	ptg000048l	48621128	48626330	48626330	12	3	GGATCATGTCCGCCA	AACCTGCACTTAATG	AACCTGCACTTACCA	OOoooOOOOOOOXXX	1	13662	48613489,48613644,48614161,48615716,48616619,48617397,48617438,48618673,48619382,48620563,48620820,48621128,48626330,48626533,48627230	+	16012	566=1D282=1X13=1D60=1D79=1X134=1D381=1X10=1D5=1D77=1D58=1I437=1D168=1D107=1D95=1D7=1X4=1X266=1D298=1D10=2X23=1I114=1I101=1D89=1D107=1D17=1D18=1D64=1D3=1D198=1D45=1D17=1D40=1X24=1D26=1D3=1X33=1D31=1D17=1D150=1I248=1D177=1D116=1X40=1X34=1D17=1D55=1D513=1D53=1D34=1D30=1D104=2D385=1X405=1D302=1X72=1D1107=1X256=1X307=1X427=14I957=2I431=1D580=1D237=5D1605=1X223=1D201=1I826=1I518=1D359=1D1177=	chr3	29.5946214436797	26.1342751912119	25.8085660536814	27.1549815239466	27.1434907356121	22.6689261593141	23.9168680106185	124	NA	0.87	1	1	5.6777534330612	47949951	+	47963613	47965963	CO_123	y	chr3	201579334	47958411	47963816	47955898
m64101e_231108_213643/163253057/ccs	ptg000033l	93691191	93697343	93697343	4	12	TTCGTATAACATTTCG	CGAAAGAGGTGCCCTT	CGAATATAACATTTCG	OOOOXXXXXXXXXXXX	1	11922	93685547,93685604,93688199,93691191,93697343,93698093,93698147,93698209,93698393,93698518,93699155,93699212,93699319,93699632,93699759,93699897	+	15250	64=1D81=1X56=1X515=1D229=3I122=1D592=1D168=1I14=1I951=1X1293=1D332=1D227=1D143=1D396=1D87=1D507=1X109=1D120=1D277=1D427=1D1062=1D105=1D105=1D140=1D1011=1I676=1D51=1D403=1D73=1D151=1D470=1D57=1I8=1D160=1D710=1D2615=1D732=	chr3	4.79590122070191	5.21103767880348	5.80343833254595	6.3393831636242	5.67553020045072	4.32203652960998	5.70716395929567	48	NA	0.74	4	1	0.63221920432853	107920616	-	107923944	107935866	CO_77	y	chr3	201579334	107917792	107924694	107910301
m64101e_231118_154314/142671939/ccs	ptg000118l	700458	704172	704172	15	3	GCGGGCTAAAAATTAATA	TAATCTGGCGGGCACGCT	TAATCTGGCGGGCACATA	OOOOOOOOOOOOOOOXXX	1	11215	693091,696125,696518,696874,696975,697214,697679,697963,698150,698154,698389,698413,699779,700391,700458,704172,708535,710765	+	24419	145=1X59=1D88=1D63=1D873=1D43=1I257=1D84=1D822=1D26=1D119=1I183=1D407=1X368=1D23=1X109=1D245=1X100=1X238=1X464=1X48=1D22=1D211=1X186=1X3=1X234=1X23=1X459=2I611=1D294=1X148=1D462=1X66=1X21=1X16=3I1X437=1D85=1D1078=1D855=1I1176=1D938=1D1233=1D913=1D333=1D1340=1D348=1D718=1D115=1D91=1I273=1I36=1I25=1D567=1D840=1D309=1D61=2X18=1X89=1D110=1D144=1I92=1I14=1D52=1D105=1D159=1D401=1D81=1D103=1D64=1D29=1D1065=1D663=1D103=1I34=1D24=1D380=1D189=1D268=1D56=1D45=1D103=1I221=1D106=1I6=1I60=1D307=	chr4	503.239513997025	511.636176335302	509.445929400073	510.390683269653	505.279936048854	493.473798007076	491.445630645052	465	NA	0.9	2	1	18.162378328226	635743	+	646958	660162	CO_150	y	chr4	191670129	643244	651321	645366
m64101e_231108_213643/42075347/ccs	ptg000118l	4465657	4466066	4466066	17	27	ATTGCCCCTCTAGAGCCCGACAATTAATGATCTAGATATCTTTT	GCCAGGTGGGGTAGATTGAGTGGCGGGCAGCTCCAGCCGGCCCC	ATTGCCCCTCTAGAGCCCGACAATTAACAGCTCCAGCCGGCCCC	XXXxXxXXXXXXXXXXXXXXXXXxXXxOOOOOoooOOOooOOOo	1	6600	4460338,4461400,4461443,4461572,4461608,4461793,4461894,4462075,4462100,4462164,4462333,4462441,4462507,4462542,4462587,4462612,4462759,4463024,4463436,4463485,4463687,4463730,4463940,4464035,4464766,4465520,4465657,4466066,4466301,4467254,4467410,4467490,4467918,4468644,4468685,4468859,4468911,4469011,4469164,4469217,4469339,4471190,4471850,4472598	+	13946	1278=1D829=1D232=1D196=1I234=1D119=1D691=1D2289=1D731=1X197=1D36=1X129=1I823=1X155=1X79=1X421=1D5=1X181=1D543=1X40=1I1X36=1D136=1X51=1X50=2D1=1X33=1I12=1X22=1I72=1X36=1I11=1I10=1X1=1I46=1I5=1X75=1I46=1X31=1I157=1I58=1D81=1I11=2X137=1I61=1I163=1D116=1I96=1D172=1D450=1I311=1X43=1I51=1D296=1D86=1D36=1D143=1X59=3X12=1D31=1D224=1D189=1D225=1X33=1I30=1D114=1I55=1D30=1I399=1I118=1D20=1I10=	chr4	27.0471480934535	27.1278193307945	28.7713000806098	27.2809120035959	28.6685423442735	27.4978881403283	28.696445207952	161	NA	0.84	3	1	0.0748548726578022	4590141	+	4596741	4604087	CO_151	y	chr4	191670129	4596332	4596976	4595516
m64101e_231118_154314/109119070/ccs	ptg000243l	11626428	11637031	11637031	4	6	GCGGTTGGGC	AGTACCACAT	AGTATTGGGC	OOOOXXXXXX	1	14562	11622856,11624075,11625996,11626428,11637031,11637382,11637411,11638524,11639181,11641976	+	20455	398=1X893=9D316=1X1920=1X431=1X505=1D4719=1I610=1D2761=1D3944=1D3953=	chr4	127.038738622305	132.423712938057	132.339334166863	131.383563404228	129.931676320503	101.463710157844	106.085287337496	106	NA	0.79	2	1	26.338425600561	68636441	-	68642334	68656896	CO_155	y	chr4	191670129	68631731	68642685	68640828
m64101e_231104_214136/8455871/ccs	ptg000015l	27220942	27222181	27222181	2	13	GCGTACCAGGCTTGG	ATAAGTTGTATCCAA	ATGTACCAGGCTTGG	OoXXXXxXxxXXXXX	1	7179	27215101,27220942,27222181,27224831,27225148,27227577,27229071,27229213,27230261,27230799,27233331,27235628,27237460,27240630,27241500	-	26821	146=1X115=1D30=1X1=2X165=1D223=1D22=1D145=1D135=1X2=4D1=1X1=1X1=1X1=1X1=1X1038=1D208=1D9=1I21=1X43=1X247=1D164=1D305=1D46=1D22=1D24=1D62=1D9=1D181=1I5=1D8=1D236=1D110=1I7=1I40=1D232=2I96=1X25=1D32=1I5=1D173=1D15=1D80=1D94=1D151=1I3=1I23=1I56=1D50=1D161=1D55=1D134=1D84=1D16=1D79=1D59=1D28=1D92=1D25=1D55=1D33=1D56=1I79=1D39=1I74=1D25=1I22=1D3=1X187=1D46=1I16=2D36=1D65=4D4=1I28=1D46=1D63=1X15=1I99=1D75=1D67=1D26=1D22=1D63=1I19=1D113=1D11=1D416=1D6=1D50=1D43=1I117=1I2=1I23=1I68=1I91=1D1X29=1D101=1D74=1D11=1D111=1D35=1I45=1I56=1D39=1D33=1D52=1D88=1D27=1D205=1I14=1I94=1I53=1D14=1D497=1D136=1D23=1D535=1D46=1D322=1D292=1D15=1D17=1D476=1I633=1D89=1I373=1D615=1I394=1D76=1I8=1D55=1I29=1D126=1I177=1D136=1D83=1I55=1D244=1D78=1I47=1D252=1I14=1I79=1D117=1D77=1D42=1D140=1D40=1D35=1I188=1D60=1X55=1D303=1I13=1D88=1D28=1I13=1D152=2D2=1X236=1D61=1D277=2X201=1I29=1D61=1D320=1D12=1D10=1I35=1D95=1I177=1D8=1X359=1D13=1I95=1D233=1I94=1D55=2D1=1X77=1I208=1D8=1I66=1D56=1D226=1D122=1D39=1I23=1D4=1X58=1D23=1D93=1D57=1D18=1D37=1D207=1D88=1I59=1D207=1D937=1D647=1I309=1D729=1D90=1D372=1D15=1D201=1I103=1D31=1D172=1D57=1D34=1D734=1D187=1D38=1D285=1D136=1D44=2D3=1X5=1I303=1D126=1D551=1D9=1X477=	chr4	22.1543311826313	27.3404892713643	27.1816311019386	26.2634529511127	24.5945319829231	21.2895043509047	24.880730587982	114	NA	0.73	2	1	2.4597586833823	164516715	+	164536357	164543536	CO_47	y	chr4	191670129	164535118	164539007	164535384
m64101e_231108_213643/56298046/ccs	ptg000015l	13642924	13645863	13645863	2	2	GGTC	CACT	CATC	OOXX	1	7532	13639481,13642924,13645863,13646428	+	14376	1157=1X100=1D385=1X624=1I568=1D652=2D94=1D692=3D318=1X373=1X113=1D565=1I111=1D927=3I290=1D314=1D5=1X712=1D639=1D715=1D810=1D1933=1D1151=1D280=1D316=1I86=1I434=	chr4	95.8461152211478	94.3118172160301	93.842223088157	92.4896996536124	94.5392327572662	84.8665406839989	81.2441098072074	93	NA	0.83	1	1	10.9795745371489	178101130	-	178107974	178115506	CO_46	y	chr4	191670129	178105035	178108539	178107548
m64101e_231104_214136/78840255/ccs	ptg000015l	8067986	8068371	8068371	3	9	CCTCATAGGCGC	TTATGCGAATCA	CCTCATAGGTCA	XXxXXXXXXOOO	1	14402	8060297,8060846,8065890,8067172,8067198,8067793,8067928,8067932,8067986,8068371,8068376,8068682	-	16564	818=1D705=1I510=1I36=1D1270=1D1047=1D7537=1D911=1D1251=4I28=1D83=1X199=1X4=1X183=1D68=1D52=1X664=1D951=1D104=1D133=	chr4	127.909248593108	134.536049476248	133.864594349456	133.226790968577	132.736035422549	120.899003502581	124.455767873287	85	NA	0.8	2	1	10.080281602961	183687853	+	183690015	183704417	CO_42	y	chr4	191670129	183689630	183690020	183687612
m64101e_231108_213643/87425580/ccs	ptg000036l	3147899	3148458	3148458	2	65	CGTTGGGCGATCTGCAGAAGCAGGTGTGAAGTCGATTGAGGAGATGAACTCTGCCGACCTTTGGGTG	TCGGAAATCGCACATGAGGATGACCACACGACTAGAAAGAACCGCAGCTCTCAAATTTTCGCATACT	TCTTGGGCGATCTGCAGAAGCAGGTGTGAAGTCGATTGAGGAGATGAACTCTGCCGACCTTTGGGTG	OOxXxXXXXXXXXXXXXXXXXXxXXXXXxXXXXXxXXXXXXXXXXXXXXXXXXXxXXXXXXXXXxXX	1	3836	3146192,3147899,3148458,3149012,3149457,3149678,3150206,3150214,3150223,3150251,3150277,3150455,3150559,3150600,3150761,3150951,3150997,3151060,3151138,3151167,3151177,3151189,3151203,3151206,3151224,3151254,3151278,3151279,3151400,3151557,3151616,3151660,3151697,3151699,3151823,3151844,3151846,3152075,3152092,3152094,3152145,3152568,3152588,3152678,3152753,3152754,3152820,3152919,3152920,3153040,3153059,3153075,3153158,3153400,3153592,3153933,3154080,3154097,3154237,3154275,3154303,3154313,3154350,3154360,3154517,3154757,3158567	-	15417	250=1D576=1D404=1D339=1X66=1I527=1D178=1I617=1I317=1X557=1D132=1I587=1I804=1I653=1D151=1D136=1D527=1D381=1D137=1I240=1D2310=1D328=1D580=1D182=1I431=1D129=1D66=1D261=1I47=1I983=1I114=1I42=1D311=1D2040=	chr5	36.8246630832759	40.0707779238828	40.1517413931526	39.9032925154345	39.6481691866505	34.1666340794124	38.9715753588005	78	NA	0.66	3	1	1.1801660343521	3026410	-	3030246	3041827	CO_80	y	chr5	178964043	3029687	3030800	3029203
m64101e_231104_214136/82117474/ccs	ptg000036l	14583235	14583963	14583963	2	14	AAACCAAAGTTGCGTT	GGCGTCGGACGATACC	AAACCAAAGTTGCGCC	XXXXXXXXXXXXXXOO	1	6278	14578251,14578352,14578422,14578611,14578649,14578657,14579176,14579351,14579969,14580530,14581456,14581586,14582371,14583235,14583963,14591654	+	18995	270=1D487=1D1976=1D2118=1D1298=1D129=1X1067=1D4273=1D118=1D2229=1X1556=1D1435=1D2037=	chr5	338.283457029387	345.002914691238	345.176436841402	345.339860273671	344.534270650894	295.583715822881	293.454257752933	158	NA	0.83	4	1	49.75614445079	14450801	+	14457079	14469796	CO_81	y	chr5	178964043	14456351	14464770	14456803
m64101e_231104_214136/152504289/ccs	ptg000007l	7750200	7757915	7760148	5	3	GGACGGGCT	TAGTATAAC	GGnTAGAAC	XXnOoxOOO	1	13239	7744749,7750200,7752976,7757915,7759000,7760148,7760275,7760613,7761173	-	16632	8304=1D443=1D1384=1X4=1X1923=1D566=1D613=1X1084=1X1274=1X155=1D29=1D151=1X488=2D32=1X36=1X138=	chr5	42.5965406427672	47.9251306628245	48.5750370735021	48.0127729188427	47.2879043292847	40.0031767290603	39.0004740803206	67	NA	0.82	3	1	8.5718603444418	26173465	-	26186704	26190097	CO_24	y	chr5	178964043	26178989	26187789	26182580
m64101e_231117_063509/157941834/ccs	ptg000059l	43658589	43659904	43659904	2	7	ACGAGGCAT	CTAGACTGC	CTGAGGCAT	oOXXXXXXX	1	2476	43657870,43658589,43659904,43664797,43668688,43669191,43670082,43670235,43671450	+	15523	310=20D132=1X718=1X2642=1D450=1I1611=1D3221=3I4013=3I1=1X825=1I168=1I1420=	chr5	5.14103997205478	6.59750049202191	6.15306087925149	5.89171383186488	5.64223409034573	4.34636712216167	5.05312024312704	54	NA	0.7	2	1	1.54438024889487	134890708	-	134903755	134906231	CO_132	y	chr5	178964043	134902440	134908648	134900378
m64101e_231104_214136/171640147/ccs	ptg000059l	14133395	14135687	14135687	16	13	TACACACTTTTTATATTCTAACCGTTATT	CGGGTGTCACCCGCGCCGCTGAACCCGCG	TACACACTTTTTACGCCGCTGAACCCGCG	XXXXXXXXXXXXXOOOOOOOOOOOOOOOO	1	14239	14121647,14121782,14121975,14122636,14124549,14125785,14127121,14128099,14128104,14129702,14131034,14131563,14133395,14135687,14136254,14136424,14136657,14136658,14136714,14137029,14137487,14137793,14138104,14138225,14138229,14138288,14138599,14140548,14141071	+	20741	459=2D1X130=1D43=1D682=1X167=1D1408=1D23=1I6=1D9=1I88=1I707=1D81=1D273=1I177=1D509=1D90=1D290=1D912=1D551=1I704=1D1495=1D244=1I20=1D342=1D969=1D107=1D84=1D61=1D207=1D334=1D89=1D45=1D189=1D328=1D435=1D406=1D21=1D94=1D430=1D403=1I427=1D191=1X407=1I159=1X169=1X232=2X55=1X314=1X457=1X27=1I278=1X109=1I136=1D64=1X120=1X3=1X58=1X286=1D23=1X304=1D584=1D35=1D291=1D39=1D690=1X244=1D57=1D178=1I41=1X372=1D715=1D35=	chr5	54.5515623917623	61.1992077076659	61.209951995461	60.7970338053115	60.7273607586194	54.1513049853918	59.629245894686	169	NA	0.79	3	1	1.580706100775	164420577	-	164427079	164441318	CO_129	y	chr5	178964043	164424787	164427646	164426947
m64101e_231104_214136/29034788/ccs	ptg000059l	6484742	6485086	6485086	8	11	GGTCAGCTGAATCCACCGGT	ACCGGATCTGGCTTGTTTAC	GGTCAGCTGAACTnGTTTAC	XXXXXXXXXXXOOnOOOOOO	1	9525	6476098,6477738,6478715,6480382,6480637,6481288,6481468,6483620,6484460,6484479,6484742,6485086,6486874,6487051,6487427,6487439,6487791,6488229,6488702,6488892	+	13336	209=1D577=1D313=1D235=1D239=1D165=1D158=1D158=1X2964=1D798=1D500=1D351=1D239=1I347=1D1230=1D361=1I18=1I582=1D77=1X69=1I85=1D614=1D114=1I583=1D71=1I109=1X138=1X176=1D1X247=1X126=1X11=1X221=1D129=1X139=1D148=1D83=1D64=1X221=1X129=4D117=1X189=1X13=	chr5	101.505589820978	108.765084242501	108.751254431706	108.161354817593	107.519409705785	94.9879699877158	99.8109588669601	140	NA	0.78	2	1	8.9541253755409	172061993	-	172065804	172075329	CO_128	y	chr5	178964043	172065460	172067592	172065663
m64101e_231117_063509/59508719/ccs	ptg000097l	8039340	8040668	8040668	6	3	GGTGTTACC	CCCAGCGTA	GGTAGCGTA	XXXOOOOOO	1	6284	8037404,8037405,8039340,8040668,8042853,8043318,8047196,8048012,8048124	+	17496	18=1I1970=1D1372=1D815=1D1055=1I1052=1X390=1I1670=1I124=1X464=1X71=1D1035=12D624=1I555=1I632=1I177=1I153=1D616=1X815=1X111=1X700=1D740=1I38=1D664=1I468=1I705=1I444=	chr6	21.5097304611378	22.141998830317	21.9059300111175	22.1892980985138	21.6034192456159	20.5513933047226	18.4852611338166	77	NA	0.73	4	1	1.6379047937912	12397986	+	12404270	12415482	CO_149	y	chr6	183320697	12402942	12406455	12403534
m64101e_231118_154314/148833879/ccs	ptg000032l	102906200	102906938	102906938	7	9	AACTTTGACGCATCAA	GGGCCCCGTTTCCTCG	AACTTTGACTTCCTCG	XXXXXXXXXOOOOOOO	1	13449	102893721,102893755,102896985,102898881,102903273,102903653,102903933,102904848,102906200,102906938,102907112,102907119,102907120,102909160,102910232,102910568	+	18032	6913=1D1781=1D3041=1D1714=1X76=2I97=1X6=2X1508=2I531=1X1071=1X335=1X948=	chr6	322.686866488035	331.808079515533	331.191413945367	331.57042485406	327.494517135361	294.700680798288	298.390332351227	231	NA	0.86	2	1	33.417747164306	179429044	+	179442493	179447076	CO_74	y	chr6	183320697	179441755	179442667	179437627
m64101e_231118_154314/98240336/ccs	ptg000032l	105222987	105223464	105223464	2	4	TGGTAA	CTTCGG	TGGTGG	XXXXOO	1	13860	105217362,105220969,105222728,105222987,105223464,105223474	-	15398	3567=1I369=1I42=1D475=1D425=1I143=1D2763=1D2119=1D1981=1I108=1I1863=1X9=1X176=1I709=1I65=1I345=2I1=1X1=1X10=1X2=2D3=2X2=1I1X9=1X3=1D4=1X3=1I52=2I11=1I15=3X6=1I3=1I10=2I12=1I12=1I4=1I41=	chr6	64.9081911747821	67.0163914729586	67.7102150632904	66.8673636611543	65.3109971973763	67.2406556611735	67.4891976135892	158	NA	0.74	3	1	0.221017449701208	181701674	-	181715534	181717072	CO_75	y	chr6	183320697	181715057	181715544	181714830
m64101e_231118_154314/68290985/ccs	ptg000122l	4510102	4511708	4511708	31	4	TGTATTCGATGGGGGGAGGCTCAGACAGCCTTTCA	GACGCCTCCCTAAAATCATTGGCAGACAGTGCGGG	TGTACCTCCCTAAAATCATTGGCAGACAGTGCGGG	XXXXOOOOOOOOOOOOOOOOOOOOOOOOOOOOOoO	1	2853	4509323,4509493,4509968,4510102,4511708,4511813,4512233,4515987,4516478,4516654,4516794,4516891,4517040,4517110,4517554,4517575,4517839,4517874,4517977,4517991,4518457,4519136,4519179,4519399,4519417,4520019,4520423,4520746,4520888,4521025,4521060,4521167,4521172,4521304,4523236	-	14772	343=1D2510=1X104=1X419=1X3753=1X490=1X175=1X139=1X96=1X148=1X69=1X443=1X20=1X263=1X34=1X102=1X13=1X465=1X678=1X42=1X219=1X17=1X601=1X403=1X299=1I11=1X11=1X141=1X136=1X34=1X106=1X4=1X131=1X171=106I1760=1X283=	chr7	0.0873789641391509	0.17298334705596	0.253464865228745	0.21309770211738	0.27134910273377	0.141261037190534	0.142383533565306	2	NA	0.84	5	1	0.128965569168464	5960220	-	5963073	5974992	CO_161	y	chr7	174648847	5961467	5963178	5958099
m64101e_231118_154314/133696334/ccs	ptg000038l	52190945	52192895	52192895	19	5	CTGTTCGCCACAAGCCACGGCAAA	TCAGGTATGGTGGTTTGAAATGGG	CTGTTTATGGTGGTTTGAAATGGG	XXXXXOOOOOOOOOOoOOOOOOOO	1	3175	52190459,52190500,52190725,52190755,52190945,52192895,52193463,52193789,52195181,52198131,52203196,52203435,52203678,52204448,52204473,52205231,52205472,52205903,52207499,52207970,52208186,52208641,52208676,52208883	+	19203	503=1D737=1D1935=1X42=1D524=1X325=1X821=1D569=1X2875=1D73=1X87=1D1334=1D437=1D300=8I343=1D2559=1X74=1D163=1X242=1X401=1I368=1X24=1X46=3D501=1D35=61D1=1X108=1X240=1X430=1X43=1I328=1D1223=1X470=1X215=1X454=1X34=1X206=1X103=	chr7	59.6657192361045	66.6239676267736	66.1629835573516	65.7331007177877	64.3574457917089	54.9389900455815	43.6990707556975	129	NA	0.81	2	1	11.6849775811921	14020904	-	14036932	14040107	CO_91	y	chr7	174648847	14034982	14037500	14035100
m64101e_231104_214136/32048753/ccs	ptg000038l	50901931	50903571	50903571	12	4	ATTAACAAGTCCGAAA	CCAGGTGGACTACCGC	ATTAGTGGACTACCGC	XXxXOoOOOOOOoOOo	1	6965	50897285,50897807,50900552,50901931,50903571,50903646,50904196,50904413,50905147,50906350,50906705,50906958,50907218,50909027,50909035,50909172	-	13232	52=1I179=1I27=1I357=2I136=1I251=1I31=1I234=1I16=1I117=1I141=1I266=1I465=2I137=1I146=1I87=1I563=1D58=1I165=1I259=1I71=1I156=1I261=1I189=4I7=1X109=1D500=1I212=1I147=1I137=1I743=1I91=1I360=1I92=1I166=1X74=1X3=1I90=1D253=1I119=2I83=1X87=1I129=1X187=1X19=1X39=1X12=1X63=1I28=4I108=1I8=1I229=1D35=1X186=4I152=1I152=1D452=1I16=1I55=1I34=1D153=1X354=1X252=1X259=1X7=1I298=1I95=1I122=2I6=1X71=1I41=1I230=1I44=2X3=1X157=1I119=1D51=1D6=1D15=1I17=1I6=1D62=1X51=1I35=1I40=1D66=1I29=1I38=1I36=2I153=1X7=1X78=1I15=1I35=2I8=1X78=1I23=1I52=1X8=1I60=1I20=2I39=1X2=1X50=1D11=1X9=1I102=1I41=1I66=1I57=	chr7	9.12500796949577	9.30396297323502	10.2081584790418	9.75299271202482	9.16777077648764	8.08597150364505	8.07781615589593	45	NA	0.61	3	1	2.12218697539675	15319939	+	15326206	15333171	CO_90	y	chr7	174648847	15324566	15326281	15317950
m64101e_231104_214136/44040565/ccs	ptg000038l	32188842	32190384	32190384	3	3	GGGATC	AACGCT	GGGGCT	XXXOOO	1	7565	32183856,32185864,32188842,32190384,32190486,32193195	-	11680	3457=1D1387=1D2721=1X101=1X73=1I725=1D46=2D1861=1X1305=	chr7	70.4363515738119	76.8846426857015	76.4807327793306	76.806736609945	75.892844994015	62.8663258816877	73.9468412756185	83	NA	0.82	2	1	2.937801410083	34029079	+	34033194	34040759	CO_89	y	chr7	174648847	34031652	34033296	34032099
m64101e_231108_213643/25037562/ccs	ptg000038l	10166647	10171315	10171315	4	3	GCGCCAC	AGATACG	GCGTACG	XxxooOo	1	9705	10161609,10162510,10166647,10171315,10172350,10173920,10175537	-	15291	4077=1D1630=4D1622=1D2376=1X537=1D496=1X1275=1D293=1X1616=1X875=1D490=	chr7	85.1861703694	93.4942464741029	94.1578034133077	93.1273706589291	92.340278620478	80.7319642682407	89.9262678822057	104	NA	0.84	3	1	4.231535531102	56041717	+	56047303	56057008	CO_87	y	chr7	174648847	56042635	56048338	56041737
m64101e_231117_063509/156699342/ccs	ptg000046l	3316774	3321820	3322410	7	3	GTGCCTCCTT	AATTTCATCC	ATTTTCATTT	OxoOOOoOXX	1	11280	3316774,3321820,3322410,3327101,3328131,3329088,3331555,3332517,3333815,3334702	-	26262	120=1I122=1I41=1I770=1I55=1X339=2I124=1I392=1X26=1I152=1I1005=1D237=1I732=1I176=3D406=1I926=1I73=1D57=1I315=1I136=1X35=1I908=1I417=1I157=1D401=1I380=1I33=3I29=1I186=1I125=2D18=1X24=1I80=1I43=1I219=1D348=1I237=1I116=2I36=2D51=1I44=1I490=1I116=1I44=1I33=1D284=1D181=1D1=1X588=1X195=1D44=1D43=1I47=1D202=2X1=1X382=1I510=1I927=1I540=4D188=1I143=1I400=1I134=1I924=1X160=1D298=1I419=1I151=1X98=1X857=1X640=1I129=1I345=1I501=1I272=1I109=1D294=1I3=1D171=1X6=1I81=1I874=1X177=1I47=1D458=1I73=1I183=1I232=1I306=1I261=1I120=1D1224=1I20=1I613=1D472=1I80=	chr7	11.223050222749	14.3509884716785	14.4730374742674	14.5297636308159	13.3475092704548	4.86059411397326	2.47717258370355	81	NA	0.72	4	1	9.66916951684264	68159053	-	68170333	68185315	CO_117	y	chr7	174648847	68165287	68170923	68160227
m64101e_231117_063509/3083098/ccs	ptg000010l	6909552	6909844	6909844	6	13	GCCCATGGCGCTGTGGGAG	ATTTGCCCGTAGACCCCGA	ATTTGCGGCGCTGTGGGAG	ooOOOOxxxxXXXXXxXXX	1	4846	6906433,6906460,6906949,6908354,6908532,6909552,6909844,6910200,6910979,6911003,6911912,6915014,6917287,6918090,6918091,6922518,6923817,6925506,6926463	-	24433	146=1I79=1I41=1I59=1I363=1I50=3I214=1I173=1I42=1I231=1I5=1X26=1X2=1I92=1I60=1I31=1I284=1I19=1X27=1D56=1I122=1I238=1I225=1I55=1I174=1I80=1I32=1I18=2I376=1X45=1I90=1I42=1X164=1I154=1I161=1I29=1I81=1D39=1D279=1I20=1I90=1X147=1I138=1D358=1I63=1I31=1I11=1I34=1I152=1I53=1I364=1I18=1I10=1I41=1I28=1I89=1I86=1I306=1I54=1I47=1I232=1I362=1I18=1I264=1I42=1I85=1I44=1I26=1I50=1I16=1I731=1I181=1I302=1I22=1I73=1I163=1I152=1I142=1D401=1I48=1I1045=1I61=1I27=1I21=1I21=1I9=1I482=1I277=1I109=1I5=1I42=1I120=1I528=1I117=1I144=1I25=1I83=1I120=1I10=1I28=1I116=1I9=1I92=1I302=1I148=1I298=1I77=1D203=1I157=1I63=1I134=1I38=1I310=1I58=1I75=1I232=1I102=1D46=1I119=1I385=1I447=1I305=1I13=1I121=1I26=1I8=1I415=1I37=1I14=1I30=1I7=1I91=1I54=1I214=1I103=1I118=1I269=2I45=1I245=1I57=1I299=1I101=1I76=1I81=1I45=1I209=1I264=1I155=1I13=1I134=1I38=1I20=1I106=1I54=1I101=1I72=1I15=1I268=1I9=1I11=1I132=1I162=1I171=1D212=1I143=1I63=1I51=1I178=1I311=1I117=1I489=1I66=1I80=1I48=1D127=1I52=1I43=1D256=1I571=1I162=	chr8	77.0791928715061	73.121387583644	72.6441984996716	73.1019834325087	74.0250617434294	62.7799147735515	59.8824983944283	170	NA	0.7	1	1	14.2992780979546	11545344	+	11564931	11569777	CO_31	y	chr8	155691389	11564639	11565287	11564394
m64101e_231117_063509/82117036/ccs	ptg000013l	31214158	31214446	31214446	7	25	TACAATACAATATCATGGCGCCCATGAAGTCC	CGGGTCGTCGCCCGTCAAGATTGCCTGGACTT	TACAATACAATATCATGGCGCCCATTGGACTT	XXXXxXxXXXXXXXXXXXXxXXXxXOOOoOOO	1	10145	31205038,31205111,31205575,31205786,31206174,31206295,31206393,31206674,31207234,31207280,31207454,31208111,31208977,31209057,31209076,31209077,31211539,31212312,31212563,31212765,31212882,31213106,31213275,31213898,31214158,31214446,31214551,31214948,31216102,31216365,31216854,31218427	-	14272	987=1D486=1I407=1D2145=1D492=1I24=1I781=1D49=1I1663=1X513=1D193=1D1357=1I35=1D931=1D76=1X104=1X188=1D142=1D64=1X532=1D422=2X190=1D5=1X262=1X114=1I70=1D33=1X29=1D179=5I60=1X68=1D137=1D154=1X133=1D287=1D306=1D481=1X40=2I108=	chr8	95.8007283665324	99.6014707955043	99.21980697763	99.5125644834996	98.1524165478586	85.1377353514152	90.5610831787927	106	NA	0.83	2	1	9.0403876167116	21824175	+	21828302	21838447	CO_37	y	chr8	155691389	21828014	21828407	21825712
m64101e_231108_213643/123930401/ccs	ptg000013l	20131300	20134090	20134090	7	4	TGCGAGTGCTG	GTGACCCATCC	TGCGCCCATCC	XXXXOOOOOOO	1	4775	20129526,20129757,20130581,20131300,20134090,20135363,20135583,20140629,20141876,20143932,20144142	-	16721	3737=1D881=1D8=1X95=1D53=1X435=1D836=1X76=1D142=1X715=1D772=2I2602=2D65=1D887=1X1246=1X2055=1X209=1X1011=1D886=	chr8	26.8517062069614	27.9016755597681	27.7626039724057	29.0353454549122	26.8618285832368	26.6798483729598	25.5783632630344	72	NA	0.81	4	1	2.3554970819524	32898615	+	32910561	32915336	CO_36	y	chr8	155691389	32907771	32911834	32903908
m64101e_231117_063509/167511378/ccs	ptg000013l	11276555	11281593	11281593	4	9	GCGGGCGGTCAAT	ATCCATAACAGGG	ATCCGCGGTCAAT	OOOOXXXXXXXXX	1	12253	11270139,11272555,11275914,11276555,11281593,11282493,11283043,11283986,11285403,11287506,11287723,11288483,11290860	-	21582	225=1I513=1X1385=1I46=1D601=21I85=31I7=1X165=2I124=1X31=1X671=1I1941=1D195=1D517=1X500=3I140=1X1017=5I215=1D188=1I777=1D5791=1I806=1D5569=	chr8	73.0540396632829	76.4977723081229	76.0474906782889	75.8133712349095	73.8486161264305	75.3094959458457	73.7247084082279	124	NA	0.75	2	1	1.18827636227721	41751538	+	41760867	41773120	CO_35	y	chr8	155691389	41755829	41761767	41760361
m64101e_231108_213643/58460252/ccs	ptg000029l	5759013	5760895	5760895	22	5	ACCAACCATACCAACTCACTAAGAGACA	TTAGTTATCGTATCTCGGACGGAGATTC	ACCAATATCGTAnCTCGGACGGAGATTC	XXXXXOOOOOOOnOOOOOOOOOOOOOOO	1	7811	5755138,5755483,5756574,5757172,5759013,5760895,5761196,5761463,5762039,5762076,5762147,5762561,5762621,5762910,5763243,5763293,5763979,5764125,5764809,5765312,5766593,5766972,5767443,5767842,5768524,5769675,5771032,5771124	+	18201	693=1D113=1D983=1D1692=1D2496=1D79=1D358=1D1397=1X300=1X266=1X30=2I545=1X36=1X70=1X413=1X27=1X22=2I9=1D1X235=1D51=1X98=1D233=1X17=1D31=1X526=2I159=1X145=1X537=4I1=1X1=1X142=1X162=1I340=1X1280=1X318=1D59=1X470=1X398=1X681=1X1150=1X324=1D228=1D566=1D235=1X91=1X26=1D15=1D116=	chr8	50.6023401006214	54.6066964769881	54.7738197651836	55.5790447425008	53.6606856955147	36.7859694437661	39.1140313402063	74	NA	0.83	4	1	16.4650134022945	58819676	+	58827487	58837877	CO_68	y	chr8	155691389	58825605	58827788	58821808
m64101e_231104_214136/177735000/ccs	ptg000034l	300083	301844	301844	9	17	GTTACTGGAGATGAAAAAATAAGATG	ACGCGCCATCGCAGGGGGGCTGAGCA	ACGCGCCATGATGAAAAAATAAGATG	OOOOOOoOOXXXXXXXXXXXXXXXXX	1	5277	297736,297963,298158,298425,298590,298605,298617,299204,300083,301844,302623,304282,304807,306117,306588,307893,308120,308597,308698,309498,309872,314009,315475,316799,316857,319477	+	23317	1102=4D48=1X7=1X2=1I14=1X38=6D182=1X194=1X266=1X164=1X14=1X11=1X140=1D109=1I336=1X878=1X842=1D28=1D475=1I740=1D1718=1I115=1D3480=1D1357=1I968=1I660=1D2862=1D1279=1D1554=1I283=1D655=1D2105=1D673=	chr8	717.749055517973	719.121406937365	718.536941329504	718.93341684315	717.307156862348	651.086481526521	651.638597463852	258	NA	0.8	2	1	67.482809473513	155372785	-	155390825	155396102	CO_78	y	chr8	155691389	155389064	155391604	155390218
m64101e_231108_213643/92473554/ccs	ptg000057l	40514846	40525121	40525121	10	4	TAATGAAAAACATA	CGTCCGGCGGTGCG	CGTCCGGCGGCATA	OOOOOoOOOOXXXX	1	14324	40511432,40513061,40513340,40514050,40514060,40514073,40514189,40514490,40514677,40514846,40525121,40525159,40527057,40527109	+	19634	635=1X168=1I176=2I582=1I702=1X278=1X535=1D173=1X9=1X12=1X115=1X300=1X186=1X168=1X757=1I178=1D1080=1I2237=1I93=1D35=1I1080=1D282=1X299=1D363=1D2986=1D261=1D972=1D253=1I87=1D130=1D685=1D299=1D190=1D607=1D642=1I340=1D659=1D914=1D145=	chr9	178.393362909064	190.076777139011	190.40121588078	191.350121841227	185.493722404516	165.819125243586	172.472696979769	320	NA	0.8	4	1	18.877424861458	3001965	-	3007275	3021599	CO_126	y	chr9	118863153	2997000	3007313	3001765
m64101e_231118_154314/124715824/ccs	ptg000003l	3942393	3942835	3942835	3	12	ATGCTCCCGGTCGCG	CCAAATGTAAATATC	ATGCTCCCGGTCATC	XXXXXXXXXXXXOOO	1	17470	3927177,3933257,3937373,3938119,3939633,3940451,3940529,3940760,3941155,3941795,3942203,3942393,3942835,3944642,3945404	-	20573	250=1D348=1D1074=1D20=1D524=1I302=1D16=1D140=1D191=1D7=2D108=1D96=1D199=1D108=1D167=1D35=1I67=2D177=1D245=1D636=1D104=1D67=1D65=1D72=1D1294=1D574=1D165=1D96=1D644=1X196=1D627=1D109=1D119=1D14=1D141=1I413=1D400=1D168=1D110=1I366=1D1063=1D283=1D170=1D678=1D825=1D692=1D90=1D434=1I1244=1D775=1D446=1D310=1X586=1D300=1D172=1D137=1D22=1X7=1I462=1D63=1I51=1X315=1D9=1D100=1D334=1X256=1I171=1X1=14I1X94=	chr9	147.936814011244	146.272077162242	146.77111643694	146.825299895592	146.400640510094	117.486867625489	111.217057064195	60	NA	0.68	1	1	30.449946385755	103286825	-	103304295	103307398	CO_12	y	chr9	118863153	103303853	103306102	103301276
m64101e_231117_063509/94439010/ccs	ptg000014l	5858055	5863742	5863742	6	14	GTTGAATCATTTTGCCCGTTC	ACCAGGCTGCGCCTAATACCG	GTTGAATCATTTTnCATACCG	xXXxXXxXXXXXXnXOOOOOo	1	20921	5843497,5843636,5845001,5845765,5846521,5846740,5847055,5847467,5847969,5849554,5850212,5852255,5856194,5857744,5858055,5863742,5863770,5864334,5864435,5864748,5866207	-	23438	192=1I100=1I131=1D180=1D105=1I99=1I103=1I19=1I188=1I9=1I806=1I162=1I370=1D133=1D88=1I385=1D493=1I581=1I594=1I31=1D32=2I46=1I28=1I43=1I118=1I66=1I446=1D408=2I141=1I92=1D34=1D91=1D182=1I16=1I12=1I96=1I92=1I304=1I57=1I78=1I227=1I26=1I229=1I159=1I231=1I243=1X19=1D337=1I22=1I89=1I160=1I54=2I15=3X214=1D386=1I82=1I199=1D23=1I22=1I7=1I324=1I309=1D118=1D210=1I10=1I38=1I143=1I455=1I73=1I198=1I166=3I642=3I75=1I225=1I124=1I133=1I258=1D206=1I100=1I114=1I56=1I137=1I298=1I16=1I142=1I5=1I10=1I46=1D56=1I251=1I26=1I140=1I242=1I57=1I121=1I517=1I13=1I76=1I24=1I160=1D203=1D95=1I269=1X5=1I23=1I13=4D34=1I89=1I247=1I1453=1D45=1I71=1D930=1I366=1D253=1I515=1X27=1X12=1I209=1I37=1I305=1X54=1I46=1X219=1I61=1I32=1X301=1D46=1I130=1I185=1I8=1I168=1I80=1I37=2I221=1D121=1I159=1X38=	chr10	75.350358392136	80.4403135465907	79.6585195989706	78.7878191597982	79.3856911197808	63.4733845938765	71.0258225482797	123	NA	0.76	2	1	9.414490998311	17607309	-	17628230	17630747	CO_39	y	chr10	146288486	17622543	17628258	17622377
m64101e_231108_213643/32441449/ccs	ptg000014l	13378022	13381439	13381439	10	4	TGTGGTAACTAAGA	GACAAGGCGGGGAG	GACAAGGCGGAAGA	OOOOOOOOOOXXXX	1	12117	13369424,13369426,13369428,13369592,13370048,13370224,13372084,13372509,13374963,13378022,13381439,13381572,13382608,13384643	+	16159	120=1X1=1X1=1X163=1X455=1X175=1X728=1D172=1I958=1X424=1X35=1D1288=1D655=2I473=1X772=1D1273=1D52=3I959=1X804=1D106=17D2045=1D2040=1D1475=1D969=	chr10	186.684680465844	200.600464594015	199.07902021485	200.222067162648	195.815177966906	193.194283305054	195.653563989418	228	NA	0.83	2	1	4.946900604597	25160128	+	25172245	25176287	CO_40	y	chr10	146288486	25168828	25172378	25169754
m64101e_231104_214136/31983752/ccs	ptg000199l	88286856	88297185	88297185	6	3	TAAACGGAA	CGGGTCTCG	CGGGTCGAA	OoOOOOXXX	1	14897	88282441,88283417,88283990,88284652,88285275,88286856,88297185,88298924,88300335	+	18384	56=1D123=1X468=1D126=1D379=1X4=1D397=1D118=1D50=1X132=1D422=1D105=1X28=1D163=5I342=1D87=1X164=2I1144=1I50=1D221=1X98=1D1014=1D231=2D118=1D151=1D36=1D246=1D925=1D304=1D18=1D10=1D867=1D477=1D127=1D10=1D449=1D664=1D374=1D2108=1D51=1D448=1D544=1D523=1D774=1D70=1D620=1D59=1D1371=1D28=1D901=1D175=	chr10	528.681415434727	537.223398059088	537.110616086212	534.520907108326	530.630236447689	377.661308783447	406.638393998332	329	NA	0.89	2	1	130.585004060756	141192380	+	141207277	141210764	CO_154	y	chr10	146288486	141196948	141209016	141206756
m64101e_231108_213643/139593292/ccs	ptg000008l	6341000	6341552	6341552	2	39	AAAGAGCCCAAAAGGCAGAGGTTAGCTGACGAGGCGCCTAT	GGTATCAGTGGGGTATGCGAAAGGCACAGTAGTAAATGGGC	AAAGAGCCCAAAAGGCAGAGGTTAGCTGACGAGGCGCCTGC	XXXXXXXxXXXXXxxXXXXXXXxXXXXXXXXXXXXXxxxoO	1	12666	6331228,6331675,6331733,6332011,6332113,6332579,6333434,6334876,6334912,6334995,6335050,6335177,6335466,6335542,6335982,6336017,6336351,6336614,6336620,6336690,6336798,6336799,6336831,6336966,6337169,6338038,6338159,6338859,6338868,6338875,6338876,6338904,6338970,6339098,6339115,6339118,6339568,6340072,6341000,6341552,6342762	-	15048	109=1I45=1I433=1I134=1D122=1X122=1I99=1I36=1I197=1D284=1D181=1D63=1D88=1I45=1I116=1D6=1D78=1D114=1I893=1I205=1D43=1D128=1I17=1I95=1D69=1D153=1I251=1I156=1D25=1I60=1I240=1I7=1D164=1I8=1D326=1D73=1I96=1D248=1D300=1D133=1D9=1D406=1D535=1D172=1D149=1D96=1I268=1I8=1D362=1I206=1D323=1D352=1I922=1D970=1I1797=1I103=1X94=1I118=1D277=1I719=1X339=1D831=	chr11	17.039822861224	21.8387377436444	21.698611304541	20.936167928899	21.049146586127	15.8906513931882	18.2503766791819	104	NA	0.66	2	1	3.5883610644625	9303608	-	9316274	9318656	CO_25	y	chr11	136991367	9315722	9317484	9315145
m64101e_231104_214136/157024827/ccs	ptg000008l	23128789	23129728	23129728	10	5	AGCTGGGTGGCTGAA	CTGCAATCACTCAGG	CTGCAATCACCTGAA	OOOOOOOOOOXXXXX	1	11237	23118913,23118921,23121363,23122626,23124021,23124920,23125240,23127048,23128625,23128789,23129728,23129771,23130467,23131784,23132335	-	15980	409=1X7=1X888=1D757=25I795=1X247=1D270=2D742=1X813=1D580=1X245=1I162=1D490=1X50=1D268=1X226=1D311=1I221=1D441=1D563=1D41=1X642=1D523=1D409=1X163=1X533=1D1056=1D305=1D73=1D770=1D283=1D640=1D1088=1D710=1D222=	chr11	35.1063291803708	37.5044540737813	37.7853860983764	37.7857698844134	37.5339916322281	32.1575146471498	36.8291760931197	55	NA	0.68	4	1	0.956593791293699	26116662	-	26127899	26132642	CO_26	y	chr11	136991367	26126960	26127942	26127880
m64101e_231117_063509/46860719/ccs	ptg000021l	17003445	17009016	17009016	5	3	CCCTATGC	TTAGGCTT	CCCGGCTT	XXXOOOOO	1	6809	17002720,17003296,17003445,17009016,17009620,17010681,17013952,17014980	+	23325	1849=1D670=1D472=1I38=1D129=1D475=1D57=1D622=1I191=1I230=1D1112=1I374=1D97=1D153=1I38=1I296=1X263=1D253=2D84=1X106=1I94=1D859=1X571=1I673=1D29=1D181=1D195=6I1X2=1X2=1I74=1D355=1D187=1I554=2D404=2I34=1X198=1I120=14D86=9D82=1D143=1D212=1D160=1X30=1D135=1D1320=1D1494=1D615=1D237=1D182=1I211=1D277=1I125=1D889=1D147=1D174=1D155=1D41=1D930=1D11=1D866=1D184=1D390=1D195=1D873=1D941=1D151=	chr11	145.570856281392	154.18411303127	154.828787686287	154.04895120795	150.787586854045	134.909046722022	144.8509821603	250	NA	0.83	3	1	9.97780552598701	119978093	-	119994609	120001418	CO_63	y	chr11	136991367	119989038	119995213	119993203
m64101e_231108_213643/38733413/ccs	ptg000021l	14491845	14494178	14494178	19	6	GAGGCTCGTATAGCAAGTGTGTTGGCC	AGAATCTACGGGAAGGCAACACCAAAT	GAGGCTnACGGGAAGnCAACACCAAAT	XXXXXXnOOOOOOOOnOOOOOOOOOOO	1	10344	14484640,14484908,14485308,14487529,14488086,14491845,14493650,14494178,14494486,14494640,14494903,14495473,14495586,14495991,14497716,14498021,14498640,14499076,14499917,14500239,14501538,14501643,14502005,14502312,14505136,14505162,14505369	-	22155	168=1D248=1D10=1D1082=1D863=1D3091=1D1411=1D488=1D299=1D294=1D272=1D1301=1D290=1D527=1X307=1X153=1X262=1X267=1D261=4I40=1X112=1X404=1X1724=1X304=1D618=1X106=1D328=1X357=1D482=1X321=1X542=1D163=1X591=1X104=1X235=1D125=1X306=1X485=1I676=1D318=1D535=1D806=1X25=1X206=1X430=1X192=	chr11	766.559601243581	778.85567977525	776.198626103616	778.260854500563	772.420285008306	719.414340440597	743.632016407009	376	NA	0.88	2	1	35.223663368241	122496862	+	122508673	122519017	CO_62	y	chr11	136991367	122506340	122508981	122508049
m64101e_231104_214136/7276621/ccs	ptg000001l	50225568	50227889	50227889	11	19	TATGACGGACAGGATCGCTTCAAAGGTCAC	CGGTGTCATTCAACGGATACTGGGAACTCT	TATGACGGACAGGATCGCTCTGGGAACTCT	XXXXXXXXXXXXXXXXXXXoOoOOOOoOOO	1	14866	50213431,50213457,50215410,50215703,50215736,50215834,50215862,50215864,50216057,50216082,50216083,50216087,50216103,50216235,50217901,50219084,50222732,50225438,50225568,50227889,50227995,50228623,50228862,50229846,50230052,50230666,50230696,50232032,50233330,50233440	-	20450	1511=1I351=1D287=1D67=1D142=1D977=1I1176=1D166=1D890=1D794=1I1161=1D77=1D764=1D333=1D3264=1D375=1D182=1D1574=1I771=1X105=1X627=1X9=1I229=1X316=1I633=1D33=1X205=1X45=1D567=1X29=1X10=1D101=1I1223=1X1297=1X109=1X32=	chr12	206.199576225285	216.502545515453	215.158013270092	216.084218809934	208.352232455332	184.471780895927	186.274867485476	255	NA	0.8	2	1	30.227678029977	8660721	+	8666305	8681171	CO_5	y	chr12	140160335	8663984	8666411	8647200
m64101e_231118_154314/149291358/ccs	ptg000001l	48121535	48122506	48122506	5	4	GCGCTCCCT	ATATCTATC	GCGCCTATC	XXXXOOOOO	1	10843	48114386,48117543,48118347,48121535,48122506,48122720,48122854,48122896,48123033	+	15555	671=1D1314=1D542=1D264=1D902=1D258=1D147=1D677=1D158=1D1237=1D1123=1D1745=1D1805=1X213=1X133=1X41=1X136=1X2916=1D1268=	chr12	87.9469394621965	97.4264012715747	95.8903215485907	97.052503131217	95.1565710885368	80.160525872052	66.7690739035283	168	NA	0.8	2	1	17.2658753995227	10768945	-	10773657	10784500	CO_4	y	chr12	140160335	10772686	10773871	10770188
m64101e_231104_214136/68486505/ccs	ptg000001l	46220633	46227772	46227772	6	2	TAGGACGG	GGAAGTAA	TAAAGTAA	XXOOOOOO	1	12854	46219516,46220633,46227772,46227878,46228299,46228311,46228495,46228497	+	15508	8435=1D934=1D3418=2I65=1X105=1X420=1X11=1X183=1X1=1X1928=	chr12	308.420597972737	317.422873893608	318.084050977922	318.317121771664	316.059195230973	230.92564943857	238.624563458984	180	NA	0.9	4	1	79.69255831268	12666425	-	12669079	12681933	CO_3	y	chr12	140160335	12661940	12669185	12663803
m64101e_231104_214136/105514642/ccs	ptg000020l	7499274	7500425	7500425	38	2	AACAGCCCCCGGTGGTGGCGAACCGACCATGAGTGTCCAC	GGTGAGTTGGTACAACAATACGTTTGGTCCCGACACTGGA	AATGAGTTGGTACAACAATACGTTTGGTCCCGACACTGGA	XXOOOOOOOOOOOOOOOOOOoooOOOOOOOOOOOOOOOOO	1	1468	7499263,7499274,7500425,7501313,7501402,7501674,7502034,7502406,7504565,7507246,7507824,7509655,7512152,7513217,7513601,7514208,7514514,7514672,7514825,7515263,7515560,7515660,7515889,7516268,7516277,7517105,7517204,7517610,7517770,7517815,7517973,7518135,7518386,7518864,7518896,7519035,7519633,7519749,7520472,7520617	+	23234	535=1I91=1I840=1X478=21D154=1D233=1X88=1X271=1X334=1D24=1X371=1X618=1D562=1X976=1X1301=2I960=1I419=1X151=1D425=1X900=4D926=1X1075=1D1275=2D143=1X1064=1X261=1X121=1X606=1X53=1D251=1X157=1X152=1X437=1X296=1X99=1X66=20I162=1X378=1X8=1X386=1X10=2I369=7D9=1D44=1X98=1X405=1X159=1X44=1X157=1X161=1X57=1I193=1X477=1X31=1X138=1X272=1I325=1X97=1D17=1X385=2D335=1X144=1X536=1D476=1D276=1I301=	chr12	175.370206072233	194.570356248019	194.006294626167	189.441422597632	182.831074388173	172.466814134035	173.403094358969	345	NA	0.84	2	1	21.16726188905	131530014	-	131551780	131553248	CO_60	y	chr12	140160335	131550629	131552668	131551615
m64101e_231117_063509/148767193/ccs	ptg000020l	5170640	5171026	5171026	4	6	ACCCGTAACC	GGTTTCTGTT	GGTTGTAACC	OOOOXXXXXX	1	2759	5169505,5169762,5169801,5170640,5171026,5171053,5171989,5173626,5175599,5177114	+	12681	1238=1X256=1X38=1X838=1X6638=1I3668=	chr12	44.4508230266748	48.5178023120208	48.9526079966789	47.8258118343466	47.2732503680599	47.3713748272215	47.3876037455763	74	NA	0.81	3	1	1.5650042511026	133857775	-	133867697	133870456	CO_59	y	chr12	140160335	133867311	133867724	133859895
m64101e_231108_213643/150144684/ccs	ptg000020l	978476	979184	979184	4	2	TGTTCC	CACCAT	TGCCAT	xXOOOO	1	1709	977513,978476,979184,979205,984242,991085	-	19194	44=1D453=1D100=1D570=1D356=1X12=1I172=1X20=1X975=1I1515=1D772=1D555=1D263=1I953=1X488=1D1631=1X2=1X1=1X85=1D796=1D1066=1D353=1D36=1I926=1D47=1D859=1D541=1X159=1D91=1D438=1D32=1D233=1D8=1D52=1D168=1D219=1I22=1I101=1I116=1D661=1D445=1D136=1D157=1D666=1I862=1D9=1D998=1D14=	chr12	139.099664707063	143.053995346069	141.900918368661	142.554536647505	140.841957950578	90.6604506810961	110.51100959614	228	NA	0.77	2	1	32.542985749929	138044184	+	138061669	138063378	CO_57	y	chr12	140160335	138060961	138061690	138059407
m64101e_231104_214136/162335477/ccs	ptg000026l	26444118	26444503	26444503	25	10	CACTAGCTCCAGAAATCCAAATGTAGGGCAGAGATG	TTTCGATGATCCTGGGTTGGGCACGAAAGGAGAGCA	CAnTAGCTCCACTGGGTTGGGCACGAAAGGAGAGCA	XXnXXXXXXXXOOOOOOOOOOOOOOOOOOoooOOOO	1	7979	26436606,26436937,26436970,26438643,26440932,26441643,26442558,26442866,26442914,26443974,26444118,26444503,26445226,26447059,26447429,26447918,26448483,26448702,26448878,26448980,26449423,26449589,26449635,26450128,26450341,26450476,26450576,26450598,26450618,26450923,26451056,26451136,26451679,26451718,26451931,26452356	-	18133	454=1D86=1D1336=1I365=1D430=1D1132=1D34=1D1079=1D1290=1I1612=1D30=1D129=1X152=1D391=1D177=1X669=1D868=5D289=1X369=1X471=1D16=1X208=1I191=1D164=1X218=1X175=1X101=1X14=1D221=1D205=1X165=1X45=1X394=1D97=1X212=1X134=1X99=1X21=1X19=1X304=1X23=20I109=1X79=1X542=1X38=1X212=1X159=1I265=1X311=1D330=3D1650=	chr13	509.762698908696	513.292495622042	514.30822401017	513.93452626667	512.823755510373	507.420322079184	511.028733389826	234	NA	0.86	3	1	3.27949062034395	20468165	+	20478319	20486298	CO_67	y	chr13	120149342	20477934	20479042	20471430
m64101e_231104_214136/53938857/ccs	ptg000026l	20818933	20819173	20819173	6	20	AACGACTGATAATCCTTTATTCCACG	GGTAGTCAGGCGCTTCCCGCCTTGTA	GGTAGTTGATAATCCTTTATTCCACG	OOOOOOXXXXXxXXXXXXXXXXXXXX	1	4648	20814879,20816226,20816266,20818383,20818652,20818933,20819173,20819618,20820547,20820631,20820898,20820990,20821034,20821659,20822184,20822278,20822790,20823054,20823160,20823213,20823513,20823875,20824088,20824282,20825744,20826297	-	12465	207=1D154=1X26=1D172=1I1147=1X39=1X1285=1D38=1D43=2D470=1D275=1X125=1D142=1X86=1D193=1X461=1D1585=1D603=1D128=1D134=1D65=1D580=1D56=1D107=1D25=1X1=2X159=1D3772=1I376=	chr13	33.4192891162859	38.0955523378426	37.8525497362963	37.6315573203155	36.3926967375086	33.7422060858675	34.9233452550968	88	NA	0.83	2	1	3.1722070827458	26095502	+	26103319	26107967	CO_66	y	chr13	120149342	26103079	26103764	26099850
m64101e_231104_214136/19859176/ccs	ptg000026l	16897043	16900579	16900579	3	2	TCAAG	CAGGA	TCGGA	XXOOO	1	9038	16892366,16897043,16900579,16902755,16903758	-	19058	2499=1I936=1I330=1I48=1D1563=1I2135=1D1523=1X1930=8D237=1X542=1D92=1D366=1X2091=1I7=1X97=1I1649=1D918=1D42=1I751=1I1290=	chr13	113.461336721786	123.029471261566	123.604742436523	122.719117903839	121.461688484469	110.672752625099	111.60098453097	170	NA	0.83	3	1	12.003757905553	30015923	+	30025943	30034981	CO_65	y	chr13	120149342	30022407	30028119	30021423
m64101e_231118_154314/145622517/ccs	ptg000004l	23369837	23375864	23375864	2	2	CCGA	TTAT	CCAT	XXOO	1	9129	23367320,23369837,23375864,23376234	+	10415	125=1D1463=2I2751=1I167=1I925=1I1279=1D1563=2D142=2X707=1X369=1X915=	chr13	351.744532510678	352.615896313356	352.993408191323	353.391582918139	352.009433010998	280.456540323135	281.308202921461	139	NA	-	4	1	72.083379996678	96790568	-	96791854	96800983	CO_17	y	chr13	120149342	96785827	96792224	96791673
m64101e_231104_214136/103680491/ccs	ptg000004l	5740005	5744278	5744278	5	3	GGATTAAC	AAGCCGGT	GGACCGGT	XXXOOOOO	1	8040	5738482,5738821,5740005,5744278,5744620,5746450,5746599,5746764	-	10984	6593=1I1446=1X341=1X299=1D1154=1D374=1X148=1X62=1D101=1X460=	chr13	32.9791638290786	37.5802124434359	36.4058797154007	35.8477747333888	34.6312048189539	28.011786051542	31.129288873514	57	NA	0.68	2	1	6.4509235699219	114412226	+	114415170	114423210	CO_15	y	chr13	120149342	114410897	114415512	114414008
m64101e_231104_214136/78973563/ccs	ptg000004l	695944	696295	696295	15	23	GCGCGTGTAATTGTTCACCCGGGCGACTTCCTTCCCGT	ATAAAATCTCCCTCCTGGGGAACTCTTCCTGCCTTTCC	ATAAAATCTCCCTCCCACCCGGGCGACTTCCTTCCCGT	OOOOOOOoOOOOOOoXXXxXXXXXXXXXXXXXXXXXXx	1	9671	689131,689309,690158,690293,690318,690352,690400,692984,693315,693664,693989,694395,694499,695200,695944,696295,697130,697257,697588,697684,697973,698251,698855,698856,699346,700829,701060,703139,703189,703769,703892,703917,704077,704575,705153,705732,707560,707951	-	21546	301=1X89=1D121=1I46=1X41=2I146=1X74=1X26=1X18=1I251=1X8=1D73=1I20=2I108=1D501=1I202=1D51=1I99=1D156=1I126=1I80=1X177=1X154=1D78=1D491=1X80=1I42=1X134=1X24=1X33=1X47=1X555=1D34=1D332=1D562=1D91=1D168=1D226=1I23=1D21=1D94=1I43=1D122=1D73=1D184=1I44=1X36=1X4=49D240=1X18=1I84=1D245=1X119=1D204=1X405=1X103=1X470=2X35=1I141=1D51=1X210=1I175=1D357=1X74=1I59=1I24=3I114=1I46=6I204=1I209=1I14=1I79=1X2=1X808=1I746=1D204=1I22=1I124=1I163=1D264=1D519=1I378=1I57=1D813=1I106=1I564=1I187=1I84=1D407=1D993=1I35=1I21=1D275=1D124=1D656=1D17=1I36=1I226=1I835=1I43=1D314=1D30=2I136=1D111=1I141=1D559=1D414=1I651=1D90=1D222=	chr13	811.564386249605	817.752070667202	816.207546409023	818.362848375528	813.925974649745	733.885178866246	748.539343649039	435	NA	0.85	4	1	69.823504726489	119451841	+	119463716	119473387	CO_14	y	chr13	120149342	119463365	119464551	119463639
m64101e_231108_213643/78317362/ccs	ptg000045l	55309893	55310833	55310833	2	2	TCGCCT	CGTTTC	CnTnCT	OnOnXX	1	6802	55306165,55308648,55309893,55310479,55310833,55314679	+	10940	2131=1X1010=1X1472=1I1244=1X92=1I245=1I249=1I264=1D2341=1D1475=1D410=	chr14	11.0901193743307	11.1608679772346	10.800381934698	11.6041671231356	11.3854229728529	10.5455123742715	10.4528058690308	66	NA	0.8	4	1	1.0586547488641	49737381	-	49741519	49748321	CO_115	y	chr14	104701121	49740579	49745365	49740478
m64101e_231108_213643/115081928/ccs	ptg000045l	54176020	54179755	54179755	7	2	GTCCCCACC	ACTTGTGTT	GTTTGTGTT	XXOOOOOOO	1	4448	54175908,54176020,54179755,54181865,54183472,54185891,54187516,54187615,54190414	-	16788	266=1D1705=1D466=1D481=1I1529=1X293=1I67=1I210=3D1536=1X1606=1X472=2I303=1D1024=1I618=1X1471=4I153=1X98=1X981=1D104=1D1385=1I216=1I110=1X1470=1I204=	chr14	114.625999879697	115.220326603932	113.538069400884	116.601704176083	114.237772132563	111.010584761032	116.150191950464	174	NA	0.84	4	1	0.451512225618998	50860068	+	50872408	50876856	CO_114	y	chr14	104701121	50868673	50874518	50869755
m64101e_231108_213643/82968841/ccs	ptg000045l	10055054	10057814	10057814	2	2	TACA	CGGG	CGCA	OOXX	1	7200	10054507,10055054,10057814,10063256	-	14098	46=1X57=1X5=1X11=1X15=3I60=1X50=1D100=4I519=1X1187=1D726=1D103=1D1008=1X354=1X116=1I75=1X454=1D455=1D498=1D209=1D425=1D20=1D242=1D68=1D26=1D61=1I373=1D1291=1D77=1D373=1I14=1I465=1I2X274=1I60=1D381=1I100=1I7=1I756=1D899=1D4=1D89=1D139=1D205=1I132=1D282=1D262=1D148=1D344=1D281=1D73=1D75=1D76=	chr14	10.9072220334527	10.9127346637494	10.8638147806456	11.0056942335057	10.4225585727339	10.57738338929	10.6225833794245	74	NA	0.73	4	1	0.383110854081201	94993858	+	95000756	95007956	CO_112	y	chr14	104701121	94997996	95006198	94999657
m64101e_231117_063509/71303908/ccs	ptg000045l	5767248	5768182	5768182	25	3	TTTTAACACATACAGAACCCGGGAAGAC	CGCCTGTGGGCGAGTTGTTTTAATGAGT	TTTCTGTGGGCGAGTTGTTTTAATGAGT	XXXOOOOOOOOOOOOOoOOOOOOOOOOO	1	6399	5763883,5766793,5767248,5768182,5768497,5768577,5768904,5769781,5769798,5770005,5770886,5771963,5773245,5774209,5774248,5774652,5775330,5775467,5775567,5775582,5776112,5776455,5776578,5777729,5777740,5777875,5778045,5779351	+	17746	4992=1D1407=1X314=1X79=1X326=1X876=1X16=1X206=1X880=1X1076=1X1281=1X160=2D21=1X779=1X38=1X117=1D1X9=1X113=1I143=1I18=1X502=88I175=1X136=1X99=1X14=1X326=1D202=1X342=1X122=1X1150=1X10=1X134=1X139=2I30=1X679=1I626=1X88=	chr14	39.8672514654439	40.7288689882066	40.9442347598478	39.9707633872799	40.5965916181551	34.16943761274	39.1436442242007	84	NA	0.71	3	1	1.8005905356471	99282504	-	99293851	99300250	CO_111	y	chr14	104701121	99292917	99294166	99292689
m64101e_231118_154314/106365022/ccs	ptg000009l	5643301	5643456	5643456	9	3	GTTGGTGGGCGG	AGCAACAACTTT	AGCAACAACCGG	OOOOOOOOOXXX	1	7748	5635994,5636133,5636375,5636531,5637724,5639862,5639991,5641663,5643301,5643456,5643962,5645342	-	10155	289=1X138=1X114=1I127=1X155=1X338=1D853=1X873=1D349=1D127=1I786=1X31=3I97=1X184=1D981=2D124=1X378=1X354=2D1281=1X2471=1D90=	chr15	427.005858553477	431.101125389907	431.273569609016	430.43384776861	428.266166970591	382.973932819323	396.419043992532	291	NA	-	3	1	34.854525616484	88219679	+	88222086	88229834	CO_30	y	chr15	93846347	88221931	88222592	88217962
m64101e_231118_154314/154733152/ccs	ptg000009l	4670698	4672167	4672167	16	3	TCAGTGTTGAGCTACATCC	CTGACTGCAGATCCTGCTT	CTGACTGCAGATCCTGTCC	OOOOOOOOOOOOOOOOXXX	1	13622	4658871,4659571,4659616,4659872,4660045,4660059,4660304,4663438,4665628,4667192,4667717,4668826,4668964,4669057,4669077,4670698,4672167,4673142,4674165	-	15833	328=1X231=2D466=1X44=1X255=1X172=1X13=1X244=1X1224=1I1909=1X2189=1X1563=1X115=1D408=1X700=1I408=1X137=1X92=1X19=1X820=1D799=1X3679=	chr15	62.7964675436697	68.1871023165442	67.741980376984	67.5280943173416	67.4168287050842	62.5166529379585	66.1258995670461	72	NA	0.7	2	1	2.06120274949809	89191227	+	89193438	89207060	CO_29	y	chr15	93846347	89191969	89194413	89192387
m64101e_231108_213643/162006793/ccs	ptg000009l	3106179	3106679	3106679	5	6	GCTTTCGTGGG	CACCCTCCAAA	CACCCCGTGGG	OOOOOxxXXXX	1	3644	3103217,3103279,3103336,3104696,3106179,3106679,3107559,3107680,3107832,3111207,3118934	+	16881	186=1X61=1X56=1X218=1D913=1D226=1X286=1D282=1D511=1I401=1X239=1D267=1D869=1I1839=1D652=1D2126=1D314=1D7=1D1229=1D35=1D357=1D246=1D524=1D236=1D378=1D740=1D419=1D81=1D209=1D368=1D11=1D379=1D410=1I236=1D106=1D167=1D510=1D232=1I94=1D157=1D250=1D21=1D24=	chr15	121.243334721303	133.319323133881	133.04394010506	133.928987304467	130.934112190763	119.741742625482	124.82246285002	202	NA	0.85	4	1	9.106524454447	90745662	-	90758899	90762543	CO_28	y	chr15	93846347	90758399	90759779	90757959
m64101e_231117_063509/154534490/ccs	ptg000039l	3933149	3941815	3941815	5	4	CGCTCATGT	AATCTGCTC	AATCTATGT	OOOOOXXXX	1	13116	3930359,3930364,3930743,3932626,3933149,3941815,3942476,3945130,3946407	-	18120	349=1D12=1D1141=1D154=1X4=1X378=1X103=4I1322=1I23=1I316=1I118=2X67=1D453=1X686=1D398=1D793=1I541=1D224=1D2204=2I491=1I261=1D989=1I378=1D40=1D4320=1I937=1I1113=1I284=	chr16	589.11300010061	595.332973259683	596.656019857599	598.304644728545	595.644966979827	575.079378323168	571.177438706313	344	NA	0.88	4	1	23.2252664053769	7382254	-	7395370	7400374	CO_93	y	chr16	94528409	7386704	7396031	7394669
m64101e_231117_063509/121244224/ccs	ptg000039l	6233194	6235681	6235681	13	2	GCGGACCGTTCACAC	CTATGTTCCCAGGGA	CTATGTTCCCAGGAC	OOOOOOOOoOOoOXX	1	10390	6227894,6228070,6228467,6228973,6229040,6229058,6229347,6230376,6230383,6230899,6233050,6233190,6233194,6235681,6236426	-	12063	242=1I360=1I395=1I11=1D295=1D74=1I108=1D630=1D292=1D12=1I84=2I80=1X21=1D153=1X396=1X106=3I111=1D90=1I85=2I112=1X66=1X17=1X121=1I167=1X95=1D241=1I368=1I146=1I177=1X6=1X272=1I243=1X34=1I587=1I299=1I169=1I1061=1X35=1I104=1X3=1X40=1D451=4D340=3I34=1I537=1I1686=1I565=1I499=	chr16	34.3033065539804	41.4750102234205	41.0699756585505	41.1843236496349	38.706123892054	31.4817402174215	36.635025679931	104	NA	0.8	2	1	4.8399845434895	9679897	-	9690287	9691960	CO_94	y	chr16	94528409	9687800	9691032	9689655
m64101e_231104_214136/107219471/ccs	ptg000043l	19387504	19387653	19387653	9	52	GTGGGCAGCGTGTACGTCCTGATCCACGGAGGGGCAATGAGTAGGAACTTGCATGTCACGA	ACAATTCATAAACCACGAACCGGAGGAACGTATCTGGCACACGTTGGAACATGGCCAGGCG	GTGGGCAGCGTGTACGTCCTGATCCACGGAGGGGCAATGAGTAGGAACTTGCGGCCAGGCG	XXXXXXXXXXXXXXXXXXXXXXXXXXXXXXXXxXXXXXXXXXXXXXXXXXXXOOOOOOOOO	1	7146	19381572,19381590,19381612,19382020,19382029,19382356,19382479,19382516,19382565,19382608,19382858,19382886,19382953,19382992,19383020,19383166,19383198,19383342,19383350,19383365,19383368,19383500,19383658,19384217,19384363,19384381,19384427,19384776,19384876,19384913,19385001,19385063,19385109,19385157,19385265,19385354,19385470,19385471,19385789,19385870,19386018,19386074,19386114,19386227,19386391,19387261,19387302,19387323,19387348,19387480,19387488,19387504,19387653,19387683,19387731,19387757,19387766,19387792,19387813,19388321,19390900	+	11929	149=1D2562=1I1664=1I81=1I130=1I280=1I302=1D51=1I576=1I141=1I1202=1X29=1X47=1X25=1X8=1X25=1X20=1X13=1D493=1X1583=1D994=1X833=1D129=1I479=1D82=1I12=	chr16	88.2430004755707	91.7783585990274	92.1014146850996	91.4048388525935	90.6343244537577	57.7885659618356	75.5437631533651	107	NA	0.79	3	1	16.5576515317345	77484817	+	77491963	77496746	CO_105	y	chr16	94528409	77491814	77491993	77484489
m64101e_231118_154314/71698750/ccs	ptg000043l	26144528	26145566	26145566	5	11	TGTTCCCTGGGCTAAT	GTCCTAGACAATGGGC	TGTTCCCTGGGTGGGC	XXXXXXXXXXxOOOOO	1	5362	26140984,26141129,26141443,26141542,26141580,26141675,26141712,26141869,26142113,26143207,26144528,26145566,26146778,26148568,26149467,26149513	-	10897	283=1I1543=1I2047=1I754=1I605=1D126=1X93=1I1003=1I115=1X461=1D269=1I1058=1X97=1X83=1X598=1X117=1X45=1X259=1I570=1D437=1I215=1I101=	chr16	68.2614902384847	74.9732601704079	74.1591577120144	74.2967816283797	72.7576235036603	49.9521215267778	71.8422562792047	160	NA	0.76	2	1	3.13100389120319	84243952	-	84249314	84254849	CO_107	y	chr16	94528409	84248276	84250526	84247331
m64101e_231108_213643/151913579/ccs	ptg000043l	27249089	27253106	27253106	2	9	TCTTTTCTGAA	GTGCCCTCAGT	TCTTTTCTGGT	XXXXXXXXXoO	1	16001	27239416,27239577,27244381,27244648,27246996,27247062,27247947,27248132,27249089,27253106,27254347	-	17478	1179=1I830=1I521=1I1985=1I294=1I234=1I1611=2I790=3I400=1D504=1I353=1I355=1D531=1I73=1D77=1I880=1I50=1I185=1I156=1I421=4I822=1I54=1I256=1I246=2I530=1I103=1I13=1I314=1I114=1I698=1I277=1I64=1I650=2D80=1I95=3I120=1I95=1X1088=1D151=1X236=	chr16	293.917292371698	305.279449002246	305.654954858246	305.881551399849	302.200738909734	206.868947981616	236.423485531146	300	NA	0.83	4	1	69.458065868703	85341568	-	85357569	85359046	CO_108	y	chr16	94528409	85353552	85358810	85356063
m64101e_231108_213643/115411029/ccs	ptg000061l	529687	531036	531036	4	4	CACGGTAC	TCTAACGT	TCTAGTAC	oOOOXXXx	1	14689	519681,521163,528633,529687,531036,532645,534724,536325	+	20263	341=1D447=1D31=12I318=1I1352=1I646=18D191=1X968=1D512=1X701=1D299=1D8=1D1X830=4D314=4I2780=1I504=1D1160=1D612=2D249=1X384=1D306=1I135=1I227=1X143=1D258=1I300=1X805=1D2111=1D962=1D1469=1I575=1I295=	chr17	624.554198682602	628.398267762415	627.803749114344	629.997418087173	624.207975528058	596.018572306685	597.528571642408	418	NA	-	4	1	32.4688464447649	12791825	-	12797399	12812088	CO_134	y	chr17	99595324	12796050	12799008	12785323
m64101e_231117_063509/68420075/ccs	ptg000092l	6533581	6537752	6537752	2	2	ATCC	GCTG	ATTG	XXOO	1	5594	6532882,6533581,6537752,6539113	+	10886	2666=1I977=1I1949=1X1360=1X600=16D1693=1I1119=1D517=	chr17	51.8875140367474	54.9263909323533	54.4380523757079	54.9353763750249	54.6710253441791	40.0825729756892	42.8536070537159	82	NA	0.83	4	1	12.081769321309	19922309	+	19927903	19933195	CO_148	y	chr17	99595324	19923732	19929264	19922446
m64101e_231104_214136/159449472/ccs	ptg000031l	20649145	20650197	20650197	29	8	GTTAGGGGAGCTCACCCCGTACACGCACAAGTGTCCTTT	ACGGTAAAGATCTGTTTTACGTGGCTGTGGTCTGTTGGG	ACGGTAAAGATCTGTTTTACGTGGCTGTGAGTGTCnnTT	OOOOOOOOOOOOOOOOOOOOOOOOOOOOOXXXXxxnnxx	1	19645	20631004,20631365,20632338,20632461,20633021,20633217,20633308,20633791,20637271,20637564,20637596,20637728,20637995,20638305,20639097,20639403,20640168,20640771,20642002,20642052,20642739,20643311,20645743,20645823,20646335,20646497,20647424,20648849,20649145,20650197,20650497,20650519,20650531,20650565,20650755,20650789,20650803,20650837,20650871	+	20507	453=1X235=1X124=1X200=1D598=1I173=1X122=1X296=1D118=1I118=1D25=1X195=1X90=1X13=1I253=1D215=1X196=1D1434=1I21=3D144=1D737=1I942=1X292=1X31=1X131=1X266=1X309=1X62=1D405=1X14=1X9=3D295=1X16=1I289=1X173=2I351=1D239=1X602=1X35=1I989=7I206=1X49=1X53=1D69=1I136=1D227=1I199=1X571=1X48=2I157=1I1656=1D338=1D230=1X79=1X327=1X183=1X153=1X7=1X926=1X622=1D76=2I57=1D128=1D266=1D81=1D189=1X295=1X12=1D44=1I351=1I118=2D1116=34D120=1D123=1I25=	chr17	63.1964626736948	72.6670788626052	72.7571439944526	72.6344106608112	71.2840803415862	64.7678192732162	63.890975396391	147	NA	0.82	3	1	7.9893247212364	68612036	+	68631681	68632543	CO_70	y	chr17	99595324	68630629	68631981	68629041
m64101e_231118_154314/71303308/ccs	ptg000037l	9855546	9856125	9856125	36	2	ACCGCTAATAGTACTAGAGTTTCGACCGGGTGGTCATT	GTTAAGGGCGACGGCGAGAACGTTGATCAACAAGAGCC	GTTAAGGGCGACGGCGAGAACGTTGATCAACAAGAGTT	OOOOOOOOoOOOoOoOOOoOOoOOOOOOOOOOOOoOXX	1	19761	9836395,9836560,9836571,9836580,9836776,9837067,9837557,9837562,9838190,9838328,9838510,9839408,9839711,9841160,9842183,9842892,9843516,9843751,9844397,9845254,9846652,9847237,9847485,9847948,9848777,9848889,9849126,9849469,9849945,9850093,9850419,9850759,9851164,9852768,9853616,9855546,9856125,9858710	-	22750	38=1X116=1D47=1X10=1X8=1X75=1D119=1X225=1D64=1X75=1I30=1I37=1D20=1I183=1I143=1X4=1X55=1D42=1I90=3I52=1D386=1X137=1X181=1X426=1D328=1I142=1X164=1D137=1X456=1I112=1I562=3D315=1X347=1D28=1I10=1D130=1D187=3I1=1X6=1X78=1I230=1X6=1I134=1I444=1I124=1X591=8D1X23=1X42=1D191=1X645=1X3=1D630=1I222=1X343=1I386=1D135=1D104=1I427=1X315=4I269=1X247=1X17=1D166=1D250=1D26=1X680=1I148=1X111=1X236=1X252=1I90=1X36=8D411=1D19=1X115=1D31=1X325=1X148=1I22=1I128=1D40=1X404=1X413=1I659=1I531=1X599=2I122=1D125=2X467=1I101=1D184=1I1175=1X111=1I58=1D49=1I138=1D13=1D277=1I1311=1D133=1I157=1D1099=3I213=	chr18	-1.42933138526398	1.13065830988829	1.11551607011453	0.59154890250412	0.695265825224939	0.256224600182556	-1.05848190979331	106	NA	0.77	2	1	0.874433709705734	66762816	-	66782577	66785566	CO_82	y	chr18	90695042	66781998	66785162	66770501
m64101e_231118_154314/173082752/ccs	ptg000037l	16437216	16438042	16438042	3	3	TATTCA	CGCCTG	TATCTG	XXXOOO	1	4483	16434228,16434665,16437216,16438042,16442096,16442143	-	12819	753=1I210=1I301=1I325=1I172=1I55=1I24=1I182=1I486=1I101=2I1X54=1I74=2I68=1I20=1I8=1I44=1I65=2I11=1I41=1I98=1I23=1I69=1I179=1I243=2I211=1I258=1I98=2I247=1I29=1X165=1I24=1I50=1I68=1I174=1I1728=1I9=1I157=1I432=13D261=1I61=1I911=1X46=1X92=1I112=1I678=1I308=1I63=1I228=1I11=1I197=2I125=1I1389=1I190=1I71=1X139=1I100=1I8=1I510=	chr18	103.531000439188	115.337898606803	116.001467934939	115.325873693949	112.184943403882	102.306785109794	95.6376446384362	142	NA	0.86	3	1	13.694682825145	73358632	-	73363115	73371451	CO_83	y	chr18	90695042	73362289	73367169	73362753
m64101e_231108_213643/151783039/ccs	ptg000037l	25959089	25960455	25960455	3	9	CCACATACGAAC	AAGTGGGGACGT	AAGCATACGAAC	OOOXXXXXXXxx	1	3978	25957607,25958975,25959089,25960455,25963000,25964408,25964481,25964615,25965070,25966002,25966541,25966599	-	10809	425=1D431=1D170=1X103=1X140=1I602=1D590=1I34=1X113=1X924=1D892=1I142=1I367=1D1091=1D429=1D20=1D407=1I1067=1D215=1D15=1D665=1D54=1I523=1D632=1D70=1D248=1I127=1D249=1D53=	chr18	20.3672855179362	21.517997305401	21.9977168783893	21.1969748274805	21.4811836662674	16.0004858011128	16.4812515865254	64	NA	0.84	3	1	5.5164652918639	82866191	-	82870169	82877000	CO_84	y	chr18	90695042	82868803	82872714	82865746
m64101e_231104_214136/9635676/ccs	ptg000037l	27341087	27344174	27344174	5	8	TCAAGAGGAAGGG	CTGGAGCAGCTAA	TCAAGAGGGCTAA	XXXXXXXXOOOOO	1	10077	27338369,27338833,27339131,27339157,27339323,27339778,27340705,27341087,27344174,27344507,27345758,27345888,27352491	+	18733	788=1D1233=1D967=1D62=1D1937=1D482=1I428=1I1629=1I65=1D62=1D160=1I8=1I2251=1X332=1X1210=1D39=1X129=1X72=1D1749=1D1192=1D608=1D2977=1X147=1D196=	chr18	1.06474485581443	0.561275547475961	0.673883565881936	0.489254925454906	0.660040200148747	0.493420265019991	0.601582481749744	8	NA	0.82	1	1	0.463162374064686	84244045	+	84254122	84262778	CO_85	y	chr18	90695042	84251035	84254455	84248400
m64101e_231118_154314/125895660/ccs	ptg000249l	1471510	1473441	1473441	7	4	CGGAGAGAGAA	TAAGTGAGAGT	CGGATGAGAGT	XXXxOOOOOOO	1	12006	1463605,1469862,1471067,1471510,1473441,1478130,1478237,1478257,1478693,1479393,1479891	+	18617	512=1D737=1D862=1D16=1D514=1D667=1D2453=1D257=1D688=1D508=1I222=1D612=1I441=1D297=1D97=1D729=1I244=1D16=1D107=1I220=1D1236=1D364=1D178=6D1X24=1X136=1D186=1D392=1I50=1I886=1D476=2D107=1D57=1D4=1X7=1D360=1D109=1D386=1I504=1D79=1I323=1I13=1D43=1D51=1D206=1D165=1I132=1X88=1D17=1X19=1X100=1D84=1X4=1I69=1D93=1D81=1X358=1X127=1I213=1X251=1D177=1D27=1D39=1X163=1I10=	chr19	581.885999817525	587.955071154116	587.099799596253	587.159578616257	584.059702856065	523.961542322723	549.81210986939	545	NA	0.9	2	1	38.142961284726	4814614	+	4826620	4833231	CO_158	y	chr19	68087067	4824689	4831309	4823128
m64101e_231104_214136/132055060/ccs	ptg000085l	2862027	2862221	2862221	2	3	GACTC	TTTGG	TTCTC	OOXXX	1	3125	2859631,2862027,2862221,2862393,2862429	-	11078	535=1X308=1D1293=1I793=1X2957=1D322=1D1512=1D17=1D137=1D258=1D121=1D2822=	chr19	509.148798994319	511.771290621011	511.279301456059	511.153464930679	509.122590025294	408.310687012763	464.229539253471	160	NA	-	2	1	47.54175136754	61135594	+	61143547	61146672	CO_147	y	chr19	68087067	61143353	61143719	61140517
m64101e_231118_154314/51317199/ccs	ptg000075l	10476427	10476883	10476883	13	15	CGGGGGGCCGCAACGGGCGGTGCGAACGG	TAACAATTAAATGGAAATAACATAGTAAA	CGGGGGGCCnCAACGGATAACATAGTAAA	XXXXXXXXXnXXXXXXOOOOOOOOoOOOO	1	11612	10466093,10467560,10468373,10469081,10469191,10470803,10472889,10473908,10473909,10474364,10474412,10475614,10475752,10475783,10476290,10476427,10476883,10477664,10478026,10478215,10478821,10478893,10479383,10479667,10480016,10480180,10481225,10482379,10482446	-	20146	2212=1D1281=1D4179=1D176=1D606=2D1X640=1I2233=1D135=1D148=1X323=8I288=2D167=1X361=1X188=1X605=1X71=1X489=1X283=1X282=1D59=1D5=1X20=1I143=1X1044=1X1153=1X66=1X75=5D1419=1X42=1X52=1X227=1X2=1X51=1X161=1X502=1X426=	chr20	62.1604354624256	66.3817529642591	65.1015337799554	65.6943766943632	65.0777310467994	51.9325131435573	54.198704927049	83	NA	0.75	2	1	12.1830480372101	6833055	+	6841589	6853201	CO_160	y	chr20	78115444	6841133	6842370	6840510
m64101e_231117_063509/115149606/ccs	ptg000075l	9859986	9866654	9866654	2	3	TGGGA	CAAAG	CAGGA	OOXXX	1	12621	9857229,9859986,9866654,9868916,9869740	-	15902	692=5I16=5I55=1I2=1I26=65I30=10I1518=4I765=1X608=1I2148=1X7298=1I2649=	chr20	377.901452694692	386.304929214893	384.059588593752	384.705552891464	381.436159361404	369.110520302045	374.766158053729	188	NA	0.81	2	1	11.538771161164	7443992	+	7447273	7459894	CO_141	y	chr20	78115444	7440605	7449535	7442072
m64101e_231118_154314/74778560/ccs	ptg000062l	23470005	23471371	23471371	3	5	GTAACTCC	TCGGTGTG	TCGACTCC	OOOXXXXX	1	11452	23467661,23469579,23470005,23471371,23471413,23471430,23471438,23471680	-	14210	169=1D2039=1D2591=1I100=2I2=1X2837=1X1917=1X425=1X1627=1D1223=1D1273=	chr20	136.860605990071	151.489219715403	150.340201394009	148.047094861834	145.875432547706	125.93978320429	133.483481348336	198	NA	0.86	2	1	18.005738367067	57985984	-	57997436	58000194	CO_135	y	chr20	78115444	57996070	57997478	57990783
m64101e_231118_154314/144050563/ccs	ptg000062l	31338410	31345141	31345141	2	4	ATTCTA	GGCTCC	GGTCTA	OOXXXX	1	8059	31337339,31338410,31345141,31347511,31348833,31352056	-	15649	255=1X1070=1X97=1D338=1I979=1I1357=2I1155=1D6085=1D184=1I121=1I1833=1I2166=	chr20	93.3302798255912	97.1332997093222	97.7249456523519	97.3614112782749	94.5918111810198	88.8100078391002	95.1003805863473	139	NA	0.85	3	1	2.62456506600461	65850044	-	65858103	65865693	CO_136	y	chr20	78115444	65851372	65860473	65857779
m64101e_231108_213643/155584500/ccs	ptg000062l	31573126	31573213	31573213	7	26	CATCGACAGGAAATCTACGAACAACTTCTGATA	ACCGCGTCTAGCGCGAGTCGGTGGTGCTGCGCG	CATCGACAGGAAATCTACGAACAACTCTGCGCG	XXXXXXXXXxXXXXXXXXXXXXXXxxoOOOoOO	1	11371	31561888,31562153,31562438,31562805,31562913,31563187,31564921,31565017,31565092,31565221,31567716,31567916,31568100,31568359,31568768,31568853,31569283,31569767,31570440,31570747,31570958,31571170,31571171,31571868,31572850,31573126,31573213,31573469,31573491,31573719,31575202,31575856,31577055	+	16109	224=1D197=1D505=1D601=1I899=1I706=1I534=1I89=1D262=1D333=1D60=1D87=1I88=1I981=1D49=1I621=1D703=1I359=1I493=1D625=1D454=1D297=1D7=1D355=1I129=1D585=1D229=1D157=1I479=1D182=1I32=1I36=1X221=1D33=1X21=1X91=1D135=1X100=1I535=1I155=1D407=1D22=1I164=1D96=1X89=1X127=1D435=1X52=1D1060=1D84=1X50=1I282=1I228=1D89=1I248=	chr20	53.7807664872229	60.5400169495485	58.9207191836808	60.4444979957496	57.2869366001243	43.341433958616	46.3637757896117	219	NA	0.82	2	1	14.1762411599368	66074607	+	66085978	66090716	CO_137	y	chr20	78115444	66085891	66086234	66079596
m64101e_231117_063509/93914475/ccs	ptg000062l	34430245	34430981	34430981	8	21	TCTTCTGTAAGGAGCATGAGATAGTTTTT	GTCGACACGGCAGAGGCTGCGCTACGCGA	TCTTCTGTAAGGAGCATGAGACTACGCGA	XXXXXXXXXXXXXXXXXXXxXOoooOOoO	1	12249	34418788,34418800,34418820,34418917,34419435,34419962,34420240,34420347,34420535,34420976,34421882,34422352,34422405,34422661,34422710,34422847,34425082,34426215,34428552,34430140,34430245,34430981,34431159,34431163,34431532,34432070,34432209,34432347,34433320	-	15098	868=1I845=1I225=1I1163=1I100=2D365=1I433=1I50=1I716=1I1814=1I35=1I440=1I9=1I697=1I604=1I80=1I90=1I159=1I432=1I1218=1I458=1I476=1I80=1I30=1I839=1X177=1X3=1X25=1I99=1I90=19D6=1X36=1X34=1X56=1X107=1X17=1X411=1X138=1X68=2I1X68=1X56=1I277=1I270=1I65=1I220=1I84=1X45=1I281=1I191=	chr20	181.490674398919	193.410261730649	191.596402804437	192.714477737989	189.77729557275	145.695240771477	177.239776069104	325	NA	0.83	2	1	16.170485661545	68930090	-	68942339	68945188	CO_138	y	chr20	78115444	68941603	68942517	68941236
m64101e_231108_213643/141296607/ccs	ptg000041l	12173543	12179200	12179200	10	4	AAAACCTTATAGCT	GGCGAGCGGGGATC	GGCGAGCGGGAGCT	OOOOOOOOOOXXXX	1	12239	12167155,12169682,12169966,12170471,12170472,12170523,12172843,12173171,12173478,12173543,12179200,12181014,12181545,12181951	+	15682	191=1X380=1I277=1I120=1I1150=1D598=1X133=1I135=1I15=1X504=2X50=1X603=1I569=1D1146=1X327=1X306=1X64=1X656=1I191=1D595=1I450=1D378=1D4493=1D10=1D1839=1D484=	chr21	201.27038348526	204.101887229218	203.477576229138	204.021794179401	202.29008360163	153.697961454615	146.592466502819	97	NA	0.84	2	1	50.403925774603	20793018	+	20805257	20808700	CO_98	y	chr21	51350302	20799600	20807071	20804933
m64101e_231108_213643/7013839/ccs	ptg000041l	17987044	17988398	17988398	3	14	GTAGCTATAAGGGCGGG	ACTATCGGGGTTCAACA	GTAGCTATAAGGGCACA	XXXXXXXXXXXXXXOOO	1	8070	17980831,17981303,17981409,17981751,17981873,17982635,17982850,17983242,17984301,17984401,17984702,17985223,17985395,17987044,17988398,17998619,17999472	-	19345	335=1D773=1I70=1D321=1I370=1I784=1D226=1D311=1I837=1I201=1I65=1I165=1D468=1I574=1I1083=1I1021=1D298=1X157=1X194=1D1422=1I305=1D649=1D1189=1D177=1D1980=1D725=1D234=1D76=1I75=1I176=1D311=4I175=1D192=1I305=1I1139=1I761=1D124=1X271=1I506=1D74=1X201=	chr21	89.0237909897357	97.9914582134537	98.3841226362343	96.548930469837	95.7587334415936	88.4340299918073	89.4831738017682	149	NA	0.78	3	1	8.90094883446609	26606777	-	26614847	26626122	CO_99	y	chr21	51350302	26613493	26625068	26614772
m64101e_231118_154314/175245551/ccs	ptg000041l	18276995	18278817	18279987	7	8	GCCGCTTTTGGATGC	ATTATCGACAAGCCA	ATTATTGATGGATGC	OOOOoxOoXXXXXXX	1	7307	18271971,18272118,18272498,18273176,18276995,18278817,18279987,18280770,18283523,18283867,18285672,18285848,18285922,18289298,18289921	+	23206	467=1X146=1X63=1D315=1X677=1X156=1D799=2D466=1D1247=2D1144=1X217=1I26=1I1576=1D1171=1X782=1X441=1D281=1D1649=1D1670=1D255=1D9649=	chr21	108.236301694575	110.094662243479	109.728962187637	108.637226521364	107.992501225484	103.953907600568	93.1039403704896	186	NA	0.87	2	1	6.14075464291099	26898140	+	26905447	26921346	CO_100	y	chr21	51350302	26903625	26906617	26886342
m64101e_231117_063509/97583812/ccs	ptg000041l	31048994	31049649	31049649	10	20	CCACTTGACGGAGCAAGATGAAGTGGGCTT	TTGTCCACTTAGATCTAGCACGACACAGCC	TTGTCCACTTGAGCAAGATGAAGTGGGCTT	OOOOOOOoOOXXXXXXXXXXXXXXXXXXXX	1	11356	31039399,31041138,31041180,31041594,31043362,31044776,31046616,31047842,31048946,31048994,31049649,31049677,31049681,31049832,31049836,31049861,31050520,31050687,31052268,31052269,31052336,31052781,31053336,31054778,31055595,31056258,31056396,31056743,31056993,31057336	+	19083	66=1I185=1D661=1I63=1D145=1X279=1D396=1D252=1D572=1D235=1X41=1X413=1X674=1X260=1D38=1I152=1I462=1I179=1X403=1D321=1D420=1D266=1X224=1I116=1D537=1D815=1D144=1X456=1D271=1D119=1D376=1X178=1D523=2D331=1D67=1X47=1X20=1D302=1D347=1D45=1D579=1D263=1I416=1D642=1I441=1D1956=1D390=1D185=1D16=1D143=1I373=1D255=1I252=1I1045=1D193=1D176=1D250=1D85=	chr21	151.70443224947	163.360293958307	164.243590375306	164.549169062372	160.807981985192	75.8812223015681	112.949874325029	254	NA	0.83	4	1	51.599294737343	39664913	+	39676269	39683996	CO_102	y	chr21	51350302	39675614	39676297	39674921
m64101e_231108_213643/100795351/ccs	ptg000041l	35672052	35672387	35672387	17	7	ATCATGCATCCCTATTTGATTGTG	GCGGCCTGGTTTAGCCCCGCCACA	GCGGCCTGGTTTAGCCCGATTGTG	OOOOOOOOOOOOOOOOOXXXXXXX	1	8474	35666172,35667188,35667388,35667548,35668107,35668455,35668584,35668871,35668928,35669085,35669690,35670290,35671776,35671835,35671987,35672025,35672052,35672387,35672410,35672412,35672729,35673016,35673650,35673666	+	17185	129=1I174=1I1194=3I756=1X1015=1X199=1X159=1X558=1X238=4I109=1X128=1X286=1X56=1X156=1X604=1X599=1X1187=2D296=1X58=1X151=1X37=1X26=1X161=1D232=1D3297=1D145=1D92=1D1081=1I1103=1D2231=1I700=	chr21	254.576806664767	267.786013077124	265.718080137053	266.700587112096	257.372674103193	233.294466587294	233.462274091012	301	NA	0.88	2	1	34.323738986112	44289792	+	44298266	44306977	CO_103	y	chr21	51350302	44297931	44298289	44296595
m64101e_231118_154314/118884680/ccs	ptg000041l	36642367	36647525	36647525	9	3	GGGCGAAGTTAC	CAATAGCAACGT	GGGTAGCAACGT	XXXOOOOOOOoO	1	11067	36640045,36642309,36642367,36647525,36647978,36649389,36649452,36650787,36652153,36652703,36653331,36653395	-	17725	201=1D742=1D252=1D425=1D121=1D428=1D459=1D148=1D579=1D2462=1D422=1D81=1I1747=1D104=1D282=1I198=1D139=1D244=1D56=1D439=1D1536=1X452=1X722=1D687=1X62=1X261=1D229=1D316=1I239=1I181=1D105=1X256=1D13=1D28=1I50=1D242=1D116=2I357=1X38=2D1X36=2X219=1X102=1X446=1X272=1D354=1X63=1X355=1I348=1D89=	chr21	85.9387561034884	91.9644097180955	90.4855805414746	92.1186106424866	89.0854313694191	72.2234495218561	55.7875777056556	199	NA	0.81	4	1	19.8951611206305	45264288	-	45275355	45282013	CO_104	y	chr21	51350302	45270197	45275808	45267142
m64101e_231117_063509/123341034/ccs	ptg000047l	5843012	5850531	5850531	5	2	ATAACAA	GGGGAGC	ATGGAGC	XXOOOOO	1	9082	5842876,5843012,5850531,5853368,5855622,5856183,5856564	+	15416	603=1I278=1I291=1I491=1I257=1I773=1I254=3D671=1I1584=1D913=1I1047=1D373=1I134=1I330=1I559=1D42=2D242=1I228=1X1032=1I919=1I741=1D143=1X208=1D2044=1X560=1X112=1I268=1X269=1D30=	chr22	233.509176001373	247.833688403984	245.117074740446	242.330453338264	241.73906797625	194.153458824759	206.883945463647	239	NA	0.88	2	1	40.949742940337	48221562	-	48227896	48236978	CO_118	y	chr22	59520411	48220377	48230733	48227174
