read_name	contig	previous_snp	jump_snp	next_snp	count_haplotype_one	count_haplotype_two	ref_bases	alt_bases	read_bases	haplotype_string	number_of_jumps	jump_snp_pos_in_read	snp_pos_in_read	strand	read_length	cigar_string	chr	Sperm_PrimarySpermatocytes_Reads.methyC.UmethyC	Sperm_UndiffSpermatogonia_Reads.methyC.UmethyC	Sperm_DiffSpermatogonia_Reads.methyC.UmethyC	Sperm_spermatids_Reads.methyC.UmethyC	Sperm_Mature_Reads.methyC.UmethyC	blood_cpg_data	neuron_cpg_data	CpGs_onRead	badCpGs_onRead	refCpGOvl_perc	maxLL_Germ	maxLL_noGerm	LL_maxGerm_minus_maxNonGerm	abs_LL_maxGerm_minus_maxNonGerm	chromosome_start	ref_strand	right_jump_snp_ref	chromosome_end	CO_event	Approved	chromosome	chromosome_length	left_jump_snp_ref	right_flank_ref	left_flank_ref
m84108_241122_112240_s1/115346095/ccs	ptg000138l	1515788	1516385	1516385	2	3	CAAGT	TGCCC	CAACC	XXXOO	1	6212	1512247,1515014,1515788,1516385,1517480	+	15780	3754=1I1766=1D691=1X1094=1X2941=1D21=8D1087=1D4423=	chr1	24.6814517493314	27.4152044174767	27.1592384892558	26.9788922728882	26.4904557703838	25.5519479376438	25.65837200559	81	NA	0.64	27.4152044174767,2	25.65837200559,2	1.75683	1.75683	6445231	+	6451443	6461011	CO_4	y	chr1	243847345	6450846	6452538	6450845
m84108_241122_112240_s1/170002411/ccs	ptg000045l	16376763	16376927	16376927	8	6	ACGAATGACTTGCGA	CTATGCTGGCGATCG	CTATGCTGCTnGCGA	oooOooOoxXnXXxX	1	11819	16369708,16369952,16372817,16372819,16372822,16372856,16372873,16376763,16376927,16377234,16377311,16377565,16377933,16378070,16378099	+	13953	46=1D477=1D27=1D292=1D863=1D470=1D113=1I597=1D547=1D359=1D412=3X385=1X154=1D88=1X746=1D660=1D161=1D76=1D145=1D64=1I252=1X607=1I6=1D140=1X1=1X2=1X33=1X16=1X289=1D37=1D150=1D13=1D175=1D232=1D228=1I227=1I1X94=1I256=1D16=1D34=1I130=1D46=1D65=1D32=1D215=1D45=1D26=1D19=1I45=1D164=1D38=1D470=1D208=1X2=1X23=5I258=1D266=23I63=1X495=1D52=1D63=1D87=1D360=1D1182=1I57=	chr1	4.35110024087907	4.93730966743241	5.72790343126916	5.44651190472898	5.29653704994197	4.25390308296608	5.29105382496914	102	NA	0.72	5.72790343126916,3	5.29105382496914,2	0.43685	0.43685	25771111	+	25782930	25785064	CO_11	y	chr1	243847345	25782766	25783237	25781990
m84108_241122_112240_s1/103221551/ccs	ptg000005l	701069	701340	701340	7	31	CCTATCCCTAATGAGACCCCCTCTTAAATGTGAGCTTC	TGCGCTTTCGGCACAGATTTACTCCGGGCCGCGATCCG	CCTATCCCTAATGAGACCCCCTCTTAAATGTCGATCCG	XXXxxxxxxXxXxxxXXXXXxxXxXXXXXXXOOOOOOO	1	13932	687410,688113,688304,688496,688679,689483,690811,690866,691069,693086,694899,695060,695115,695201,696241,696530,697329,697352,697850,698294,698609,698979,699537,699738,699761,699815,700304,700407,700752,701055,701069,701340,701464,701692,701798,701808,701875,701968	+	16420	168=1I35=1D71=2X75=1D112=1I133=1D87=1D359=1I41=1D98=1X79=1D217=1X45=1D117=1I12=1I11=1I29=1D27=1D111=1D245=1I202=1X113=1X72=1I117=1D148=1D113=1D44=1X79=1D23=1D522=1D341=1D113=2I12=1X147=1D208=1I32=1X84=1I202=1D516=1X70=1D564=1D113=1D55=1D166=1I34=1D156=1D836=1D26=1D59=1I34=1I401=1I59=1D287=1D93=1D419=1D14=2D141=1I228=1D108=1D144=1D8=1X12=1I633=1I952=1D27=1D322=1I455=1D582=1I508=1I1233=1X123=1X227=1X105=1X9=1X15=1D50=1X92=1X231=1D1629=	chr3	9.01830191879573	13.2450279882885	12.1764889049958	13.2225524713635	11.8313744305883	-19.1810061388493	-12.1699409916916	241	NA	0.83	13.2450279882885,2	-12.1699409916916,2	25.415	25.415	24376687	+	24390619	24393107	CO_2	y	chr3	215253457	24390348	24390743	24389336
m84108_241122_112240_s1/212798810/ccs	ptg000035l	76140241	76142859	76142859	22	2	AATATGAGTATTAGGCATACCACT	TGCGCAGAAGGCGTTTTGGTTGTC	TGCGCAGAAGGCGTTTTGGTTGCT	OOOOOOOOOOOOOOOOOOOOOOxX	1	10518	76132607,76132658,76132910,76133630,76133811,76134415,76134468,76136432,76136651,76136834,76136935,76137378,76138412,76138704,76138708,76139451,76139694,76139969,76140023,76140058,76140240,76140241,76142859,76142860	-	11281	269=1X50=1X251=1X719=1X180=1X603=1X52=1X1963=1X218=1X182=1X100=1X442=1X1033=1X291=1X3=1X353=1D388=1X137=2D103=1X274=1X53=1X34=1X181=2X289=1X1071=1D1246=1I772=	chr3	8.01272032187081	10.3072840585346	10.1762553313918	10.0885578586904	9.33183679633355	9.45547298516978	9.66396296550999	32	NA	0.6	10.3072840585346,2	9.66396296550999,2	0.643321	0.643321	125564327	+	125565090	125575608	CO_17	y	chr3	215253457	125562472	125565091	125564275
m84108_241122_112240_s1/98637516/ccs	ptg000041l	18282769	18284478	18284478	15	7	CTACCCTTATAAGGACACGGTC	GCGATTCCGCGTCACTGTAACT	CTACCCTCGCGTCACTGTAACT	XXXXXXXOOOOOOOOOOOOOOO	1	4778	18279814,18280993,18281105,18281308,18282398,18282676,18282769,18284478,18285278,18285590,18285788,18285900,18286173,18286345,18286466,18286585,18286906,18287124,18287232,18287803,18287868,18289961	-	10299	4223=1X554=1X244=1D554=1X160=6D145=1X197=1X111=1X272=1X148=2I23=1X120=1X118=1X320=1X39=5I178=1X107=1X65=1I505=1X64=1X345=2D1745=1X38=	chr4	11.5828160122888	13.0742114032832	13.4011305900694	12.8284893532321	12.766036356844	9.89721937599482	11.9721574424899	30	NA	0.67	13.4011305900694,3	11.9721574424899,2	1.42897	1.42897	27322233	+	27327754	27332532	CO_31	y	chr4	215373162	27326045	27328554	27314980
m84108_241122_112240_s1/51056007/ccs	ptg000014l	66100553	66101076	66101076	10	31	TGTGCAACTATGTTCCTAATCTTGTGCGTCCCGTCCGAGCA	CAAATGTGCGCACCTTAGGCTCCACATACAGTACTTAGAGG	TGTGCAACTATGTTCCTAATCTTGTGCGTCCTACTTAGAGG	XxxXxXxxxXXxxxXxXXXxXXXXXXXXXXxOOOOOoOOOO	1	11297	66089891,66090485,66090490,66090715,66090779,66090836,66091381,66092079,66092217,66092450,66092938,66093136,66093477,66093917,66094179,66094200,66094453,66094565,66095289,66095681,66096265,66096754,66096892,66096898,66096900,66096901,66097408,66098359,66098446,66099461,66100553,66101076,66101231,66101234,66101557,66102018,66102236,66102270,66102700,66103561,66103899	-	14277	1124=1D169=1D98=1I105=1D58=1D612=1D270=1I396=1D320=1D1144=1D235=1I407=1D22=1D414=1D242=1D285=1I550=1D554=1D175=1D535=1X1=2X837=1D149=1D40=1D539=1I83=1D236=1D154=1D489=1I416=1D592=1D37=1X154=1X2=1X42=1I107=2D171=1X460=1X217=1X33=1X210=1D7=1X2=1X207=1X215=6D639=1X337=1X164=	chr6	13.1660851451492	13.9648755540415	13.8621428709557	14.058140742737	13.5763497962962	-1.60155493335418	3.72224632717818	71	NA	0.69	14.058140742737,4	3.72224632717818,2	10.3359	10.3359	146374851	-	146386148	146389128	CO_25	y	chr6	199452338	146385625	146386303	146384510
m84108_241122_112240_s1/102700148/ccs	ptg000075l	26643454	26643777	26643777	14	19	GACAGATGGCGACTGACCTATGGGAATATGCTT	AGTGTGCACTACTCCGTGCGCTTAGGCCCATCC	GACAGATGGCGACTGACCTGCTTAGGCCCATCC	XXXXXXXXXXXXXXXXxXXOOOOOOOOOOOOOO	1	9356	26634537,26635374,26635570,26635607,26636103,26636191,26637340,26637957,26638922,26639203,26640747,26641720,26642446,26642464,26642551,26642838,26642944,26643326,26643454,26643777,26643858,26644342,26645169,26645928,26645929,26646261,26646265,26646493,26646763,26646801,26646872,26646963,26647024	+	18164	2459=1D3746=1I1734=1D588=1D828=1X80=1X92=1I271=1X5=1D6=2I107=1X826=1X286=54D418=2X273=2I58=1X3=1X227=1X269=1X37=1X70=1X90=1X60=1X134=1X273=1X397=1I76=1X56=1X152=1X44=1X33=1X305=1X14=1X184=1X86=2D19=1X47=1X39=1X156=1D22=2I43=1X13=1X149=1X204=1X40=1X72=1X35=1X66=1X156=1X13=1D26=1X151=1X199=15I84=1X62=1X38=1X66=5D114=1X140=1X150=1X256=1D23=1X136=1X98=1X15=1X72=1X21=1X263=1X53=1X1=1D7=1X122=1X145=3I195=1X30=1X61=1X17=1X119=1X52=	chr7	1.92458977780611	2.48884440606794	2.64722815074897	2.01546972353712	2.690144321753	2.33141986285169	2.32788545068279	77	NA	0.69	2.690144321753,5	2.33141986285169,1	0.358724	0.358724	36990860	-	36999668	37009024	CO_1	y	chr7	170803427	36999345	36999749	36999217
m84108_241122_112240_s1/185472671/ccs	ptg000075l	6121755	6121962	6121962	21	20	ACGTTAGGATATACAACATGATAATAGTTTTGCTGCATACA	CTAACGAAGCGCGTGGTGCCTCGTCGTAGAAAAGATGACTG	CTAACGAAGCGCGTGGTGCCTTAATAGTTTTGCTGCATACA	OOOoOOOOooOOOOOOOOOOOXxXXXXXXXXxXxXXXXXXX	1	13721	6108849,6109178,6109613,6110189,6111462,6111927,6112517,6114805,6116391,6117936,6118006,6118591,6118713,6119021,6119206,6119647,6120183,6121038,6121098,6121526,6121755,6121962,6122087,6122857,6122942,6122948,6122954,6124183,6124377,6124564,6125642,6126861,6126968,6127525,6127554,6128859,6129329,6129599,6129960,6129998,6130346	-	22594	260=1I339=1X328=1X434=1X304=1D270=1X247=1D38=1I851=1I135=1X380=1D83=1X46=1I86=5I72=1X9=3I375=1X2287=1X496=1D57=1D1030=1X275=1D102=1D1071=1X93=1X69=1X188=1D395=1X121=1X307=1X184=1X440=1X76=1D166=1I135=1I51=1D105=1X194=1D659=1X59=1X88=1D338=1X96=6I5=1X24=1X14=1X56=1I30=1X4121=1D523=1I247=1D886=1D202=1I1373=1D568=1I165=1D188=1D443=1D360=	chr7	12.464950803645	15.8975670991202	15.263825519696	15.4139457893884	15.0614245227451	-0.0794138812268751	1.71894120584115	114	NA	0.72	15.8975670991202,2	1.71894120584115,2	14.1786	14.1786	57507657	+	57516530	57530251	CO_14	y	chr7	170803427	57516323	57516655	57515446
m84108_241122_112240_s1/229971060/ccs	ptg000054l	39785391	39787012	39787012	34	20	AAATACGATGCGGGGGGTCCCCTTGCTCTTGATTTTGGTAAAAGCTTTTGGACT	GCTCTTACCATCATAATGTGTTCCTGCTGCAGCCCCAAAGGGGAACACCCACTA	AAATACGATGCGGGGGGTCCTTCCTGCTGCAGCCCCAAAGGGGAACACCCACTA	XXXXXXXXXXXXXXXXXXXXOOOOOOOOOOOOOOOOOOOOOOOOOOOOOOOOOO	1	5833	39781191,39781372,39781388,39781830,39781887,39782308,39782487,39782529,39782616,39782982,39782992,39783667,39783775,39784288,39784378,39784388,39784599,39784736,39784756,39785391,39787012,39787145,39787564,39787964,39788255,39788336,39788340,39788445,39788990,39789461,39789561,39789565,39789622,39789631,39789648,39789714,39789735,39789821,39790224,39790283,39790649,39790936,39790953,39790979,39791215,39791282,39791340,39791578,39791939,39792260,39792382,39792621,39792701,39792849	-	11901	5833=1X132=1X418=1X399=1X133=1I157=1X80=1X3=1X104=1X544=1X470=1X99=1X3=1X56=1X8=1X16=1X65=1X20=1X85=1X402=1X58=1X77=1X287=1X21=3D262=1X16=1X25=1X235=1X66=1X57=1X73=1D163=1X360=1X320=1X121=1X238=1X79=1X147=1X233=	chr7	14.9881463059987	17.6141027049366	17.4217767097447	17.1076275749074	15.7687712722265	14.0996497824664	16.5861483092204	51	NA	0.82	17.6141027049366,2	16.5861483092204,2	1.02795	1.02795	129694495	-	129700328	129706396	CO_21	y	chr7	170803427	129698707	129700461	129699833
m84108_241122_112240_s1/253759452/ccs	ptg000025l	32848016	32848868	32848868	27	27	AGCCCCTAGCTTCTGTCCGCGTGCATCTGGTATCCATAGTTTACCTGTATGAGC	CTGTGTCCAGCCGGACGGATACTTCCTCCACCGTTGCGACCCGAAAACGCTGCT	CTGTGTCCAGCCGGACGGATACTTCCTTGGTATCCATAGTTTACCTGTATGAGC	OOOOOOOOOOOOOOoOOOoOOOOOOOOXXXXXXXXXXXxXXXXXXXXXXXXXXX	1	8958	32839981,32840239,32840329,32840488,32840596,32840862,32841837,32841914,32842145,32842325,32842449,32842603,32843107,32843355,32843485,32843776,32844504,32844532,32845219,32845594,32845619,32846885,32846922,32846928,32847836,32847882,32848016,32848868,32849384,32849517,32849910,32849941,32850041,32850178,32850355,32850400,32850537,32850610,32850635,32850950,32851153,32851416,32851527,32851595,32857058,32859344,32859430,32860114,32860206,32860374,32860613,32860792,32861060,32861555	+	22109	92=1X50=1D206=1X89=1X158=1X92=1D14=1X11=1D34=1D110=1D107=1X824=1D61=10D78=1X76=1X230=1X179=1X123=1X66=2D85=1X334=2I169=1X247=1X120=1D8=1X290=1X174=2I412=1D140=1X27=1X686=1X374=1X24=1X97=1D890=1D147=1D108=1I20=1X36=1X5=1X828=1D78=1X45=1X133=1X589=2D413=1D1414=1D607=1D1048=1D21=1I23=1D1444=1D463=1D458=1D1012=3D1090=1D171=1D52=1D580=1I287=1D385=1D225=1D242=1D374=1I134=1D1013=1D1170=1D505=1D32=1D245=	chr8	-3.01375642112066	-3.16383919550201	-3.19980684837206	-3.39538952179821	-2.25208922577092	-3.47066849309909	-3.31080232158801	101	NA	0.73	-2.25208922577092,5	-3.31080232158801,2	1.05871	1.05871	124283942	+	124292900	124306051	CO_23	y	chr8	158533252	124292048	124293416	124292750
m84108_241122_112240_s1/165086483/ccs	ptg000043l	1695678	1696537	1696537	3	60	CGTCTGTGAGACGGATTTACGGGGAAGCCGAGTCGCGCACACCTCAAAACAGTTCAATCAATT	GCATCAGAGAGTACGCCCTTCAAAGCAAGAGACTATCTCTGTTGAGGGGTGCCCTGCCTGGCC	GCACTGTGAGACGGATTTACGGGGAAGCCGAGTCGCGCACACCTCAAAACAGTTCAATCAATT	OOOXXXXXXXXXXXXXXXXXXXXXXXXXXXXXXXXXXXXxXXXXXXXXXXXXXXXXXxXXXXX	1	1477	1695158,1695306,1695678,1696537,1696596,1697423,1697455,1697538,1697605,1697887,1698145,1698206,1698415,1698493,1698529,1698555,1698625,1699384,1699773,1699813,1700320,1700490,1700541,1700845,1701509,1701580,1701581,1701875,1702021,1702230,1702251,1702651,1703093,1703098,1703298,1703426,1703464,1703556,1703655,1703673,1704182,1704419,1704826,1705056,1705101,1705189,1705466,1705594,1705861,1706996,1707448,1707506,1707612,1707985,1708538,1708613,1708653,1708848,1709107,1710612,1711019,1711388,1711510	+	16491	93=1X147=1X371=1X75=1I176=1I242=1X177=3I822=1I343=1I1992=1I1008=1I1574=1I886=1I53=1I171=1I61=1I424=1I879=1I9=1I232=1I41=1I43=1I238=1I188=1I349=1I223=1I718=1I943=1I113=1I441=1I697=1I54=1I108=1I52=1I599=1I114=1I88=1I16=1I739=1I170=1I83=1I509=1D187=	chr10	15.1340957278607	11.7779682896308	13.3752599307668	9.87127080392302	14.7020480862309	12.8072378504215	13.3242797100176	134	NA	0.75	15.1340957278607,1	13.3242797100176,2	1.80982	1.80982	11176661	+	11178138	11193152	CO_32	y	chr10	150804130	11177279	11178197	11177923
m84108_241122_112240_s1/109970080/ccs	ptg000015l	3129253	3131303	3131303	19	8	TGCTTTTCTCTCGGCCGCGCATGAGTA	CATCCCCTCGCTATTTAGTTGCACACT	CATCCCCTCGCTATTTAGTCATGAGTA	OoOOOOOOOOOOOOOOOOOXXXXXXXX	1	8319	3123191,3123403,3123708,3124311,3124728,3125114,3125360,3125579,3125857,3126294,3126299,3126391,3126625,3127084,3127387,3128003,3128287,3129208,3129253,3131303,3131634,3132153,3132309,3132851,3132939,3133360,3133486	+	10591	200=1X211=1X304=1X602=1X164=1D251=1X111=1I15=1I259=1X245=1X218=1X277=1X71=1I365=1X4=1X91=1X149=1D83=1X257=6I201=1X302=1X196=1I419=1X103=1X179=1X920=1X44=1X76=1I676=2D446=1I621=1D272=1I1552=1I673=	chr10	5.63751265526756	8.75691733711289	8.38782951803339	8.20813719321807	7.6082126418062	5.71852694965568	8.69300392456736	50	NA	0.77	8.75691733711289,2	8.69300392456736,2	0.0639134	0.0639134	141392421	-	141394693	141403012	CO_3	y	chr10	150804130	141392643	141395024	141393322
m84108_241122_112240_s1/242876639/ccs	ptg000011l	76912591	76912903	76912903	13	8	GGTCCGACTTCACTGCGTGTT	CTCGTAGGCCTCGAAAACAGC	GGTCCGACCCTCGAAAACAGC	XXXXXXXXOOOOOOOOoooOO	1	1239	76911942,76912244,76912300,76912327,76912394,76912506,76912521,76912591,76912903,76913193,76913720,76913835,76914283,76914309,76914525,76915165,76917511,76917847,76918924,76919441,76925459	+	17020	1004=1D148=1I86=1X289=1X116=1D38=8D363=1X114=1X119=1D269=1X57=1X25=1X23=1I192=1X146=1D345=1I147=1X759=1I359=1D431=1D26=1D626=1D140=1X76=40I259=1X192=1X656=1I227=1X516=1X1298=1D1283=1D354=1D97=1I42=1D96=1D378=1D469=1D84=1D325=1I1241=3I40=1I1=1X225=1D13=2D59=1X103=2I505=1I110=1I92=1X325=1D66=1D356=1I1084=1D12=1D65=1I475=	chr12	6.880749638683	7.15195557689127	7.56720731498408	7.46416152384068	6.43262896948454	-10.3253632416646	-11.6554241680098	126	NA	0.75	7.56720731498408,3	-10.3253632416646,1	17.8926	17.8926	141156160	+	141157399	141173180	CO_22	y	chr12	154228409	141157087	141157689	141148942
m84108_241122_112240_s1/67965910/ccs	ptg000021l	11815603	11816240	11816240	4	12	ATTTCAATGCGGTAAGC	GCCCTGTACTACCGGAT	ATTTCAAnGCGGTGGAT	XXXXXXXnxxXXXOOOO	1	5019	11811225,11811875,11812083,11813700,11813902,11813916,11814090,11815066,11815076,11815077,11815177,11815278,11815603,11816240,11817074,11817237,11817768	-	12434	519=1I444=1D2063=1D23=1D19=1D424=1I351=1D280=1I676=1I216=1X260=1D179=1I393=1X127=2X33=1X446=1D12=1D70=1X2762=1D447=1I839=1I328=4I468=1D453=1I141=1D385=2I56=	chr16	17.4297255719091	21.0942896127287	20.9275684067737	20.8387132721681	20.4825801134423	15.5185878296875	20.507935731113	112	NA	0.77	21.0942896127287,2	20.507935731113,2	0.586354	0.586354	27944035	-	27949054	27956469	CO_27	y	chr16	131347499	27948417	27949888	27948811
m84108_241122_112240_s1/97457964/ccs	ptg000388l	30744570	30744728	30744728	11	5	TAGGGTGTACGAATCC	CCAAACAGGTAGGATT	TAGGGCAGGTAGGATT	XXXXXOOOOOOoOOOO	1	7968	30739031,30742138,30742585,30743151,30744570,30744728,30745094,30746126,30746181,30746829,30752083,30752650,30753022,30753125,30753434,30753493	-	18152	249=1D546=1D1620=1D186=1D2683=1D749=1I1934=1X174=1D190=1X162=1D868=1X54=1X200=1D46=1D399=1X829=1I258=1D706=1D1697=1I1215=1D545=1X59=1D506=1X8=1D362=1X102=1X308=1X58=1X589=1D87=1D749=	chr20	16.0734578659465	20.0651309239304	19.2513158194689	18.8441336027647	17.1356255048594	8.83723667933118	13.3590205038537	149	NA	0.81	20.0651309239304,2	13.3590205038537,2	6.70611	6.70611	71517915	-	71525883	71536067	CO_30	y	chr20	84443219	71525725	71526249	71525503
m84108_241122_112240_s1/204606857/ccs	ptg000152l	26435627	26436807	26436807	22	10	AACAGCCTCGAAGATTGCCACCCGGGATCACT	CGAGATGCAAGTACCCCATGTTTAAAGCGTTC	CGAGATGCAAGTACCCCATGTTCGGGATCACT	OOOOOOOOOOOOOOOOOOOOOOXXXXXXXXXX	1	10444	26426592,26427170,26427216,26427261,26427636,26427743,26428143,26428175,26428911,26429563,26429904,26429972,26430775,26430969,26431853,26432610,26433066,26433782,26433804,26435135,26435376,26435627,26436807,26436888,26437183,26437308,26437764,26439142,26441236,26442415,26444466,26444946	-	20367	237=1X221=1I96=5D1=1X253=1X45=1X44=1X257=1D116=1X106=1X355=1D43=1X31=1X735=1X651=1X340=1X67=1X802=1X193=1X883=1X756=1X455=1X333=1D381=1X21=1X1330=1X240=1X250=1X950=1D703=1D5172=1D284=2D828=1D1824=2D307=1D985=1I47=	chr21	28.4012900400479	31.4830287994153	31.6286599635843	31.1830415258953	31.7341988658923	8.44763743707477	8.89213745268818	93	NA	0.68	31.7341988658923,5	8.89213745268818,2	22.8421	22.8421	19815595	+	19825518	19835962	CO_16	y	chr21	59507314	19824338	19825599	19824896
m84108_241122_112240_s1/161352640/ccs	ptg000094l	1131212	1132413	1132413	20	12	GGGTCTGAATGAACGCCTAAAAGCTTAATAAG	AAACACAGCCAGGGTTTCGCGGATCCGGCGCC	AAACACAGCCAGGGTTTCGCAAGCTTAATAAG	OOOOOOOOOOOOOOOOOOoOXXXXXXXXXXXx	1	4284	1128201,1128574,1128602,1128898,1128928,1128993,1129049,1129230,1129371,1129400,1129494,1129859,1129863,1130101,1130123,1130321,1130572,1130914,1131032,1131212,1132413,1132453,1132727,1133179,1133741,1133869,1134446,1135344,1138260,1139526,1142927,1143762	+	15973	74=1X372=1X27=1X142=1D152=1X29=1X64=1X55=1X180=1X140=1X28=1X93=1X86=1D7=1X5=1X263=1X3=1X237=1X21=1X197=1X250=1X341=1X117=1X179=1X180=1I469=1D7141=1I611=1I1708=1D622=1D422=1D1715=1D18=	chr22	83.6975251545462	94.6215208263044	94.4732348719828	93.2644899852121	89.9644892434927	78.2446381867401	86.8442584944396	189	NA	0.79	94.6215208263044,2	86.8442584944396,2	7.77726	7.77726	46828527	-	46840216	46844500	CO_9	y	chr22	54769797	46839015	46840256	46830698
