contig	previous_snp	jump_snp	next_snp	read_name	count_haplotype_one	count_haplotype_two	ref_bases	alt_bases	read_bases	haplotype_string	number_of_jumps	jump_snp_pos_in_read	snp_pos_in_read	strand	read_length	chromosome_start	ref_strand	right_jump_snp_ref	chromosome_end	chromosome	chromosome_length	left_jump_snp_ref
ptg000038l	45666440	45666472	45666521	m84108_241122_152112_s3/215224988/ccs	2	16	TAGGGCAGTCAGCTCCTG	GGAAATGACTTTACTGCC	TAGGGCGGTCAGCCCCTG	XxxXXxoXXXXXXOXXXX	2	2189	45665815,45666056,45666342,45666361,45666429,45666440,45666472,45666521,45666717,45666789,45667085,45667189,45667476,45667758,45667861,45668261,45669107,45669465	-	5465	27260359	+	27263684	27265824	chr1	197147237	27263603
ptg000039l	95121998	95122804	95123563	m84108_241122_152112_s3/18219613/ccs	19	2	CTTGGCACCGGCTCGTAGTTC	TAGAAGTTGTATGTCCGTGGT	TAGAAGTTGTATGCCCGTTGT	OOOOOOOOOOOOOXOOOOxOO	2	7885	95115160,95115209,95115457,95115586,95115755,95115848,95116115,95116897,95117093,95117447,95119298,95121198,95121998,95122804,95123563,95124071,95124917,95125010,95125693,95125870,95125950	-	11613	27260403	-	27269047	27272016	chr1	197147237	27267482
ptg000011l	36956025	36956645	36957661	m84108_241122_152112_s3/215815815/ccs	6	1	ATTTGTA	GGGAAGC	GGTAAGC	OOXOOoo	2	6625	36952994,36956025,36956645,36957661,36958628,36959149,36969104	+	19086	129094485	-	129107962	129113571	chr1	197147237	129106326
ptg000025l	79595753	79596934	79597907	m84108_241122_152112_s3/70783384/ccs	25	1	CTAGAGCATAATAGGTTTAAACGCGC	TCGAGATCGTGCGCCGGACGGGTGCT	TCGAGACCGTGCGCCGGACGGGTGCT	OOoOooXOooooOOOoOOOoOOOoOO	2	4259	79592772,79593997,79594406,79595381,79595613,79595753,79596934,79597907,79598015,79598569,79598572,79598840,79598903,79599488,79599573,79599868,79599952,79600338,79600408,79600538,79600592,79600930,79600957,79601108,79601125,79602722	+	10226	191112627	+	191117859	191122853	chr1	197147237	191115705
ptg000011l	70741201	70741291	70741348	m84108_241122_152112_s3/110364858/ccs	31	1	AACCGTGCAGGGCGGCCCCGCAATAACGGTTT	TGGTACATGAAAAATTTTTCACTCTTTTACCC	TGGTACATGAAAAAGTTTTCACTCTTTTACCC	OOOOOOOOOOOOOOXOOOOOOOOOOOOOOOOO	2	8950	70732457,70732872,70733086,70733373,70733705,70734724,70735377,70737023,70737440,70737534,70740072,70741162,70741196,70741201,70741291,70741348,70741377,70741456,70741890,70742672,70743491,70743651,70743731,70743948,70744042,70745051,70745263,70745310,70746039,70748079,70748336,70750121	+	18989	64466320	+	64475327	64485309	chr2	174772926	64475180
ptg000049l	9555618	9556272	9556639	m84108_241122_152112_s3/88015601/ccs	1	15	CTCGGTAGTGGGTTCG	TCTTCAGCCCCTGCTA	CTTGGTAGTGGGTTCG	XXOXxXXXXXXXXXXX	2	731	9555594,9555618,9556272,9556639,9557146,9557177,9557261,9558436,9559196,9559896,9560799,9561465,9562026,9562838,9564231,9566284	+	11377	163986740	+	163987838	163998117	chr3	168897507	163986817
ptg000005l	38981488	38983390	38983527	m84108_241122_152112_s3/78122947/ccs	22	1	GCCGCTTGGCCCTCGACTTGCTG	AGTTTCCAATTTCTCGTCCCAGA	AGTGTCCAATTTCTCGTCCCAGA	oOoXOoOOOOOOOOOOOOOOOoO	2	2424	38981089,38981273,38981488,38983390,38983527,38989385,38989460,38989502,38989523,38992116,38994302,38995900,38995950,38997031,38997416,38997418,38997510,38998335,38998363,38998616,38998623,38998657,38999015	+	18106	51883	-	67702	69989	chr4	166208133	65663
ptg000010l	7505938	7513601	7517822	m84108_241122_152112_s3/194450106/ccs	2	2	GTTC	CACT	CTTT	OXXO	2	7670	7505938,7513601,7515054,7517822	+	14321	111060815	-	111071687	111075136	chr4	166208133	111059803
ptg000090l	2289677	2298669	2302726	m84108_241122_152112_s3/217192358/ccs	1	4	CCGCT	TTCAC	CCCCT	XXOXX	2	10572	2288701,2289677,2298669,2302726,2302892	+	17891	26697550	+	26712179	26715441	chr5	159819763	26699130
ptg000066l	999901	1000231	1000423	m84108_241122_152112_s3/65999573/ccs	7	1	TTGCTCAA	CGTAGTGT	CGTCGTGT	OoOXOOOo	2	6291	999140,999169,999901,1000231,1000423,1001344,1002131,1002552	+	14121	97616183	-	97624205	97630304	chr5	159819763	97623683
ptg000044l	5028984	5030213	5034563	m84108_241122_152112_s3/188682920/ccs	1	11	TCTCCCTAATAA	CGCATTCGCCGG	TCTCCCTAACAA	XXXXXXXXXOXX	2	9791	5021001,5028432,5028455,5028870,5028881,5028898,5028907,5028949,5028984,5030213,5034563,5035183	-	14897	4162782	-	4176923	4177679	chr8	129306312	4171344
ptg000066l	250536	252106	252491	m84108_241122_152112_s3/204735779/ccs	29	1	CCAACACCTTCATGTCGCAGCTTCGCAGGC	TTGGGCGTCCAGCAGGCTGAACCACTGAAA	TTGGGCGTCCAGCAGGCTGAACCACTGAGA	OOOOOOOOOOOOOOOOOOOOOOoOOOOOXO	2	23445	231007,231080,232242,233151,233372,233453,233692,233720,233793,233821,234123,234126,234133,234172,234345,235409,235739,235857,238483,239087,239313,239471,241075,245902,248914,249032,250140,250536,252106,252491	-	24094	123110484	-	123134314	123134578	chr8	129306312	123132359
ptg000014l	79867985	79867993	79868314	m84108_241122_152112_s3/101453153/ccs	2	54	GTAGAACGCTTCCACGAGAGTCCTGTCTATCTCGAAACTTTCTGGTGCAACGGGGT	ACGTGCTATCGTTGGATACTGAGCAATCCCTCTATGGTAACTGTACTTGTTAAATC	GTAGAACGCTTCCACGTAAGTCCTGTCTATCTCGAAACTTTCTGGTGCAACGGGGT	XXXXXXXXXXXxXxXXOOXXXXXxXXXXXXXXXXXXXXXXXXXXXXXXXXXxXXxX	2	7952	79860747,79860822,79860976,79861305,79862522,79863074,79863858,79864551,79864604,79864646,79864718,79864861,79864918,79865389,79866387,79867985,79867993,79867994,79868314,79868543,79868774,79868902,79868982,79869357,79869634,79869946,79870022,79870203,79870266,79870393,79870579,79870891,79871826,79873446,79873497,79874020,79874129,79874187,79874188,79874551,79874960,79875218,79875314,79876051,79876216,79876316,79876426,79876586,79876734,79877901,79877941,79878188,79878404,79878600,79878721,79878897	+	18894	43847883	-	43859146	43866777	chr10	116598389	43858817
ptg000014l	37419195	37419378	37425096	m84108_241122_152112_s3/104661312/ccs	1	9	TGACGTCGGT	CATGAATAAG	TGACGACGGT	XXxXxOXXXX	2	6059	37415049,37415110,37416212,37418607,37419195,37419378,37425096,37428127,37430213,37433460	-	22510	82970380	+	82992549	82992890	chr10	116598389	82986648
ptg000014l	24782578	24782919	24783029	m84108_241122_152112_s3/181799793/ccs	18	1	CATACCAAGGTGGTCTATC	TGCGTTGGAACCACTCCCG	TGCGTTGGAACGACTCCCG	OOOOOOOOOOOXOOOOOOO	2	11895	24774151,24774414,24776202,24776489,24776495,24777995,24781722,24782258,24782272,24782415,24782578,24782919,24783029,24784552,24784749,24784777,24785438,24785517,24785610	+	14917	94203502	-	94206634	94218419	chr10	116598389	94206183
ptg000039l	68026950	68030194	68037980	m84108_241122_152112_s3/132191828/ccs	3	3	AGCTTT	GCTCGC	AGTCGT	XXOOOX	2	4823	68025666,68026950,68030194,68030253,68030376,68037980	-	14956	59887918	-	59900527	59902874	chr11	113031958	59889497
ptg000007l	12193760	12193837	12193885	m84108_241122_152112_s3/216205806/ccs	1	25	CCATCATCCTAAATTGAAATCCTAGC	GTGCTGCTTCGTCGATTCGGTTCTAG	CCATCATCCCAAATTGAAATCCTAGC	xXxXXXxxXOxXXXXXXXXXXXXxXX	2	4233	12189937,12190078,12190942,12191097,12191186,12191535,12191750,12192572,12193760,12193837,12193885,12194040,12194297,12194474,12195731,12196078,12196854,12197127,12197528,12197807,12198711,12199255,12199299,12199376,12199868,12200377	-	11311	44315385	+	44322511	44326696	chr12	112046398	44322386
ptg000001l	37029355	37029629	37030182	m84108_241122_152112_s3/187174970/ccs	1	18	CTCGACCATAACGACTAGT	GGTAGTATGTTGTCGGGAA	CTCGACCATAACGCCTAGT	XxXxXXXxXXXXXOxXXxX	2	5133	37024610,37026237,37026300,37026441,37027094,37027127,37027404,37027705,37027931,37027995,37028003,37028953,37029355,37029629,37030182,37030596,37030772,37030899,37030945	+	6879	53505543	-	53507842	53512422	chr12	112046398	53507015
ptg000034l	15623633	15623967	15623981	m84108_241122_152112_s3/243471228/ccs	1	88	CGGGCTTGAATATTCCCGACCTGAAACGACGCACTACCCCCAAAGTTAGCATTATAAACTGTTGACACTGTCGGATTTTTGATTCTGCG	TTCAACCTGGCGGCTTAAGTTCCGGGTTGTCTGTCGTTTTTGGGAGCGATGCCGCCGGTCACCAGAGTCACTAAGACGGGAGCGTCAGA	CGGGCTCGAATATTCCCGACCTGAAACGACGCACTACCCCCAAAGTTAGCATTATAAACTGTTGACACTGTCGGATTTTTGATTCTGCG	xXxXXXOxxxXXXxxxxxXXxxxxxXxxXxxxXxxxxxxxxXxxxxxXXxXxXXXXXxXxxxXxXXxxXxXxXXXXXxxXXXXXXXxXX	2	3301	15622230,15622569,15622990,15623223,15623603,15623633,15623967,15623981,15624076,15624446,15624707,15624710,15624803,15624804,15624843,15624901,15624995,15625155,15625278,15625410,15625451,15625533,15625822,15625837,15626022,15626043,15626570,15626673,15627060,15627148,15627315,15627381,15628298,15628696,15628747,15628794,15628905,15629000,15629015,15629107,15629229,15629230,15629320,15629420,15629632,15630190,15630682,15630744,15630923,15631156,15631160,15631178,15631254,15631509,15631594,15631624,15631788,15631804,15632984,15633111,15633135,15633525,15633615,15633633,15633642,15633664,15633665,15633672,15633715,15634146,15634930,15635193,15635680,15635722,15635908,15636193,15636227,15636339,15636580,15636717,15637121,15637662,15639024,15639278,15639281,15639407,15639433,15639457,15639992	-	19637	67476564	+	67492914	67496201	chr12	112046398	67492566
ptg000004l	50425308	50425514	50425698	m84108_241122_152112_s3/90838302/ccs	21	8	TCGTCACCACTTGAAAAGCAAGGGTACCAT	CGAGGGATTTCCAGCGGCTGGAATACTGGG	CGATGGCCACCCGGCAAnTGGAATACTGGG	OoOxOoXxXxOOxOoxxnoooOOOOOooOO	2	2736	50424279,50425060,50425308,50425514,50425698,50426070,50426341,50427260,50427960,50428153,50428516,50428586,50428603,50428618,50428834,50428880,50428923,50428943,50428982,50429002,50429005,50429050,50429179,50429206,50429244,50429312,50431074,50431297,50431489,50431695	-	9378	13442548	-	13445468	13451926	chr13	98620211	13445078
ptg000020l	86880186	86884144	86884621	m84108_240929_004910_s2/240975982/ccs/fwd	1	2	AGT	CAC	AAT	XOX	2	6836	86880186,86884144,86884621	+	9626	20152485	-	20155752	20162111	chr13	98620211	20151317
ptg000020l	39822200	39823588	39823675	m84108_241122_152112_s3/110171622/ccs	1	9	TCGTAAATAG	CTAGCGGCTA	TCGTAAACAG	XXXXXXXOXX	2	6982	39817032,39818020,39819385,39820010,39820446,39821686,39822200,39823588,39823675,39824025	-	19499	62569773	+	62582377	62589272	chr13	98620211	62580902
ptg000020l	30388950	30389159	30389233	m84108_241122_152112_s3/108597781/ccs	1	39	GTATGGCCGTAATGAGTGAGTAACGGTTCAATGAATGTCTG	ACGCAAGTTGGGCAGACATACGGTTACCTGGCAGGCACTCT	GTATGGCCGTAGTGAGTGAGTAACGGTTCAATGAnTGTCTG	xxXXXxXXXXxOXXxxxxXxxxXXxxXXxXxXXxnXxXxXX	2	5002	30384245,30384357,30384651,30385817,30386330,30387095,30387253,30387764,30388553,30388660,30388950,30389159,30389233,30389244,30389436,30389830,30390282,30390892,30390906,30391288,30391426,30392117,30392714,30393192,30393368,30393566,30393963,30394174,30394193,30394290,30394329,30394431,30394928,30394988,30395468,30395884,30397052,30397965,30398404,30398422,30398651	+	15165	70970865	-	70981102	70986030	chr13	98620211	70980819
ptg000033l	32234134	32235126	32236208	m84108_241122_152112_s3/154470392/ccs	1	25	AACGTCGTCAATTGTTGCAGTCCCTA	CGTACTACTCGCCACCATTTATGGGG	AACGTCGTCAATTGTTGCATTCCCTA	XXXXXXXXXXXXXXXxXXXOXXXXXX	2	17206	32225689,32226278,32226611,32226741,32227182,32227273,32228183,32228934,32231054,32231288,32231837,32232606,32232726,32232881,32232942,32233402,32233844,32233857,32234134,32235126,32236208,32236516,32236518,32236672,32236717,32237088	-	20693	26567543	+	26572112	26588236	chr14	97075751	26570038
ptg000033l	29877933	29878279	29878700	m84108_241122_152112_s3/53547790/ccs	1	58	GACGTGGCCATTTATTACGCGCCGTATTAGAAGACAGCCTTATACTCCTCAACTCGTTG	AGTACAATAGCCCGCCCTTTTTGAAGGCCAGCAGTGCTGCACCGTCTGCGGGTCTCCGA	GACGTGGCCATTTATTACGCGCCGTATTAGAAGACAGCCTTATACTCCTCAATTCGTTG	xXXXxXXXXXXXXXXXXXxXXXXxXXXxXXXXxXXXxXXXxxxXXXxxxXXXOXXxXxX	2	13385	29866134,29866260,29866556,29866724,29866836,29866990,29867360,29867945,29868142,29868599,29868771,29869328,29869771,29870100,29870174,29871628,29871767,29871994,29872089,29872376,29872377,29872577,29872734,29873026,29873055,29873261,29873387,29873390,29873412,29873462,29873596,29873647,29873776,29873789,29873841,29873901,29874121,29874181,29874350,29874372,29874689,29874776,29874963,29875416,29875528,29876030,29876841,29876843,29877460,29877521,29877898,29877933,29878279,29878700,29878917,29878966,29879040,29879050,29879346	+	14464	28892007	-	28893507	28906471	chr14	97075751	28892740
ptg000033l	27708973	27709009	27709339	m84108_241122_152112_s3/7537801/ccs	2	56	GGCTCGCGGCTTGACCGGTATGTATCGTACCAGCTGAAACGACAGCCCGGCACGCTAT	AATCTATAATCGAGTTAACGCACGCTAAGTTGATAAGCCGATTGTTTAATTGTAACGC	GGCTCGCGGCTTGACCGGTATACATCGTACCAGCTGAAACGACAGCCCGGCACGCTAT	XXXXXXXXXXXXXXXXXXXXXOOXXXXXXXXXXXXXXXXXXXXXXXXXXXXXXXXXXX	2	7853	27703223,27703394,27703756,27703919,27703925,27704043,27704134,27704364,27704833,27704939,27705064,27705758,27705787,27707012,27707018,27707793,27707895,27708000,27708424,27708842,27708973,27709009,27709016,27709339,27709626,27709685,27709696,27709703,27709735,27710022,27710406,27711326,27711656,27711702,27712107,27712480,27713010,27713351,27713480,27713556,27713631,27714005,27714706,27714825,27714916,27715077,27715846,27715912,27716447,27716741,27716859,27717064,27717096,27717109,27717262,27717714,27717816,27718773	-	18228	30782682	+	30793387	30800910	chr14	97075751	30793021
ptg000033l	3076077	3076231	3077143	m84108_241122_152112_s3/140640376/ccs	1	45	TACACTGGAGTATAGCGCGTACGAATACCGCGCTTGCCTATAGGTG	CGTGTCAAGACGCGAGAGAAGTAGGAGATTTTTGCATTCGAGTAAA	TACACTGGAGTATAGCGCGTACGAATACCTCGCTTGCCTATAGGTG	XXXXXXXXXXXxXXXXXXXXXXXXXXXXXOXXXXxXXXXXXXXXXX	2	8242	3068425,3068492,3068564,3068878,3068885,3068986,3069352,3069376,3069478,3069896,3070085,3070129,3070603,3070946,3071124,3071988,3072520,3073381,3073427,3073635,3074234,3074303,3074461,3074656,3074699,3075005,3075684,3075856,3076077,3076231,3077143,3077890,3078029,3078285,3078308,3078543,3078924,3079189,3080912,3081323,3081342,3081437,3081488,3081993,3082468,3083202	-	15860	52876963	+	52885493	52892823	chr14	97075751	52884427
ptg000034l	20360554	20360659	20360689	m84108_241122_152112_s3/259459893/ccs	93	1	ATGATCTAAAGTCCGTGTTCTTCAGGCCCGGATGACACTCTAGAATTACCCTCCGCCACGTCCGCTTAGGGTCCGTACGACGGAGATCGTTAAT	TCTGATCGCGACGAACAACTCCTGACTTGTCTCAGTGTCAACAGGGCGTTTCTACTTGTACTTATCGGTTCGGGTGGTAGTCAGTGCAAAACGA	TCTGATCGAGACGAACAACTCCTGACTTGTCTCAGTGTCAACAGGGCGTTTCTACTTGTACTTATCGGTTCGGGTGGTAGTCAGTGCAAAACGA	OOOOOOOOXOoooOOOOOOOOOOOOOOOOOoooooooOOOOOOOOOOOOOOOOOOOOOOOOOOOOOOOOOOOOOOOOOOOOOOOOOOOOOOOOO	2	1369	20359304,20359521,20359611,20360000,20360129,20360268,20360301,20360554,20360659,20360689,20360751,20360768,20361050,20361215,20361342,20361374,20361384,20361498,20361744,20361759,20361782,20361803,20361956,20361957,20362186,20362597,20362622,20363096,20363113,20363239,20363303,20363324,20363343,20363513,20363627,20363673,20363776,20363843,20363881,20363885,20363999,20364025,20364456,20364513,20364629,20364672,20364678,20364685,20364880,20364903,20364980,20364981,20365031,20365345,20365444,20365587,20365761,20366200,20366419,20366595,20366653,20366671,20366730,20367765,20369794,20370126,20370360,20371067,20371097,20371550,20371557,20371606,20371829,20371895,20372039,20372482,20372488,20372731,20373492,20373915,20373968,20374380,20374647,20374995,20375255,20375631,20375719,20375800,20375870,20375882,20379521,20379801,20380372,20381274	-	22461	73990976	-	73992375	74013437	chr14	97075751	73992240
ptg000034l	21248012	21248034	21248053	m84108_241122_152112_s3/183568038/ccs	68	1	CACGAACAGAAAAACCAAATTAGTACTGCGGCTGTTCGCTGCGCTCGCCTTTCCGATTGTGAAACTTCC	TGTACGGGTGGCGGATGGGCCGCCGGCTTACTCTCATATCAAATCTCGACACAGACCGCCAGGCTCCTT	TGTACGGGTGGCGGATGGGCCGCCGGCTTACTCTCATATCAAATCTCGACACAGACCGCCAGACTCCTT	OOOOOOOOOOOOOOOOOOOOOOOOOOOOOOOOOOOOOOOOOOOOOOOoOOOOOOOOOOOOOOXOOOOOO	2	12476	21235701,21235723,21235756,21235777,21235839,21235842,21236283,21236341,21236346,21236747,21238200,21238624,21238638,21238849,21238851,21238941,21239089,21239090,21239118,21239120,21239199,21239234,21239790,21239850,21240464,21240551,21240611,21240625,21240631,21241030,21241254,21241344,21241548,21241663,21241684,21242354,21242416,21242514,21242894,21243287,21243365,21243401,21243457,21243615,21243652,21243798,21243818,21244230,21244983,21245175,21245382,21245438,21245815,21246008,21246305,21246482,21246508,21247004,21247241,21247346,21247347,21248012,21248034,21248053,21248112,21248152,21248531,21248874,21248934	+	13931	74718770	+	74731265	74732701	chr14	97075751	74731224
ptg000052l	27673553	27673607	27673906	m84108_240929_024835_s3/66127156/ccs/fwd	45	1	ATAGTTAAGGTGATGCTCGCAGTTTGAGCATGACTGAGCGGGTTTG	GCGACGTGAAGTGCAGATATGTGACAGCGTCAGTCAGATAAACCCA	GCGACGTGAAGTGCAGATATGTTACAGCGTCAGTCAGATAAACCCA	OOOOOOOOoOOOOOOoOOOOOOXOoOOOOOOOOOOOOOOOOOOOOO	2	8667	27671276,27671593,27671594,27671676,27671791,27671800,27671822,27671974,27672077,27672305,27672347,27672409,27672446,27672555,27672570,27672624,27672682,27672790,27673126,27673185,27673191,27673553,27673607,27673906,27674112,27674170,27674628,27674676,27674768,27674843,27674847,27675513,27675530,27675568,27675959,27676009,27676023,27676849,27676910,27677699,27677751,27677937,27678045,27678735,27678774,27682202	-	17567	94280624	-	94289590	94298191	chr14	97075751	94289237
ptg000024l	13398099	13398261	13399992	m84108_241122_152112_s3/136778075/ccs	31	1	TCAGTGTCACTTAGAACTCATCGTACAAGGAC	CTGAATAGGTACCCCCGGGGATAAGTGCAAGT	CTAAATAGGTACCCCCGGGGATAAGTGCAAGT	OOXOOOOOOOOOOOOoOOOOoOOOOOOOOOOO	2	1259	13397384,13398099,13398261,13399992,13400211,13400589,13400600,13400656,13401430,13402427,13403660,13403891,13404593,13405396,13405498,13405618,13406427,13406446,13406542,13406688,13407082,13407240,13408268,13408342,13408611,13410306,13410378,13410734,13410995,13412565,13412782,13412812	-	18599	65010615	-	65013605	65029214	chr15	84072982	65011712
ptg000004l	7439838	7442090	7443034	m84108_241122_152112_s3/105190667/ccs	8	1	CCTGCGGGG	ATCTGTAAT	ATCTGGAAT	OOOooXooO	2	9337	7434037,7437865,7438066,7439776,7439838,7442090,7443034,7443527,7445269	-	19468	6561801	-	6572082	6581269	chr16	83548450	6568886
ptg000004l	36673293	36673573	36673770	m84108_241122_152112_s3/2229917/ccs	9	1	GGTTGCTGAA	AAGAATAACG	AATAATAACG	OOXOOOOOOO	2	1302	36672525,36673293,36673573,36673770,36676843,36677063,36677072,36678816,36682619,36682728	-	12967	33836046	-	33837545	33849013	chr16	83548450	33837068
ptg000054l	12203812	12204339	12205407	m84108_241122_152112_s3/134223784/ccs	22	2	GCATGACACCGTGATAGGAGGTCG	ATGCTGTTTTACTGCCCTGATCGA	ATGCGGTATTACTGCCCTGATCGA	ooOoXoOxoooOOOOOoOOOOOoO	2	2033	12202503,12203628,12203741,12203812,12204339,12205407,12208630,12209680,12213040,12213808,12214485,12215834,12217131,12217563,12217828,12218672,12218926,12219224,12219752,12220110,12220676,12221031,12223003,12225141	+	23606	55871021	+	55874122	55894627	chr16	83548450	55872527
ptg000039l	95139451	95140037	95140391	m84108_241122_152112_s3/249299758/ccs	2	22	CTGCGCGCCCTCACTGGGGGCGCT	AGCATGAATGCACTAAACACATAA	CTGCGCGCCCCCACAGGGGGCGCT	xXXXXXXXXXoXXXOXXXXXXXXX	2	5318	95134916,95135952,95136293,95136316,95137757,95137810,95137935,95138178,95139448,95139451,95140037,95140391,95141373,95142003,95142193,95142428,95142527,95142739,95142876,95142890,95143273,95143313,95143471,95143504	+	8912	44058500	-	44062448	44067412	chr17	66688646	44061508
ptg000055l	3544419	3545308	3546136	m84108_241122_152112_s3/118424553/ccs	7	2	CAGAGAAAG	TCAGAGGCA	TCAGGGACA	OoOOXOxOO	2	6523	3543075,3543584,3544258,3544419,3545308,3546136,3547406,3548207,3550169	+	12421	44057417	-	44064143	44069838	chr17	66688646	44062426
ptg000048l	24163796	24171659	24177378	m84108_241122_152112_s3/25236346/ccs	1	6	GGCGCTT	ACTCACC	GGTGCTT	XXOXXXX	2	9257	24163648,24163796,24171659,24177378,24177578,24177881,24179583	+	17797	49790534	-	49804793	49808331	chr17	66688646	49791211
ptg000019l	8325891	8330938	8333440	m84108_241122_152112_s3/234034355/ccs	9	5	GAGGTCGGCGAGTA	ACAAATTATAGACG	ACAAACGGCGGACG	OOOOOxxXXXOOOo	2	10377	8322572,8323902,8324939,8325855,8325891,8330938,8330975,8332629,8332762,8332947,8333440,8333458,8333623,8333751	+	16694	47604409	+	47617288	47621103	chr18	66275971	47609739
ptg000019l	9282883	9283312	9283719	m84108_241122_152112_s3/184227403/ccs	4	2	GGGGCT	AAACAG	AAGGAG	OOXXOO	2	4902	9279570,9282883,9283312,9283336,9283719,9284441	-	16874	48497602	-	48502911	48514476	chr18	66275971	48502075
ptg000050l	16470436	16475352	16476395	m84108_241122_152112_s3/217188915/ccs	4	1	GCGGG	ATTAA	ATGAA	OOXOO	2	7195	16469667,16470436,16475352,16476395,16480058	-	16760	12031264	-	12039502	12048024	chr20	38639145	12033543
