contig	previous_snp	jump_snp	next_snp	read_name	count_haplotype_one	count_haplotype_two	ref_bases	alt_bases	read_bases	haplotype_string	number_of_jumps	jump_snp_pos_in_read	snp_pos_in_read	strand	read_length	chromosome_start	ref_strand	right_jump_snp_ref	chromosome_end	boundary_event	Approved	chromosome	chromosome_length	left_jump_snp_ref	right_flank_ref	left_flank_ref
ptg000046l	12970019	12973696	12973696	m84108_230703_151412_s2/163318378/ccs	8	1	CAACTCCGC	ATGGCTTCA	CTGGCTTCA	XOOOOOOOO	1	5868	12970019,12973696,12975194,12975409,12976067,12976384,12976694,12979543,12980186	+	12978	19800880	+	19806748	19813858	boundary_185	y	chr1	248387328	19803071	19808248	19805248
ptg000023l	64686383	64687658	64687658	m84108_230703_151412_s2/34410108/ccs	27	1	CTAGCATTAGGAAGCCCTCAGAAATGAC	TAGATGCCTTAGCCTAGCTGATCGCTGT	CAGATGCCTTAGCCTAGCTGATCGCTGT	XOOOOOOOOOOOOOOOOOOOOOOOOOOO	1	1429	64686383,64687658,64687792,64688004,64688531,64688658,64688898,64689455,64689738,64691328,64692140,64692889,64693280,64693789,64694015,64694164,64694233,64694651,64696057,64696370,64697150,64697443,64699070,64699292,64699501,64699893,64700073,64700234	-	14043	57781027	+	57793641	57795070	boundary_122	y	chr1	248387328	57792366	57795141	57792141
ptg000023l	64128133	64131723	64131723	m84108_230703_151412_s2/185538151/ccs	1	1	GG	AA	AG	OX	1	9587	64128133,64131723	-	14733	58344462	+	58349608	58359195	boundary_121	y	chr1	248387328	58346018	58351108	58348108
ptg000014l	1985474	1985624	1985624	m84108_230703_151412_s2/170069188/ccs	1	20	AGTTAATATGGATACAGCGGT	GAACGGGGCAATCGTGAGTAC	GGTTAATATGGATACAGCGGT	OXXXXXXXXXXXXXXXXXXXX	1	601	1985474,1985624,1985856,1986315,1986357,1986524,1986686,1987078,1987332,1989013,1989098,1989348,1989352,1989965,1990824,1991183,1992875,1993248,1994466,1994474,1995333	-	10590	162706052	-	162706653	162716642	boundary_73	y	chr1	248387328	162706503	162708153	162705153
ptg000014l	11971245	11971332	11971332	m84108_230703_151412_s2/144572633/ccs	1	16	TGGAACGGTGAAACATG	AAAGGTAACATGGTGCA	AGGAACGGTGAAACATG	OXXXXXXXXXXXXXXXX	1	661	11971245,11971332,11971663,11971702,11971872,11975924,11976211,11976807,11977466,11979274,11979622,11979846,11979859,11980303,11980367,11980561,11981560	-	11182	172690093	-	172690754	172701275	boundary_76	y	chr1	248387328	172690667	172692254	172689254
ptg000014l	48049849	48052188	48052188	m84108_230703_151412_s2/80221608/ccs	1	12	CTACGGAAATAAG	AGGGACCGGCTGA	CTACGGAAATAAA	XXXXXXXXXXXXO	1	13600	48040689,48041427,48043337,48043470,48043576,48045068,48045184,48045860,48046213,48049337,48049739,48049849,48052188	-	17341	208646218	-	208659818	208663559	boundary_80	y	chr1	248387328	208657479	208661318	208658318
ptg000047l	3148336	3152495	3152495	m84108_230703_151412_s2/175838604/ccs	1	7	AGCGCCCC	GTTAATGA	GGCGCCCC	OxXxXxxX	1	6176	3148336,3152495,3160329,3163302,3163309,3163316,3163317,3163375	+	17249	245213581	-	245224654	245230830	boundary_187	y	chr1	248387328	245220495	245226154	245223154
ptg000013l	85332621	85333573	85333573	m84108_230703_151412_s2/125178428/ccs	1	36	GATGTACTATTCTGTTTCCCAGCTGGCTCCGCTCCGA	AGGACCTCTGCTCCCACTTAGCTCAAACGTATCATCG	GATGTACTATTCTGTTTCCCAGCTGGCTCCGCTCCGG	XXXXXXXXXXXXXXXXXXXXXXXXXXXXXXXXXXXXO	1	12924	85320820,85321085,85321102,85321171,85321445,85322029,85322564,85323046,85323048,85323204,85323420,85324241,85324476,85324590,85324828,85325158,85325969,85327191,85327456,85327844,85328050,85328189,85328312,85329799,85329800,85330025,85330035,85330395,85330548,85330944,85331392,85331866,85332045,85332335,85332500,85332621,85333573	-	18503	4786938	+	4792517	4805441	boundary_72	y	chr2	242696752	4791565	4794017	4791017
ptg000013l	84715619	84718736	84718736	m84108_230703_151412_s2/118494866/ccs	1	4	GAGTG	AGACC	GAGTC	XXXXO	1	10280	84711918,84713258,84714358,84715619,84718736	-	12551	5407610	+	5409881	5420161	boundary_71	y	chr2	242696752	5406764	5411381	5408381
ptg000013l	82714968	82715270	82715270	m84108_230703_151412_s2/235476533/ccs	1	17	CATCGTATATTGGTAATA	TGCTTACCCCCTAGGGGG	TATCGTATATTGGTAATA	OXXXXXXXXXXXXXXXXX	1	5966	82714968,82715270,82716724,82717903,82719276,82720461,82720850,82721218,82721553,82722256,82722424,82722620,82722921,82723967,82724066,82724228,82724991,82725934	+	19625	7396008	-	7409667	7415633	boundary_70	y	chr2	242696752	7409365	7411167	7408167
ptg000013l	81666430	81667928	81667928	m84108_230703_151412_s2/8521214/ccs	6	1	ATATGGC	CCCCCAT	CCCCCAC	OOOOOOX	1	10167	81660968,81665324,81665325,81665572,81665740,81666430,81667928	-	10688	8458654	+	8459175	8469342	boundary_69	y	chr2	242696752	8457677	8460675	8457675
ptg000013l	78681903	78685121	78685121	m84108_230703_151412_s2/112135887/ccs	4	1	GAAGA	AGGAG	AGGAA	OOOOX	1	8083	78678917,78679098,78679175,78681903,78685121	-	12882	11428248	+	11433047	11441130	boundary_68	y	chr2	242696752	11429829	11434547	11431547
ptg000021l	9368541	9368570	9368570	m84108_230703_151412_s2/45941025/ccs	1	17	CCCGGCATCTAAGCCTGC	ATTATTGCTAGGATTCTT	CCCGGCATCTAAGCCTGT	XXXXXxXXXXXXXXXXXO	1	9446	9359674,9359802,9359809,9360430,9360805,9361177,9363367,9363452,9363544,9364761,9366070,9366081,9367149,9367485,9368024,9368327,9368541,9368570	-	14550	121620350	+	121625454	121634900	boundary_116	y	chr2	242696752	121625425	121626954	121623954
ptg000021l	8976376	8976962	8976962	m84108_230703_151412_s2/255067479/ccs	1	39	AAGCTCTGTTAAGCTAACGGCCGACCTTTACCGTTGATCAA	GGATATCACCGGATCGGTAATAAGTTCGCTTTAGCAGCGCC	AAGCTCTnTTAAGCTAACGGCCGACCTTTACCGTTGATCAC	XxxXXXXnXXXXXXXXXXXXXxXXXxXxXXXxXxxxXxXxO	1	19357	8958056,8959404,8959423,8959534,8959607,8960112,8960983,8961233,8961357,8961800,8962997,8963590,8963894,8963900,8964068,8964169,8964345,8964457,8964477,8964540,8966361,8966897,8967218,8967329,8967430,8967979,8968936,8969005,8969260,8969635,8970524,8972061,8972307,8972964,8973488,8973530,8973661,8974116,8975378,8976376,8976962	-	20131	122015982	+	122016756	122036113	boundary_115	y	chr2	242696752	122016170	122018256	122015256
ptg000026l	8518200	8518802	8518802	m84108_230703_151412_s2/134807979/ccs	1	6	CAGAGCG	TGAGCTT	CAGAGCT	XXXXXXO	1	14022	8506725,8507895,8508043,8508446,8508811,8518200,8518802	-	17478	139495109	-	139509131	139512587	boundary_133	y	chr2	242696752	139508529	139510631	139507631
ptg000026l	23594151	23596433	23596433	m84108_230703_151412_s2/7669082/ccs	2	1	TTT	CGG	CGT	OOX	1	9298	23593558,23594151,23596433	+	12380	154595779	+	154605077	154608159	boundary_134	y	chr2	242696752	154602795	154606577	154603577
ptg000005l	31456846	31457625	31457625	m84108_230703_151412_s2/72225226/ccs	7	1	TCTGACTC	GTCTGTCT	GTCTGTCC	OOOOOOOX	1	9481	31448976,31451136,31451210,31453591,31456336,31456359,31456846,31457625	+	11652	192513975	+	192523456	192525627	boundary_25	y	chr2	242696752	192522677	192524956	192521956
ptg000005l	48792754	48793294	48793294	m84108_230703_151412_s2/186914693/ccs	1	59	TTACGTTAACTACAAGGCCTAATTGGCAGTAACAAAGTGGCGCCCTCTCTAGGAATCCCC	CCGTAACTGTCTTTTTATTCGGCGCATGTCGGACTGACCTACTGGCACTCTCAGCCGTAA	TTACGTTAACTACAAGGCCTAATTGGCAGTAACAAAGTGGCGCCCTCTCTAGGAATCCCA	XXxxxXXXXXXxxXXxXXXXXXXxXxxXxXXXxXxXXXxxXXXXxXXXxXXXxXXXXXXO	1	19372	48775059,48775305,48775453,48775666,48775985,48776126,48776185,48776210,48776332,48776466,48776623,48776773,48776788,48776893,48776978,48777077,48777386,48777387,48777872,48777907,48777957,48778054,48778074,48778160,48778269,48778270,48778315,48778470,48778647,48778817,48779335,48779350,48780139,48780269,48780517,48780728,48780823,48780892,48781035,48781229,48781272,48781568,48781979,48782122,48782214,48782219,48782296,48782383,48782505,48782841,48782964,48783218,48784461,48785495,48787825,48788071,48788876,48791581,48792754,48793294	-	19502	209829977	-	209849349	209849479	boundary_26	y	chr2	242696752	209848809	209850849	209847849
ptg000017l	98163511	98164301	98164301	m84108_230703_151412_s2/63115694/ccs	11	1	TAACGACAGCGA	GGGTAGAGAGAC	GGGTAGAGAGAA	OOOOOOOOOOOX	1	13202	98153965,98155780,98155999,98156044,98156546,98157398,98158385,98159505,98163311,98163490,98163511,98164301	-	17481	354567	+	358846	372048	boundary_99	y	chr3	201105948	358056	360346	357346
ptg000017l	89137447	89137457	89137457	m84108_230703_151412_s2/134352686/ccs	1	15	TGTTCGTTTTCTGGGG	AACCTAGCCCTCCAAT	TGTTCGTTTTCTGGGT	XXXXxXXXxXxxxXxO	1	11539	89126023,89126130,89129140,89129739,89130614,89130728,89130984,89132794,89133449,89134738,89134778,89135449,89135542,89137240,89137447,89137457	+	11854	9379682	-	9379997	9391536	boundary_97	y	chr3	201105948	9379987	9381497	9378497
ptg000017l	44627123	44627749	44627749	m84108_230703_151412_s2/211159567/ccs	26	1	CGGCGCGGAAGTTCACTGGACCGAGCC	TAATATTTCGTGCAGGCAAGTTAGATG	TAATATTTCGTGCAGGCAAGTTAGATC	oOoOoOoOooOOOOOoOOoOoOoOOOX	1	17113	44611334,44612115,44613136,44613354,44613369,44614379,44615005,44615831,44616362,44616913,44617470,44619091,44619222,44620290,44620378,44621826,44622136,44622942,44623074,44623934,44624082,44624137,44624707,44626010,44626289,44627123,44627749	-	18694	53882809	+	53884390	53901503	boundary_95	y	chr3	201105948	53883764	53885890	53882890
ptg000017l	43162243	43165014	43165014	m84108_230703_151412_s2/219218026/ccs	1	4	TCCTT	CTTCC	CCCTT	OXXXX	1	9767	43162243,43165014,43165599,43166090,43166726	-	12135	55344977	+	55347345	55357112	boundary_94	y	chr3	201105948	55344574	55348845	55345845
ptg000017l	32629645	32630455	32630455	m84108_230703_151412_s2/8258359/ccs	1	5	GCCAGG	ATTGCA	ACCAGG	OXXXXX	1	6603	32629645,32630455,32630479,32631172,32631257,32633997	-	14820	65881612	+	65889829	65896432	boundary_93	y	chr3	201105948	65889019	65891329	65888329
ptg000006l	96693445	96693742	96693742	m84108_230703_151412_s2/123146928/ccs	20	1	GCTTCTGGTAATTTGCTTCGGT	ATCAGCCACGCCCAATGCTTAA	GTCAGCCACGCCCAATGCnTAA	XOOOOOoOOOooOOOOOonOOO	1	296	96693445,96693742,96694638,96695305,96696691,96696841,96698346,96698693,96699535,96699968,96700327,96701342,96701429,96702828,96703380,96703786,96705238,96706672,96706911,96707425,96707725,96708439	-	15007	104655784	+	104670495	104670791	boundary_40	y	chr3	201105948	104670198	104671995	104668995
ptg000006l	74774395	74774425	74774425	m84108_230703_151412_s2/189797635/ccs	13	1	TTGCCGTGTTTGGA	CCATTACTCGCAAC	CCATTACTCGCAAA	OOOOOOOOOOOOOX	1	15325	74764862,74765272,74767225,74767683,74767961,74768090,74768225,74770684,74771616,74773045,74773088,74773627,74774395,74774425	+	15326	126611438	-	126611439	126626764	boundary_39	y	chr3	201105948	126611409	126612939	126609939
ptg000006l	74481144	74481772	74481772	m84108_230703_151412_s2/214767014/ccs	11	1	CCATTTTTGGCAA	TAGCCCCCATTGG	TAGCCnCCATTGA	oOOoOnOoOoOOX	1	13673	74468665,74470364,74470465,74472945,74475193,74476240,74478180,74478506,74478667,74479625,74480623,74481144,74481772	-	13674	126904030	+	126904031	126917704	boundary_38	y	chr3	201105948	126903403	126905531	126902531
ptg000006l	43519361	43520390	43520390	m84108_230703_151412_s2/146343928/ccs	1	12	GTCCTCTAAGAAT	AATTCACGGAGTC	ATCCTCTAAGAAT	OXXXXXXXXxXXX	1	2847	43519361,43520390,43521872,43521911,43523199,43524091,43524095,43524364,43526089,43527575,43528809,43530393,43532091	+	17170	157904247	-	157918570	157921417	boundary_35	y	chr3	201105948	157917541	157920070	157917070
ptg000006l	42366331	42368783	42368783	m84108_230703_151412_s2/49024997/ccs	1	3	TAAA	CGGG	TAAG	XXxO	1	14615	42354377,42364256,42366331,42368783	+	15983	159065404	-	159066772	159081387	boundary_34	y	chr3	201105948	159064320	159068272	159065272
ptg000006l	30023421	30024985	30024985	m84108_230703_151412_s2/11405659/ccs	4	1	TTGGC	AGACG	AGACC	OOOOX	1	13126	30013867,30017321,30023218,30023421,30024985	+	14435	171407405	-	171408714	171421840	boundary_33	y	chr3	201105948	171407150	171410214	171407214
ptg000006l	16812963	16821264	16821264	m84108_230703_151412_s2/223478375/ccs	1	6	CTAAGCA	GGGTCGG	GTAAGCA	OXXXXXX	1	8749	16812963,16821264,16823573,16823744,16823770,16824306,16824307	-	12313	184613539	+	184617103	184625852	boundary_32	y	chr3	201105948	184608802	184618603	184615603
ptg000006l	10135355	10142076	10142076	m84108_230703_151412_s2/84478533/ccs	1	2	TGC	CAT	CGC	OXX	1	8205	10135355,10142076,10143699	+	11037	191303772	-	191306604	191314809	boundary_31	y	chr3	201105948	191299883	191308104	191305104
ptg000006l	10053422	10056102	10056102	m84108_230703_151412_s2/162267547/ccs	1	13	CTCTGACTGTCTTC	TAACCTTCAATGAG	TTCTGACTGTCTTC	OXxXXXxXXXXXXX	1	4392	10053422,10056102,10056377,10057105,10058025,10058257,10058306,10058882,10059170,10059483,10059810,10059817,10060256,10060270	-	15340	191381588	+	191392536	191396928	boundary_30	y	chr3	201105948	191389856	191394036	191391036
ptg000004l	13928938	13929866	13929866	m84108_230703_151412_s2/227676723/ccs	1	16	CTTCCCGGTACAAACAT	TCCTTAAACTAGGCGGG	CTTCCCGGTACAAACAG	XXXXXXXXXXXXXXXXO	1	9867	13920519,13920723,13921574,13921675,13922232,13922504,13922950,13923625,13924313,13925468,13926252,13926920,13927173,13927231,13927946,13928938,13929866	+	12755	13723235	+	13733102	13735990	boundary_9	y	chr4	193574945	13732174	13734602	13731602
ptg000004l	16987800	16999173	16999173	m84108_230703_151412_s2/120854393/ccs	1	2	TCT	CTC	CCT	OXX	1	18929	16987800,16999173,16999786	+	20667	16777390	+	16796319	16798057	boundary_10	y	chr4	193574945	16784946	16797819	16794819
ptg000004l	24615822	24617165	24617165	m84108_230703_151412_s2/242024867/ccs	1	13	GTACAGCAATAAGA	ACGTGATGGGGCAG	GTACAGCAATAAGG	XXXXXXXXXXxxXO	1	14664	24603266,24606485,24607189,24608184,24608865,24610021,24612890,24613116,24613970,24614241,24614296,24615796,24615822,24617165	-	15950	24405222	-	24419886	24421172	boundary_12	y	chr4	193574945	24418543	24421386	24418386
ptg000004l	58363188	58363752	58363752	m84108_230703_151412_s2/256381121/ccs	1	5	CGCGCG	TAATAA	TGCGCG	OXXXXX	1	16262	58363188,58363752,58363760,58364214,58364643,58365253	-	20073	60134455	-	60150717	60154528	boundary_15	y	chr4	193574945	60150153	60152217	60149217
ptg000004l	90764877	90766639	90766639	m84108_230703_151412_s2/93983676/ccs	5	1	CGTGGG	AACACC	AACACG	ooOOOX	1	5952	90760728,90761508,90762770,90764108,90764877,90766639	-	13830	92532776	-	92538728	92546606	boundary_16	y	chr4	193574945	92536966	92540228	92537228
ptg000004l	109515214	109515491	109515491	m84108_230703_151412_s2/194252568/ccs	22	1	TTGGACTGCAGAAGGTGAGGTCC	GGAAGTCAAGATGAACCGACCGT	TGAAGTCAAGATGAACCGACCGT	XoOOOOOOOOOOOOOOOOOOOOO	1	520	109515214,109515491,109515589,109516195,109516219,109516599,109516997,109517625,109518178,109518547,109518681,109520040,109520232,109521450,109523990,109524031,109524106,109525872,109527215,109527788,109527800,109527812,109528949	+	15011	111268083	+	111268603	111283094	boundary_18	y	chr4	193574945	111268326	111270103	111267103
ptg000004l	131249167	131255796	131255796	m84108_230703_151412_s2/24251543/ccs	1	28	CAGCTGCTTGTTATAATCCACTAATATTT	GTATAATCCTGCGGGTGTTTTGGGATCGC	GAGCTGCTTGTTATAATCCACTAATATTT	OxXXXxXxxxXxxXXXXXxXXXXXXXXxx	1	7652	131249167,131255796,131256204,131256221,131257319,131257788,131258803,131259493,131262374,131262576,131262609,131263193,131263546,131264450,131264640,131264779,131264804,131264947,131265675,131265993,131266771,131267148,131267594,131267614,131269962,131271039,131271142,131271727,131274097	+	25959	133005305	+	133012957	133031264	boundary_21	y	chr4	193574945	133006328	133014457	133011457
ptg000004l	146307916	146310175	146310175	m84108_230703_151412_s2/139198813/ccs	1	1	GA	AG	GG	XO	1	7588	146307916,146310175	+	12371	148080724	+	148088312	148093095	boundary_22	y	chr4	193574945	148086053	148089812	148086812
ptg000048l	22585199	22587860	22587860	m84108_230703_151412_s2/162466317/ccs	1	6	ACGTTTG	GTACCGA	GCGTTTG	OXXXXXX	1	4117	22585199,22587860,22589010,22589421,22591580,22593378,22593403	+	11655	176178700	+	176182817	176190355	boundary_191	y	chr4	193574945	176180156	176184317	176181317
ptg000048l	26121786	26122218	26122218	m84108_230703_151412_s2/173146250/ccs	15	1	ACAACGGGATGTTCTA	GATGTACAGCACATAT	AATGTACAGCACATAT	XOOOOOOOOOOOOOOO	1	844	26121786,26122218,26124737,26130378,26130963,26132114,26133594,26135270,26136559,26136743,26136848,26138019,26138330,26138491,26139601,26140244	-	18928	179711387	-	179712231	179730315	boundary_192	y	chr4	193574945	179711799	179713731	179710731
ptg000035l	9768485	9769050	9769050	m84108_230703_151412_s2/141824490/ccs	1	17	CTCAACCCTACGATAGGC	TGAGGAGTCGTCGCGAAT	CTCAACCCTACGATAGGT	XXXXXXXXXXXXXXXXXO	1	13120	9757267,9757332,9757355,9757664,9757764,9757781,9758145,9758333,9760362,9762210,9762805,9764670,9765665,9767547,9767601,9768031,9768485,9769050	+	13272	9544491	+	9557611	9557763	boundary_149	y	chr5	182045439	9557046	9559111	9556111
ptg000035l	26971107	26971781	26971781	m84108_230703_151412_s2/122228661/ccs	15	1	GAGCGTAAATAAAACT	TCATACGGGCGGGGTG	TCATACGGGCGGGGTT	OOOOOOOOOOOOOOOX	1	12886	26958962,26959354,26960662,26961859,26963190,26965675,26965916,26966441,26967154,26968433,26969263,26970101,26970284,26970468,26971107,26971781	-	14114	26796961	-	26809847	26811075	boundary_150	y	chr5	182045439	26809173	26811347	26808347
ptg000039l	18525266	18529507	18529507	m84108_230703_151412_s2/263653700/ccs	8	1	CTCTCTCGC	AGAGGAGAT	AGAGGAGAC	OOOOoOOOX	1	11707	18517996,18518551,18518583,18519140,18519563,18520705,18523841,18525266,18529507	+	12097	69372014	+	69383721	69384111	boundary_159	y	chr5	182045439	69379480	69385221	69382221
ptg000039l	24585748	24595131	24595131	m84108_230703_151412_s2/201856510/ccs	1	1	AA	TG	AG	XO	1	9462	24585748,24595131	-	13814	76147639	-	76157101	76161453	boundary_160	y	chr5	182045439	76147718	76158601	76155601
ptg000039l	58203849	58205060	58205060	m84108_230703_151412_s2/109251524/ccs	1	38	CCCTGAGAGCCAAGCGCGCTTTTACATAGCTTTGGGCCT	TAGCACACCTGGGAGCATTCACCGTGAGCTCAAAACTTC	CCCTGAGAGCCAAGCGCGCTTTTACATAGCTTTGGGCCC	XXXXXXXXXXXXXXXXXXXXXXXXXXXXXXXXXXXXXXO	1	15934	58192029,58192129,58193570,58193792,58193799,58194834,58195110,58195317,58195351,58196358,58196532,58197168,58198064,58198233,58198327,58198610,58199043,58199342,58199571,58200091,58200150,58200463,58200575,58200713,58200886,58200934,58201230,58201244,58201262,58201410,58201493,58201575,58201695,58201941,58202112,58202157,58202740,58203849,58205060	+	17105	109786430	+	109802364	109803535	boundary_162	y	chr5	182045439	109801153	109803864	109800864
ptg000039l	82150197	82156936	82156936	m84108_230703_151412_s2/223349485/ccs	1	1	TC	GT	GC	OX	1	10077	82150197,82156936	+	12200	133743657	+	133753734	133755857	boundary_165	y	chr5	182045439	133746995	133755234	133752234
ptg000039l	88951186	88955870	88955870	m84108_230703_151412_s2/197923285/ccs	1	1	CT	AA	CA	XO	1	22385	88951186,88955870	-	22425	140534090	-	140556475	140556515	boundary_166	y	chr5	182045439	140551791	140557975	140554975
ptg000039l	90589426	90591264	90591264	m84108_230703_151412_s2/99485241/ccs	9	1	CCCGGAGGAA	TTGCCTAATG	TTGCCTAATA	OOOooOOOoX	1	10490	90582187,90582702,90582703,90583191,90583350,90585686,90587906,90587964,90589426,90591264	+	13137	142171901	+	142182391	142185038	boundary_167	y	chr5	182045439	142180553	142183891	142180891
ptg000039l	122712542	122713692	122713692	m84108_230703_151412_s2/95950342/ccs	1	8	CCCAGACTT	TTTGTGTCC	CCCAGACTC	xXXXXXXXO	1	10442	122704252,122704442,122704530,122705614,122706634,122706649,122712494,122712542,122713692	-	16865	174287278	-	174297720	174304143	boundary_172	y	chr5	182045439	174296570	174299220	174296220
ptg000101l	4231785	4241230	4241230	m84108_230703_151412_s2/62392060/ccs	4	1	CTTAA	GCCGG	GCCGA	OOOOX	1	14908	4226802,4230564,4230707,4231785,4241230	+	18685	177420725	-	177424502	177439410	boundary_237	y	chr5	182045439	177415057	177426002	177423002
ptg000101l	1787092	1787485	1787485	m84108_230703_151412_s2/240784657/ccs	10	1	CAGGGTGCTCA	TGACACATCTG	CGACACATCTG	XOOOOOOOOOO	1	745	1787092,1787485,1787685,1787954,1788407,1788975,1789452,1790463,1791333,1792661,1795482	-	13567	179861588	+	179874410	179875155	boundary_235	y	chr5	182045439	179874017	179875910	179872910
ptg000040l	21119049	21119423	21119423	m84108_230703_151412_s2/98505115/ccs	1	34	TGCCCCAACCCAGGAGTGTTGGTGACCCGACGATG	GCTTTAGCTTTGAAGACACCAAGAGGTACGTAGAA	GGCCCCAACCCAGGAGTGTTGGTGACCCGACGATG	OXxXXXXXxXXXxXXxXXXxXXXXXxXXxXxXXXX	1	1773	21119049,21119423,21121257,21121261,21121526,21122293,21123103,21123510,21123791,21124843,21124961,21125192,21125870,21125908,21126992,21128062,21128211,21128233,21128243,21128304,21128310,21128696,21129290,21129344,21129356,21129387,21129682,21130139,21131068,21131483,21131765,21133113,21133253,21133508,21133645	-	16009	3813418	+	3827654	3829427	boundary_174	y	chr6	172126628	3827280	3829154	3826154
ptg000040l	18177583	18178892	18178892	m84108_230703_151412_s2/140708214/ccs	10	1	GCACTTACGGC	AATTCCTTTAT	GATTCCTTTAT	XOOOOOOOOOO	1	5820	18177583,18178892,18179363,18179468,18179551,18180764,18181682,18182025,18182104,18182548,18182628	-	11272	6761931	+	6767383	6773203	boundary_173	y	chr6	172126628	6766074	6768883	6765883
ptg000070l	18518348	18519964	18519964	m84108_230703_151412_s2/38341749/ccs	1	6	CCGGGCA	TGAAATG	TCGGGCA	OXXXXXX	1	9527	18518348,18519964,18520539,18521210,18521215,18521299,18521428	+	11133	40679992	-	40681598	40691125	boundary_228	y	chr6	172126628	40679982	40683098	40680098
ptg000010l	73527273	73531323	73531323	m84108_230703_151412_s2/245304886/ccs	1	1	TA	CG	TG	XO	1	6418	73527273,73531323	-	13457	98508995	+	98516034	98522452	boundary_56	y	chr6	172126628	98511984	98517534	98514534
ptg000010l	37695511	37696177	37696177	m84108_230703_151412_s2/78513089/ccs	4	1	CCGAG	TTAGA	TTAGG	OOOOX	1	15340	37683978,37693434,37694211,37695511,37696177	+	17237	134359448	-	134361345	134376685	boundary_55	y	chr6	172126628	134360679	134362845	134359845
ptg000010l	11743697	11748430	11748430	m84108_230703_151412_s2/257097793/ccs	12	1	TTTAAATACTGGC	GCCGGGCTTCCAT	TCCGGGCTTCCAT	XOooOOOOOooOO	1	8062	11743697,11748430,11750981,11751775,11754615,11754918,11756000,11756909,11760023,11760507,11760569,11760829,11761516	-	21205	160293067	+	160306210	160314272	boundary_53	y	chr6	172126628	160301477	160307710	160304710
ptg000010l	11625325	11625363	11625363	m84108_230703_151412_s2/180552380/ccs	15	1	GCGCTAGTGAGACATT	CTATCGACAGAGAGCC	CTATCGACAGAGAGCT	OOOOOOOoOOOOOOOX	1	12350	11613461,11616592,11616600,11616946,11617475,11618537,11618985,11618992,11619190,11619232,11619514,11621155,11623154,11623263,11625325,11625363	-	15778	160425930	+	160429358	160441708	boundary_52	y	chr6	172126628	160429320	160430858	160427858
ptg000010l	5008529	5013687	5013687	m84108_230703_151412_s2/168825021/ccs	1	1	AG	GC	AC	XO	1	10161	5008529,5013687	+	14007	167089836	-	167093682	167103843	boundary_50	y	chr6	172126628	167088524	167095182	167092182
ptg000053l	7865346	7867860	7867860	m84108_230703_151412_s2/181535515/ccs	4	1	CTCCA	GGTTG	CGTTG	XOOOO	1	12973	7865346,7867860,7872614,7873232,7873895	-	21010	9087761	-	9100734	9108771	boundary_199	y	chr7	160567428	9098220	9102234	9099234
ptg000053l	11674071	11676855	11676855	m84108_230703_151412_s2/230425031/ccs	14	1	TCATGATAGCCCTAG	CTTAAGCGATTACGA	CTTAAGCGATTACGG	OOOOOOOOOOOOOOX	1	11567	11666385,11666971,11667942,11668069,11668416,11668661,11668790,11669200,11669540,11669748,11671297,11671299,11673940,11674071,11676855	+	12920	12903286	+	12914853	12916206	boundary_200	y	chr7	160567428	12912069	12916353	12913353
ptg000053l	21363647	21364251	21364251	m84108_230703_151412_s2/137498251/ccs	1	4	GCCAC	TTTGT	GCCAT	XXXXO	1	12744	21360051,21361395,21362624,21363647,21364251	+	17876	22590894	+	22603638	22608770	boundary_201	y	chr7	160567428	22603034	22605138	22602138
ptg000053l	32537426	32537904	32537904	m84108_230703_151412_s2/29755901/ccs	1	4	GAGAG	AGAGC	GAGAC	xXXXO	1	17989	32529860,32530912,32532399,32537426,32537904	+	18317	33766182	+	33784171	33784499	boundary_203	y	chr7	160567428	33783693	33785671	33782671
ptg000053l	51627368	51635081	51635081	m84108_230703_151412_s2/213587075/ccs	1	9	GACCTCCAGA	CGTGCTTGAG	GACCTCCAGG	XXXXXXXXXO	1	16779	51624618,51624699,51625016,51625223,51625442,51625529,51626110,51626744,51627368,51635081	+	18232	52877265	+	52894044	52895497	boundary_204	y	chr7	160567428	52886331	52895544	52892544
ptg000015l	69887054	69888323	69888323	m84108_230703_151412_s2/165024712/ccs	11	1	CGTAGGTTCAAT	TCCGATCAAGGC	TCCGATCAAGGT	OOOOOOOOOOOX	1	10677	69878246,69878601,69879713,69880813,69881132,69882913,69883004,69883302,69884174,69884190,69887054,69888323	-	20525	90956975	+	90966823	90977500	boundary_87	y	chr7	160567428	90965554	90968323	90965323
ptg000015l	66554083	66557504	66557504	m84108_230703_151412_s2/4723118/ccs	1	2	GCC	AGG	GCG	XXO	1	9287	66553201,66554083,66557504	-	9750	94290089	+	94290552	94299839	boundary_86	y	chr7	160567428	94287131	94292052	94289052
ptg000015l	37109302	37110885	37110885	m84108_230703_151412_s2/123997620/ccs	41	1	AGTCCTGTTTGCATTCAAAGCGGAATATTGAATATTCTGTCCA	CACTTCCACGCTGCCTGGGAGTAGGCGAGAGGCCCCTCACTAG	CACTTCCACGCTGCCTGGGnGTAGGCGAGAGGCCCCTCACTAA	OOOoOOOoOooOOOOOOoonoOOoOOoOOOOOoooOOOOoOOX	1	12826	37098094,37098327,37098652,37098793,37098794,37098827,37098906,37098907,37098915,37098935,37098940,37099025,37099029,37099043,37099046,37099057,37099058,37099066,37099078,37099081,37099093,37099097,37099108,37099114,37099168,37099193,37099202,37099206,37099208,37099223,37099244,37099256,37099261,37099266,37099322,37099687,37100229,37100698,37103143,37104802,37106257,37109302,37110885	+	13021	123542787	-	123542982	123555808	boundary_85	y	chr7	160567428	123541399	123544482	123541482
ptg000015l	10205905	10216981	10216981	m84108_230703_151412_s2/138810080/ccs	1	1	CA	TG	TA	OX	1	15086	10205905,10216981	+	15121	150354188	-	150354223	150369309	boundary_84	y	chr7	160567428	150343147	150355723	150352723
ptg000015l	6679683	6680608	6680608	m84108_230703_151412_s2/23661350/ccs	4	1	GGCTC	AATCT	AATCC	OOOOX	1	17233	6672074,6676522,6678260,6679683,6680608	+	17784	153889018	-	153889569	153906802	boundary_83	y	chr7	160567428	153888644	153891069	153888069
ptg000063l	28730707	28733795	28733795	m84108_230703_151412_s2/173343277/ccs	5	1	TTCACT	CCACTC	TCACTC	XOOOOO	1	12732	28730707,28733795,28734241,28734328,28734582,28734627	-	13814	17379329	+	17380411	17393143	boundary_225	y	chr8	146259331	17377323	17381911	17378911
ptg000063l	28285052	28292194	28292194	m84108_230703_151412_s2/129438990/ccs	3	1	GCCC	ATAT	GTAT	XOOO	1	17282	28285052,28292194,28292687,28293609	-	19976	17819279	+	17821973	17839255	boundary_224	y	chr8	146259331	17814831	17823473	17820473
ptg000063l	11623125	11623393	11623393	m84108_230703_151412_s2/158799661/ccs	1	29	CTAATTGGTACTTCATTGGGCTCCCCGTTA	ACGGGCTTCGTACTTCCATATGTGGGAGGG	CTAATTGGTACTTCATTGGGCTCCCCGTTG	xXXXXXXXxXXXXXXXXXXXXXXXXxXXXO	1	18742	11606866,11607826,11607840,11607860,11608738,11608739,11609195,11612708,11612854,11613187,11615487,11616485,11616928,11617883,11617976,11618006,11618780,11618782,11619061,11619087,11620327,11621046,11621097,11621380,11622256,11622560,11622741,11622772,11623125,11623393	-	18910	34486528	+	34486696	34505438	boundary_222	y	chr8	146259331	34486428	34488196	34485196
ptg000063l	10641652	10642629	10642629	m84108_230703_151412_s2/110432807/ccs	1	6	CCGTAAT	ATAGTGC	CCGTAAC	XXXXXXO	1	15350	10634649,10634682,10635397,10637446,10639665,10641652,10642629	+	15370	35471388	-	35471408	35486758	boundary_221	y	chr8	146259331	35470431	35472908	35469908
ptg000011l	81533302	81534870	81534870	m84108_230703_151412_s2/78842211/ccs	1	6	CAGCAGG	AGATGAA	CAGCAGA	xXXXXxO	1	8843	81528323,81528955,81531738,81532577,81532941,81533302,81534870	+	14754	64764139	-	64770050	64778893	boundary_65	y	chr8	146259331	64768482	64771550	64768550
ptg000011l	74605625	74607861	74607861	m84108_230703_151412_s2/76613548/ccs	22	1	GTACCTCCGGCGGGGTCAAAATT	AAGTACGTAATCCACCACGGGCC	AAGTACGTAATCCACCACGGGCT	oOoOOOOOOOOOOOOoOoOOOOX	1	26446	74581430,74582930,74582945,74583829,74585112,74585324,74586896,74588896,74591965,74594269,74594461,74594761,74594894,74595234,74597750,74598222,74598848,74600249,74601045,74602513,74602803,74605625,74607861	-	27719	71693309	+	71694582	71721028	boundary_63	y	chr8	146259331	71692346	71696082	71693082
ptg000011l	74251807	74252500	74252500	m84108_230703_151412_s2/241962610/ccs	21	1	GGAGCGGGGAGAAGCGGAATAG	ATGATCAAATAGCCTAATCGGA	GTGATCAAATAGCCTAATCGGA	XOOOOOOOOOOOOOOOOOOOOO	1	3465	74251807,74252500,74252528,74252700,74253504,74254572,74254878,74255177,74255206,74255298,74255899,74257505,74257727,74258293,74258341,74258402,74258858,74258976,74259415,74259654,74260276,74260320	-	11660	72048154	+	72056349	72059814	boundary_62	y	chr8	146259331	72055656	72057849	72054849
ptg000011l	65435278	65435953	65435953	m84108_230703_151412_s2/205264092/ccs	8	1	TAAGCCCCG	CTCATTTAT	TTCATTTAT	XOOOOOOOO	1	14335	65435278,65435953,65435954,65437735,65438138,65438898,65439073,65439286,65440035	-	19313	80861089	+	80866067	80880402	boundary_61	y	chr8	146259331	80865392	80867567	80864567
ptg000011l	14623376	14623693	14623693	m84108_230703_151412_s2/203623318/ccs	10	1	CGGTCCCGTAA	GCAATTTACCG	GCAATTTACCA	OoOOOOOOOOX	1	12584	14611646,14612118,14614268,14616166,14616358,14616976,14618314,14623107,14623244,14623376,14623693	+	12764	131632834	-	131633014	131645598	boundary_59	y	chr8	146259331	131632697	131634514	131631514
ptg000011l	11404136	11405174	11405174	m84108_230703_151412_s2/29491500/ccs	2	1	AAC	GGT	AGT	XOO	1	3704	11404136,11405174,11414236	-	13027	134835093	+	134844416	134848120	boundary_58	y	chr8	146259331	134843378	134845916	134842916
ptg000019l	6858561	6865598	6865598	m84108_230703_151412_s2/243859586/ccs	1	1	CC	TA	TC	OX	1	9439	6858561,6865598	-	13146	6845310	-	6854749	6858456	boundary_107	y	chr9	150617247	6847712	6856249	6853249
ptg000032l	58418588	58421899	58421899	m84108_230703_151412_s2/230359334/ccs	12	1	GTTTTAAATATACC	TCCCCGGGGGCCTT	GnCCCGGGGGCCTT	XnOOOOOOOOOOOO	1	4535	58418588,58420247,58421899,58422827,58423199,58423346,58427400,58428707,58429574,58429952,58431970,58432463,58433025,58433167	-	15784	91168312	+	91179561	91184096	boundary_140	y	chr9	150617247	91176250	91181061	91178061
ptg000032l	32594277	32595526	32595526	m84108_230703_151412_s2/80153802/ccs	1	6	CGACGCG	TATAAGT	CGACGCT	XXXXxxO	1	14513	32582915,32583659,32584097,32584638,32592924,32594277,32595526	-	15246	116993527	+	116994260	117008773	boundary_139	y	chr9	150617247	116993011	116995760	116992760
ptg000032l	2775739	2777579	2777579	m84108_230703_151412_s2/250021619/ccs	6	1	AGAAGCA	GACGATG	GACGATA	OOOOOOX	1	20915	2759247,2766394,2766880,2775670,2775707,2775739,2777579	+	21531	146817960	-	146818576	146839491	boundary_136	y	chr9	150617247	146816736	146820076	146817076
ptg000018l	128463948	128464242	128464242	m84108_230703_151412_s2/228987493/ccs	1	12	GCTAAGTACGATG	ATCTTTCGTCGAA	ACTAAGTACGATG	OxxXxXXXXXxXX	1	1809	128463948,128464242,128464926,128465632,128467473,128467606,128468334,128472875,128473265,128473529,128473602,128473966,128475422	+	13872	4137770	-	4149833	4151642	boundary_105	y	chr10	134758134	4149539	4151333	4148333
ptg000018l	127256964	127261263	127261263	m84108_230703_151412_s2/222233936/ccs	1	1	CT	TC	TT	OX	1	12236	127256964,127261263	-	15880	5349018	+	5352662	5364898	boundary_104	y	chr10	134758134	5348363	5354162	5351162
ptg000018l	30459061	30459291	30459291	m84108_230703_151412_s2/240977282/ccs	1	9	GCTCACGAGA	ATCTGTACAG	GCTCACGAGG	XXXXXXXXXO	1	11884	30447732,30450147,30451743,30454505,30455787,30456793,30456881,30458757,30459061,30459291	+	12111	101512318	-	101512545	101524429	boundary_101	y	chr10	134758134	101512315	101514045	101511045
ptg000018l	2365658	2368204	2368204	m84108_230703_151412_s2/242221743/ccs	18	1	GGCAACTTAAATACCGACG	AATGGTACGGGGCTTCGTA	GATGGTACGGGGCTTCGTA	XOoOOOOOOOOOOOOoOOO	1	2638	2365658,2368204,2368243,2368410,2368723,2369153,2369593,2370178,2370425,2371001,2371158,2371892,2371949,2372622,2372695,2374361,2375234,2377281,2377632	+	12265	129596987	-	129606614	129609252	boundary_100	y	chr10	134758134	129604068	129608114	129605114
ptg000079l	330716	333811	333811	m84108_230703_151412_s2/48501290/ccs	3	1	TGCT	CATC	TATC	XOOO	1	3187	330716,333811,342417,342590	+	11986	132773779	-	132782578	132785765	boundary_229	y	chr10	134758134	132779483	132784078	132781078
ptg000050l	53485331	53485386	53485386	m84108_230703_151412_s2/45356018/ccs	2	1	TGC	CAT	TAT	XOO	1	7940	53485331,53485386,53486652	+	15306	9882869	-	9890235	9898175	boundary_198	y	chr11	135127769	9890180	9891735	9888735
ptg000050l	42390408	42396528	42396528	m84108_230703_151412_s2/85201347/ccs	2	1	CTT	TGC	CGC	XoO	1	8622	42390408,42396528,42396580	-	13274	20994176	+	20998828	21007450	boundary_197	y	chr11	135127769	20992708	21000328	20997328
ptg000050l	31215062	31215602	31215602	m84108_230703_151412_s2/24446693/ccs	17	1	GTTGTCTTGTTTTTTAAA	ACCCGGCCACCCACCGCG	GCCCGGCCACCCACCGCG	XOooOOOOOoOOOOOoOO	1	904	31215062,31215602,31219171,31219209,31220088,31220195,31220386,31221373,31221379,31222842,31224072,31224708,31225120,31225605,31225663,31226129,31230182,31233179	-	18857	32158936	+	32176889	32177793	boundary_195	y	chr11	135127769	32176349	32178389	32175389
ptg000024l	13454523	13458643	13458643	m84108_230703_151412_s2/79499050/ccs	3	1	CAAG	TGGT	CGGT	XOOO	1	4742	13454523,13458643,13460674,13460682	-	10025	113278026	-	113282768	113288051	boundary_125	y	chr11	135127769	113278648	113284268	113281268
ptg000024l	22303560	22312888	22312888	m84108_230703_151412_s2/58791618/ccs	1	1	AC	TA	TC	OX	1	10289	22303560,22312888	-	11352	122129124	-	122139413	122140476	boundary_127	y	chr11	135127769	122130085	122140913	122137913
ptg000024l	33426322	33439216	33439216	m84108_230703_151412_s2/84017264/ccs	1	3	CCAT	TTGC	TCAT	OXXX	1	12971	33426322,33439216,33440204,33443689	+	20120	133247999	+	133260970	133268119	boundary_129	y	chr11	135127769	133248076	133262470	133259470
ptg000058l	31040678	31041956	31041956	m84108_230703_151412_s2/141560507/ccs	39	1	GGATAAGATGATCGGGATTCCCGATTGGACGCCCACTGTC	TAGCGGCGAAGCTCAAGCCTGGAGGGAATATTAAGTCAGT	GAGCGGCGAAGCTCAAGCCTGGAGGGAATATTAAGTCAGT	XOOOOOoOOOOOOOOOOOOOOOOOOoOOOOOOOOOOoOOO	1	2302	31040678,31041956,31042673,31042779,31043355,31043402,31043418,31044330,31045266,31048350,31049448,31049916,31049922,31051094,31051782,31051970,31052137,31052499,31052743,31052788,31053107,31054164,31054942,31055352,31056300,31056301,31057333,31057574,31057991,31058018,31058077,31058078,31058257,31059320,31059874,31059983,31064424,31065473,31065483,31065486	-	26344	3962715	+	3986757	3989059	boundary_218	y	chr12	133324548	3985479	3988257	3985257
ptg000055l	20302128	20302149	20302149	m84108_230703_151412_s2/263390973/ccs	1	2	ACA	GTT	GCA	OXX	1	9089	20302128,20302149,20302566	-	12115	54689587	-	54698676	54701702	boundary_205	y	chr12	133324548	54698655	54700176	54697176
ptg000055l	36482166	36484437	36484437	m84108_230703_151412_s2/129171838/ccs	1	1	TA	CG	CA	OX	1	13922	36482166,36484437	+	15332	70856457	+	70870379	70871789	boundary_207	y	chr12	133324548	70868108	70871879	70868879
ptg000055l	69663468	69669321	69669321	m84108_230703_151412_s2/218828405/ccs	1	12	CGCTAGCGTAGGA	GATCGATACGATG	CGCTAGCGTAGGG	XXxXXXXXxXXXO	1	18001	69651773,69654396,69654830,69655089,69657494,69658176,69658264,69659671,69660702,69661370,69661887,69663468,69669321	+	21072	104005239	+	104023240	104026311	boundary_208	y	chr12	133324548	104017387	104024740	104021740
ptg000055l	85169568	85175649	85175649	m84108_230703_151412_s2/66912518/ccs	5	1	GGCGCT	AATAGA	GATAGA	XOOOOO	1	18639	85169568,85175649,85181701,85182426,85182556,85183481	+	26807	119517963	+	119536602	119544770	boundary_212	y	chr12	133324548	119530521	119538102	119535102
ptg000055l	85742368	85750291	85750291	m84108_230703_151412_s2/16125429/ccs	1	6	TCCCGCA	ATTTAAG	ACCCGCA	OXXXxxX	1	15315	85742368,85750291,85750337,85751429,85753643,85755863,85756041	-	21686	120095883	-	120111198	120117569	boundary_213	y	chr12	133324548	120103275	120112698	120109698
ptg000020l	79360951	79363454	79363454	m84108_230703_151412_s2/112529517/ccs	7	1	CTGAGAGG	GCATTTCC	GCATTTCG	oOOOOOOX	1	14188	79350834,79350848,79350859,79355376,79355735,79358955,79360951,79363454	+	18065	19880090	-	19883967	19898155	boundary_114	y	chr13	113566686	19881464	19885467	19882467
ptg000020l	71238931	71241697	71241697	m84108_230703_151412_s2/244977587/ccs	1	34	CGAGAGCATAGCTTTCAGATTTAATCCATCACGGG	TCGACATGGGAACCGTGAGCCAGGATTGCGCAAAA	CGAGAGCATAGCTTTCAGATTTAATCCATCACGGA	XXXXXXXXXXXXXXXXXXXXXXXXXXXXXXXXXXO	1	20067	71222113,71222345,71222523,71222564,71222979,71223763,71223976,71224308,71224409,71224484,71225090,71225269,71225642,71225776,71226275,71226774,71227465,71228362,71228721,71228777,71228955,71229284,71229613,71230719,71230990,71232416,71233900,71235574,71236867,71237237,71237908,71238040,71238887,71238931,71241697	-	21102	28013965	+	28015000	28035067	boundary_113	y	chr13	113566686	28012234	28016500	28013500
ptg000002l	4986771	4987147	4987147	m84108_230703_151412_s2/255333880/ccs	1	1	TA	CG	CA	OX	1	13111	4986771,4987147	-	15554	107693908	+	107696351	107709462	boundary_6	y	chr13	113566686	107695975	107697851	107694851
ptg000002l	972971	973769	973769	m84108_230703_151412_s2/230035324/ccs	1	16	TTTGCGCTGTTCGATAT	GCCAACTCCCCTAGCGC	TTTGCGCTGTTCGATAC	XXXxXXXXxXXXXXXXO	1	14961	962046,964986,965748,967193,968463,969369,969567,970125,970550,971613,971681,971987,972136,972640,972685,972971,973769	-	15091	111702520	+	111702650	111717611	boundary_5	y	chr13	113566686	111701852	111704150	111701150
ptg000007l	78721347	78721501	78721501	m84108_230703_151412_s2/265945930/ccs	31	1	TCAGTAGGGTTCAGACCCCGACCCAATATACG	CTGACGAATGATCCGTTATAGTTTGTCGCGTA	CTGACGAATGATCCGTTATAGTTTGTCGCGTG	OOoOOOOOOOOoOOOOOOOOOOOOOoOOOOOX	1	19620	78703555,78703709,78704757,78704835,78705683,78706888,78707335,78707381,78708518,78708912,78709321,78709718,78710039,78710160,78710737,78711480,78712137,78712911,78713167,78714315,78715593,78716056,78716179,78716201,78716462,78716711,78716987,78718793,78719934,78721054,78721347,78721501	-	25608	20113590	+	20119578	20139198	boundary_48	y	chr14	101161492	20119424	20121078	20118078
ptg000007l	66953479	66961171	66961171	m84108_230703_151412_s2/107610643/ccs	1	2	GTC	ACT	GTT	XXO	1	13886	66949818,66953479,66961171	+	15518	31849776	-	31851408	31865294	boundary_46	y	chr14	101161492	31843716	31852908	31849908
ptg000007l	40756698	40758388	40758388	m84108_230703_151412_s2/192353549/ccs	1	1	TG	GA	TA	XO	1	14631	40756698,40758388	-	18562	58118239	+	58122170	58136801	boundary_45	y	chr14	101161492	58120480	58123670	58120670
ptg000007l	26334820	26336104	26336104	m84108_230703_151412_s2/53349855/ccs	1	9	TCCGTTCCTT	CATACCTGGC	CCCGTTCCTT	OXXXXXXXXX	1	1508	26334820,26336104,26341155,26344553,26345386,26346137,26346145,26346263,26346382,26346492	-	12037	72532200	+	72542729	72544237	boundary_44	y	chr14	101161492	72541445	72544229	72541229
ptg000007l	15550675	15559544	15559544	m84108_230703_151412_s2/22939910/ccs	1	1	CG	GC	CC	XO	1	13092	15550675,15559544	+	15413	83336137	-	83338458	83351550	boundary_43	y	chr14	101161492	83329589	83339958	83336958
ptg000116l	706004	707320	707320	m84108_230703_151412_s2/120326608/ccs	4	1	ACCGC	CTGAT	CTGAC	OOoOX	1	18904	696546,700873,702877,706004,707320	-	19304	100524368	+	100524768	100543672	boundary_240	y	chr14	101161492	100523452	100526268	100523268
ptg000003l	27368806	27369094	27369094	m84108_230703_151412_s2/250875065/ccs	1	1	CG	TA	CA	XO	1	14808	27368806,27369094	-	18052	47520406	+	47523650	47538458	boundary_7	y	chr15	99753195	47523362	47525150	47522150
ptg000025l	11649703	11659031	11659031	m84108_230703_151412_s2/189207929/ccs	1	4	CAGTC	TCCAT	TAGTC	OXXXx	1	15645	11649703,11659031,11659083,11659084,11661721	-	18781	86386137	-	86401782	86404918	boundary_130	y	chr15	99753195	86392454	86403282	86400282
ptg000082l	9144290	9144316	9144316	m84108_230703_151412_s2/5508798/ccs	57	1	CCCAAGGATAGCGGGGCCTGCCCTAAAACGGCCCCGGATGAACCCTGATTTGGCCATC	AATCGACCCGCGCTACTTCATTGCCGGGAAATAGTCAGCATTGTGGAGACCCCTGGAA	CATCGACCCGCGCTACTTCATTGCCGGGAAATAGTCAGCATTGTGGAGACCCCTGGAA	XOOOOOOOOOOOOOOOOOOOOOOOOoOOOOOOOOOOOOOOOOOOOOOOOOOOOOOOOO	1	862	9144290,9144316,9144628,9145060,9145269,9146692,9147558,9147896,9148395,9148534,9149668,9150467,9150500,9150730,9151059,9151388,9151417,9151494,9151499,9151594,9151621,9151652,9151851,9152124,9152224,9152265,9152428,9152731,9153238,9153362,9153549,9153657,9153758,9153848,9153968,9153978,9154061,9154160,9154227,9154246,9154625,9155155,9155986,9156354,9156665,9157065,9157226,9157696,9157952,9158325,9158348,9158504,9159111,9159926,9160013,9160228,9160232,9160458	+	17386	5838920	-	5855444	5856306	boundary_232	y	chr16	96330374	5855418	5856944	5853944
ptg000043l	1225917	1231670	1231670	m84108_230703_151412_s2/257888243/ccs	1	2	TGT	CCA	TGA	XXO	1	8636	1223165,1225917,1231670	-	13354	17162700	+	17167418	17176054	boundary_178	y	chr16	96330374	17161665	17168918	17165918
ptg000041l	1518151	1518959	1518959	m84108_230703_151412_s2/23399204/ccs	1	18	TCTGGCGACATGGATCCGC	CGGACAACTGCCAGATGAT	CCTGGCGACATGGATCCGC	OXXXXXXXXXXXxXXXXXX	1	1191	1518151,1518959,1521097,1521195,1522705,1522818,1522865,1522929,1523156,1523383,1523624,1523632,1523668,1523822,1524200,1524209,1525281,1527474,1530301	+	13011	90370382	-	90382202	90383393	boundary_177	y	chr16	96330374	90381394	90383702	90380702
ptg000041l	439458	444026	444026	m84108_230703_151412_s2/130485460/ccs	1	7	TAGAATGG	CGCGCCCA	CAGAATGG	OXXXXXXX	1	5697	439458,444026,444242,445126,448341,448596,458820,460451	-	22430	91440209	+	91456942	91462639	boundary_176	y	chr16	96330374	91452374	91458442	91455442
ptg000001l	31742292	31742448	31742448	m84108_230703_151412_s2/151850721/ccs	20	1	CATAGAGGCTCTTTCAACAGG	TCCTTTATTCTCCGTGGTCCT	TCCTTTATTCTCCGTGGTCCG	OOOOOOOOOOOOOOOOOOOOX	1	13879	31729453,31730556,31732092,31732154,31732363,31733247,31733714,31734422,31735265,31735952,31736236,31737122,31737635,31738599,31738688,31739602,31741197,31741760,31741966,31742292,31742448	+	17187	57971638	+	57985517	57988825	boundary_1	y	chr17	84276897	57985361	57987017	57984017
ptg000001l	32570346	32572428	32572428	m84108_230703_151412_s2/236192590/ccs	4	1	GGGCA	AAAGG	AAAGA	OOOOX	1	3909	32569197,32569557,32570200,32570346,32572428	-	5537	58809917	-	58813826	58815454	boundary_2	y	chr17	84276897	58811744	58815326	58812326
ptg000001l	45879416	45883211	45883211	m84108_230703_151412_s2/185205003/ccs	3	1	ACGT	GTAC	ATAC	XOOO	1	6385	45879416,45883211,45889624,45890614	-	14450	72115519	-	72121904	72129969	boundary_3	y	chr17	84276897	72118109	72123404	72120404
ptg000001l	53103976	53106795	53106795	m84108_230703_151412_s2/213652172/ccs	1	8	GCGGTGCAG	AGATCATGT	ACGGTGCAG	OXXXXXXXX	1	4046	53103976,53106795,53109210,53109470,53109506,53112877,53114260,53114302,53114863	+	12158	79343878	+	79347924	79356036	boundary_4	y	chr17	84276897	79345105	79349424	79346424
ptg000045l	36039216	36039796	36039796	m84108_230703_151412_s2/83167530/ccs	35	1	TACTCGGAGACGTTTCCACCATTGACTAGCTCCATG	CGTCTAAGTGTAGCCTAGTTGCGCGTCGATGGTGCC	TGTCTAAGTGTAGCCTAGTTGCGCGTCGATGGTGCC	XOOOOOooOOOooOoOOoOOoOOoOOOOOoOOOoOO	1	568	36039216,36039796,36040762,36041291,36041584,36041598,36041734,36042449,36044404,36045593,36046592,36047290,36047591,36047899,36048089,36048896,36049605,36049683,36049746,36049960,36050440,36050468,36050602,36050752,36051062,36051989,36052008,36052364,36052626,36052921,36053015,36053308,36054038,36054100,36054513,36054709	-	15759	44518222	+	44533413	44533981	boundary_184	y	chr18	80542538	44532833	44534913	44531913
ptg000045l	20555497	20560117	20560117	m84108_230703_151412_s2/71762083/ccs	7	1	CCCTAAGC	TTTGGGAT	TTTGGGAC	OOOOOOOX	1	15928	20544834,20547101,20549073,20549768,20553228,20554307,20555497,20560117	-	16662	59992198	+	59992932	60008860	boundary_183	y	chr18	80542538	59988312	59994432	59991432
ptg000045l	16960414	16960910	16960910	m84108_230703_151412_s2/243404710/ccs	31	1	ATTCCGTGAAGCCTGGGTTTATCTTCAGTCTT	GGGTAACAGGATTCAAACCCTCTACGGACTCG	GGGTAACAGGATTCAAACCCTCTACGGACTCT	OOOOOOOOOOOOOOOOOOOOOOOOOOOOOOOX	1	20278	16940741,16941032,16941644,16941654,16944346,16944956,16946066,16946344,16946715,16947181,16947347,16947840,16948958,16950380,16951142,16951156,16951188,16952970,16953277,16953422,16953795,16954942,16955077,16955253,16955574,16955839,16958602,16958927,16959635,16960243,16960414,16960910	+	25132	63586333	-	63591187	63611465	boundary_181	y	chr18	80542538	63590691	63592687	63589687
ptg000037l	29980352	29984374	29984374	m84108_230703_151412_s2/124781330/ccs	1	4	CGGGA	GAAAC	CGGGC	XXXXO	1	17686	29967703,29969154,29973403,29980352,29984374	-	20029	34229512	-	34247198	34249541	boundary_152	y	chr19	61707364	34243176	34248698	34245698
ptg000037l	30198906	30206271	30206271	m84108_230703_151412_s2/186193400/ccs	9	1	TCACCCCTAA	CTCTTTTCGG	TTCTTTTCGG	XOOOOOOOOO	1	9845	30198906,30206271,30207099,30207764,30208138,30209335,30209402,30210290,30211309,30212211	+	16524	34459200	+	34469045	34475724	boundary_153	y	chr19	61707364	34461680	34470545	34467545
ptg000037l	38138023	38146152	38146152	m84108_230703_151412_s2/231410394/ccs	1	13	AATGAGGAGGCTGC	GGCCGCAGAATCAT	AATGAGGAGGCTGT	XXXXXXXXXXXXXO	1	18737	38129095,38129447,38129557,38129669,38130047,38130072,38131529,38133792,38134229,38134320,38135222,38136378,38138023,38146152	-	19418	42584416	-	42603153	42603834	boundary_154	y	chr19	61707364	42595024	42604653	42601653
ptg000037l	42962670	42964204	42964204	m84108_230703_151412_s2/103287756/ccs	1	11	AACGTATATACA	GGTCGGCGCGTG	GACGTATATACA	OXXXxXXXXXXX	1	2354	42962670,42964204,42965465,42967322,42967637,42968276,42969843,42970161,42970572,42972012,42972427,42973301	+	11523	47417144	+	47419498	47428667	boundary_155	y	chr19	61707364	47417964	47420998	47417998
ptg000100l	1723371	1728959	1728959	m84108_230703_151412_s2/180096035/ccs	9	1	AAATGACATG	GGGCTTAGCT	AGGCTTAGCT	XOOOOOOOoO	1	10476	1723371,1728959,1729229,1729271,1729732,1729754,1729757,1729866,1729875,1729965	+	14251	54788997	+	54799473	54803248	boundary_234	y	chr19	61707364	54793885	54800973	54797973
ptg000033l	53064979	53065569	53065569	m84108_230703_151412_s2/171185161/ccs	1	30	TTGTATATTCAGAGAACACATTGACTCCAAA	ACACGGGCCTTAGAGTGCATGCATACTTGGG	TTGTATATTCAGAGAACACATTGACTCCAAG	XXXXXXXXXXXXXXXXXXXXXXXXXXXXXXO	1	12546	53053928,53054025,53054084,53054179,53054424,53054801,53055114,53055974,53056254,53056727,53057563,53059558,53059592,53059704,53059770,53060105,53060987,53061893,53061934,53062301,53063111,53063194,53063460,53063608,53064090,53064525,53064628,53064739,53064806,53064979,53065569	-	13439	10470958	+	10471851	10484397	boundary_146	y	chr20	66210255	10471261	10473351	10470351
ptg000033l	43470487	43471293	43471293	m84108_230703_151412_s2/57082155/ccs	45	1	CACGGCGGTACGTCCTGTACCAGGATTTAACATCACCACTGTGCTTC	TGTCCTAACGTACTTCAGTTTTCCGGCAGGTGATGTAGTCACTGGCT	CGTCCnAACGTACTTCAGTTTTCCGGCAGGTGATGTAGTCACTGGCT	XOOoOnOoooOoOoOOooOooooooooOOOOoooOooOOOOOoOOOo	1	1374	43470487,43471293,43472135,43474459,43474909,43475303,43475810,43476047,43476302,43478864,43480457,43480809,43482760,43482972,43483270,43483570,43483977,43485357,43486148,43486326,43486448,43487059,43487374,43487465,43487927,43488164,43488186,43488321,43488428,43489040,43489061,43489062,43489097,43489139,43489158,43490238,43490249,43492691,43492710,43492890,43493119,43493193,43493226,43493336,43493354,43493587,43493678	+	23891	20034547	-	20057064	20058438	boundary_144	y	chr20	66210255	20056258	20058564	20055564
ptg000033l	26863429	26866300	26866300	m84108_230703_151412_s2/219744590/ccs	2	1	GAC	ATT	ATC	OOX	1	5850	26862545,26863429,26866300	+	13630	37294841	-	37302621	37308471	boundary_143	y	chr20	66210255	37299750	37304121	37301121
ptg000016l	27836835	27838281	27838281	m84108_230703_151412_s2/103946023/ccs	1	1	GG	AA	AG	OX	1	10259	27836835,27838281	+	13195	14967978	-	14970914	14981173	boundary_92	y	chr21	45090682	14969468	14972414	14969414
ptg000056l	4760429	4761944	4761944	m84108_230703_151412_s2/187041355/ccs	48	1	AAGGTAGGCCATGCCGGAGTGATGACTGCGTAACCCGGAAAGATCGACG	CGATCGCTATGCTTACATACCGCACTCAAACGGGTAAACTGAGGGTGTC	AGATCGCTATGCTTACATACCGCACTCAAACGGGTAAACTGAGGGTGTC	XOOOOOoOoOOOOoOOOoOOOOoooOOOoOoOOOOoOOOOOOOOOOOoo	1	3505	4760429,4761944,4762886,4765147,4765445,4767100,4767280,4768570,4768688,4768942,4770464,4771093,4771423,4773531,4774133,4774190,4774860,4774926,4775733,4776482,4776552,4776740,4776856,4776857,4776914,4776960,4777071,4777410,4777618,4777829,4777925,4777986,4778118,4778176,4778336,4778379,4778605,4778674,4778882,4779272,4779329,4779332,4779347,4779352,4779485,4779748,4779763,4779785,4780198	-	22233	33801947	+	33820675	33824180	boundary_214	y	chr22	51324926	33819160	33822175	33819175
ptg000049l	6738106	6744981	6744981	m84108_230703_151412_s2/191563923/ccs	3	1	CCAC	GTGT	CTGT	XOOO	1	7630	6738106,6744981,6747353,6749090	+	13424	45254591	+	45262221	45268015	boundary_193	y	chr22	51324926	45255346	45263721	45260721
