contig	previous_snp	jump_snp	next_snp	read_name	count_haplotype_one	count_haplotype_two	ref_bases	alt_bases	read_bases	haplotype_string	number_of_jumps	jump_snp_pos_in_read	snp_pos_in_read	strand	read_length	chromosome_start	ref_strand	right_jump_snp_ref	chromosome_end	GC_event	Approved	chromosome	chromosome_length	left_jump_snp_ref
ptg000104l	2843987	2845004	2845941	m84108_230703_151412_s2/161352285/ccs	11	1	CGGCCTCTTGAA	TAATGCGCCCCG	TAATGCCCCCCG	OOOOOOXOOOOO	2	6869	2838409,2838542,2840914,2840960,2842929,2843987,2845004,2845941,2846454,2847352,2847896,2848379	-	10610	4199977	+	4204655	4210587	GC_200	y	chr1	248387328	4202701
ptg000104l	1646884	1648753	1649475	m84108_230703_151412_s2/58721588/ccs	35	1	AAGCTCGATGGATGGGTTCTATCCGGAGCATACTGC	TGATCATGCAAGCAAACCTCGCTTCAGATGGCGCAT	TGATCATGCAGGCAAACCTCGCTTCAGATGGCGCAT	OOOOOOOOOOXOOOOOOOOOOOOOOOOOOOoOOOOO	2	6432	1642462,1642540,1642792,1643130,1644138,1644431,1646562,1646584,1646807,1646884,1648753,1649475,1649485,1649739,1650212,1651458,1652051,1652054,1652998,1653020,1653052,1653450,1653766,1654203,1654921,1655842,1657468,1658174,1658604,1659229,1659249,1660187,1661646,1661667,1661937,1662728	-	20811	5385019	+	5400120	5405830	GC_199	y	chr1	248387328	5397529
ptg000046l	4511469	4511487	4511518	m84108_230703_151412_s2/245696480/ccs	24	1	GGTGTTTCCACGGCAAGCAGAGGGG	TACACCCTTGTCAGCGATGCTTTAC	TACACCCTTGTCAGCGATACTTTAC	ooOOOOoOoOoOOoOoOOXOoOOoO	2	11902	4502305,4503155,4503771,4503785,4503806,4503849,4503916,4503920,4504201,4505552,4506180,4506693,4506940,4507778,4509045,4509196,4510334,4511469,4511487,4511518,4511794,4512422,4512495,4514015,4515367	-	16395	11548392	-	11560325	11564787	GC_152	y	chr1	248387328	11560276
ptg000046l	10928967	10930016	10930118	m84108_230703_151412_s2/107484626/ccs	23	1	AGTCAAAGAGGACTGTCTCGGATT	GACAGGGAGAAGACAGTCTAAGAC	GACAGGGAGAAGACAGCCTAAGAC	OOOOOOOOOOOOOOOOXOOOOOOO	2	15420	10915746,10916112,10916636,10916959,10918572,10918635,10918909,10919482,10919863,10922425,10924398,10926488,10926873,10928594,10928726,10928967,10930016,10930118,10932587,10932596,10933373,10933538,10937026,10937580	+	23105	17748670	+	17764192	17771775	GC_153	y	chr1	248387328	17763041
ptg000046l	11690378	11690855	11691466	m84108_230703_151412_s2/261754203/ccs	1	12	GCTAGATCAATAT	AGCTAGGTGGCGC	GCTAGAGCAATAT	XxXXxxOXXxXXX	2	4770	11687220,11688297,11688298,11689062,11689528,11690378,11690855,11691466,11691538,11693556,11693574,11694180,11696734	-	11984	18519644	-	18525025	18531628	GC_154	y	chr1	248387328	18523937
ptg000046l	12309978	12311410	12311674	m84108_230703_151412_s2/190319874/ccs	1	16	TAGTCGGTGCAAGAAGT	GGCCGCACTGGGAGGAC	TAGTCGGTGCAAGAAAT	XXxXXXXXXXXXXXXOX	2	10806	12300745,12301305,12301308,12301441,12302404,12302516,12302571,12302598,12302871,12303792,12304319,12304622,12308525,12309162,12309978,12311410,12311674	-	16142	19133335	-	19144405	19149477	GC_155	y	chr1	248387328	19142709
ptg000046l	18899677	18899802	18899964	m84108_230703_151412_s2/168299600/ccs	1	28	CTACGGACCGCCGTGAGGTGGCGTGAGTC	TCGATCGGGTGTAGAGATCCATACCGAAT	CTACGCACCGCCGTGAGGTGGCGTGAGTC	XXXXXOXXXXxXXXXxXXXXXXXXXXXXX	2	5765	18894393,18895432,18896349,18898930,18899677,18899802,18899964,18899988,18900573,18901290,18901926,18902519,18903297,18904089,18905277,18906880,18907416,18907491,18911203,18913053,18913245,18913432,18913518,18913770,18913791,18914195,18914503,18914729,18915067	-	21025	25795463	-	25801390	25816488	GC_156	y	chr1	248387328	25801103
ptg000046l	19187921	19187987	19188050	m84108_230703_151412_s2/20842071/ccs	1	31	TAAGATAACGTCTTGATTGAGGAAGGCGATAAG	AGGAGCGGTCGTCGAGCCTGAATGAATAGCGGA	TAAGATAACGGCTTGATTGAGGAAGGCGATAAn	xXxXXxXXxXOXXXXXXxXXXXXXxXXXxXxXn	2	8562	19180245,19182274,19183580,19185089,19185194,19186593,19187230,19187478,19187772,19187921,19187987,19188050,19189577,19190185,19191339,19191959,19191961,19192843,19194921,19197183,19197999,19198906,19198968,19199702,19200525,19200906,19201580,19201904,19201997,19202141,19205344,19205881,19205976	-	26902	26081131	-	26089756	26108033	GC_157	y	chr1	248387328	26089627
ptg000062l	1458689	1460082	1462124	m84108_230703_151412_s2/104792595/ccs	7	1	TGCTCAAT	CAGCGGTA	CACCGGTA	OOXOOOOO	2	1797	1458423,1458689,1460082,1462124,1462511,1464298,1468512,1470004	+	12801	159131936	-	159144982	159144737	GC_188	y	chr1	248387328	159141547
ptg000062l	1271928	1272415	1272502	m84108_230703_151412_s2/82248218/ccs	1	15	GCGGGCTCCCAGGTAT	TTTAATCTTTCAACGC	GCGGGTTCCCAGGTAT	XXXXXOXXXXXXXXXX	2	8301	1264978,1267003,1270276,1271865,1271928,1272415,1272502,1277380,1278007,1278044,1278130,1279694,1279716,1281048,1281185,1281392	-	17523	159321020	+	159330329	159338543	GC_187	y	chr1	248387328	159329755
ptg000014l	1661778	1661785	1661842	m84108_230703_151412_s2/153226932/ccs	3	1	GTAC	AGGT	ATGT	OXOO	2	12376	1661778,1661785,1661842,1661973	-	15262	162369824	-	162382257	162385086	GC_61	y	chr1	248387328	162382193
ptg000014l	15209027	15209367	15211426	m84108_230703_151412_s2/24576152/ccs	22	1	GAATGAGGGATAAGAGTTGTGAT	CGGCAGTAAGCTTACACCACAGC	CGGCAATAAGCTTACACCACAGC	OOOOOXOOOOOOOOOOOooOOOO	2	5831	15204332,15206370,15206426,15207705,15209027,15209367,15211426,15211447,15212918,15214470,15215286,15215354,15215424,15215468,15216652,15217055,15217454,15218594,15219305,15219806,15219972,15220029,15220174	-	16937	175917042	-	175924932	175933979	GC_62	y	chr1	248387328	175922533
ptg000014l	49352094	49352729	49354246	m84108_230703_151412_s2/124982115/ccs	1	9	CTGCGAAACC	GGTTAGGGTG	CGGCGAAACC	XOxXxXXXXX	2	1649	49352094,49352729,49354246,49355809,49355892,49355997,49357765,49359562,49360586,49362194	-	11279	209958820	-	209961986	209970099	GC_63	y	chr1	248387328	209959834
ptg000047l	7038647	7039175	7039425	m84108_230703_151412_s2/191365238/ccs	1	17	CCTGAGGCTAGGCTTCGT	ATCATAAGGGATGCGTAC	CCTGAGGCTAGGCTTCAT	XXXXXXXXXXXXXXXXOX	2	10616	7028953,7028957,7029239,7031173,7033487,7034018,7034534,7034622,7035275,7035651,7036125,7036547,7037058,7037658,7038635,7038647,7039175,7039425	-	11810	241337953	+	241339397	241349763	GC_162	y	chr1	248387328	241338619
ptg000047l	4612327	4612328	4612332	m84108_230703_151412_s2/140185602/ccs	14	1	CATGTGTCAGGTCTC	TGAACACTGCACTCT	TGAACGCTGCACTCT	OOOOOXOOOOOOoOO	2	17239	4612173,4612300,4612306,4612321,4612327,4612328,4612332,4612336,4612395,4612454,4612455,4613148,4613443,4617292,4617462	-	23095	243759160	+	243765020	243782255	GC_161	y	chr1	248387328	243765015
ptg000047l	1274275	1274331	1274426	m84108_230703_151412_s2/126487397/ccs	1	41	TGCTCTCCTTTAATGCCGAGACCACTCACAACCGTTCCTTGA	CATCTCTACGCGGCAAACGTGTGGGGTGATGGTCACTGGCCG	TGCTCTCCTTTAATGCCGATACCACTCACAACCGTTCCTTGA	XxXXXXxXXXXXXXXXxXXOXXXxXXXXXXxxxXXXXXXXxx	2	4255	1270221,1270286,1270302,1270734,1271239,1271258,1271480,1271776,1272037,1272543,1272668,1272906,1273056,1273263,1273560,1273642,1273880,1273951,1274275,1274331,1274426,1274501,1275003,1275061,1275111,1275270,1275658,1276163,1276208,1276249,1276529,1276729,1277183,1277510,1277526,1277593,1277672,1277748,1278154,1278184,1278340,1279187	+	13973	247090941	-	247100754	247104914	GC_160	y	chr1	248387328	247100603
ptg000047l	1181695	1181995	1182031	m84108_230703_151412_s2/263194928/ccs	1	4	TGTTT	CACCC	TGCTT	XXOXX	2	12261	1181284,1181695,1181995,1182031,1182114	-	14717	247190579	+	247193071	247205296	GC_159	y	chr1	248387328	247192735
ptg000013l	89553724	89555004	89557038	m84108_230703_151412_s2/216990296/ccs	1	28	GTCATCGGTGATGACATGTTTTTCATTTA	ACTTCTAACAGCAGTGAACCCGGTGCCGG	GTCACCGGTGATGACATGTTTTTCATTTA	XXxXOXXXXXXXXXXXXXXxXxXXXXXXX	2	4226	89551283,89551518,89553627,89553724,89555004,89557038,89557570,89557780,89558425,89558778,89559742,89560441,89561530,89562415,89562480,89563475,89563765,89563985,89564575,89564857,89565856,89567072,89567345,89567663,89568199,89568294,89568634,89568925,89569673	-	19764	565674	+	583246	585438	GC_60	y	chr2	242696752	579932
ptg000013l	77091324	77092154	77092838	m84108_230703_151412_s2/115545298/ccs	1	16	GCTTTTAGAGACGGGAC	TTCCCCGACAGTCAACT	GCTTTTAGAGGCGGGAC	XXXXXXXXXXOXXXXXX	2	5076	77088074,77088897,77089312,77090004,77090106,77090187,77090238,77090559,77090749,77091324,77092154,77092838,77093252,77094042,77094316,77095523,77096398	-	13678	13012315	+	13021601	13025993	GC_59	y	chr2	242696752	13020087
ptg000013l	70914156	70916013	70925362	m84108_230703_151412_s2/24319214/ccs	2	1	TGA	CAC	CGC	OXO	2	1886	70914156,70916013,70925362	-	17451	19181550	+	19206464	19199001	GC_58	y	chr2	242696752	19195258
ptg000013l	65997137	65998919	65998938	m84108_230703_151412_s2/27461682/ccs	13	1	ACGTCCGTAAGTCT	GTTCTTAGGGAATC	GCTCTTAGGGAATC	OXOOOOOOOOOOOO	2	3085	65997137,65998919,65998938,65999482,65999540,65999950,66001579,66001972,66002472,66003543,66003890,66005863,66006560,66007471	-	12900	24098419	+	24108253	24111319	GC_57	y	chr2	242696752	24106452
ptg000013l	63552813	63552945	63553197	m84108_230703_151412_s2/204542993/ccs	1	23	ATATCGTGCGTTCTACAGGGATAGG	GCTCTCCATCACTGGTGAACGCGTA	ATATCGTGCGnTCGACAGGGATAGG	xXXXXXXxXXnXXOXXXXXxXXxXX	2	6987	63546409,63547190,63548311,63548335,63549295,63549450,63549548,63550222,63550294,63550301,63551598,63551899,63552813,63552945,63553197,63553789,63555867,63556087,63557607,63557903,63558113,63559403,63559745,63561037,63561486	-	16535	26544580	+	26554380	26561115	GC_56	y	chr2	242696752	26553996
ptg000013l	55954734	55955268	55955293	m84108_230703_151412_s2/183374050/ccs	1	26	GGAGGCGCCTCCGCCAGACAGTCCGCA	AATCCTATTCAATAAGAGTTACTTTTG	GGAGGCGCCTACGCCAGACAGTCCGCA	xxxxxxXxXXOXXxXXxXXxxXXxxxX	2	5739	55949798,55949817,55950554,55951894,55951936,55951965,55952903,55952940,55953111,55954734,55955268,55955293,55956633,55957028,55957041,55957717,55958077,55958651,55958961,55959019,55959763,55960355,55961071,55961274,55961810,55961852,55962048	+	14694	34145196	-	34154176	34159890	GC_55	y	chr2	242696752	34153617
ptg000013l	45138234	45138726	45139467	m84108_230703_151412_s2/181011516/ccs	1	22	TGAACCACGCTCGGGGGTTTTTT	CAGGTTGTTTCTACTCCACCGGC	TGAACCACGCTCGGGGGTTTGTT	xXxXxxXxXXXXXXXXXXXXOXX	2	10236	45128643,45128681,45129957,45130082,45130708,45130768,45130920,45131354,45131417,45131536,45131682,45132746,45133119,45133168,45133976,45134961,45134990,45137412,45137830,45138234,45138726,45139467,45139472	-	14200	44905323	+	44910028	44919523	GC_54	y	chr2	242696752	44908795
ptg000013l	14859197	14859695	14863820	m84108_230703_151412_s2/202378255/ccs	15	1	GCTATTGATCTACCTG	AGGGCCAGGTCGTTCA	AGGGCCAGGCCGTTCA	OOOOOOOOOXOOOOOO	2	9446	14850370,14850638,14852158,14852462,14855370,14857556,14858614,14859078,14859197,14859695,14863820,14864663,14864827,14865604,14866059,14866365	+	16150	75158511	-	75169340	75174661	GC_53	y	chr2	242696752	75164717
ptg000013l	7740378	7740655	7742084	m84108_230703_151412_s2/34802811/ccs	1	17	GCACTGGCCAAGAGCGCC	ATGACCAGAGGACATATT	GCACTCGCCAAGAGCGCC	XXXXXOXXXXXXXXXXXX	2	9211	7731572,7733785,7735199,7740199,7740378,7740655,7742084,7742643,7743053,7743418,7744187,7745583,7745737,7745958,7746386,7746647,7746722,7747279	-	16799	82274910	+	82283927	82291709	GC_52	y	chr2	242696752	82282221
ptg000021l	17423818	17424505	17424876	m84108_230703_151412_s2/26416909/ccs	35	1	ATATAGACGGTGCCATAATTGGGCCCCGTCTCTCGTT	CCCCGCCTAAGCTTGCGTACAAAATTGAGAGACTACC	CCCCGCCTAAGCTTGCGTACAAAATTGAnATACTACC	ooOoOooOOOOooOoOoOooOOOOOoOOnoXOooOOO	2	21209	17404491,17405710,17405752,17406519,17407329,17407875,17407880,17407941,17408538,17411700,17411939,17413156,17414254,17414302,17414962,17415219,17415477,17415838,17416196,17416972,17417564,17417836,17418713,17419174,17419848,17420267,17421236,17421966,17422726,17423818,17424505,17424876,17424942,17425683,17425829,17426713,17427247	+	24266	113561462	-	113564890	113585728	GC_99	y	chr2	242696752	113563832
ptg000021l	14092305	14092516	14092669	m84108_230703_151412_s2/251663987/ccs	57	1	CGGGAGGAATAGCCCTGGCCCGACGTAACGTTGCTGCGCCCCAATTTCACGTAGTCCC	AAAAGAATGCCATGTCAATGTACTAACCGACCATCAGATTTTTGCGGTGTCCGCCGTT	AAAAGAATGCCATGTCAATGTACTAACCGACCATCAGATTTTTGCGTTGTCCGCCGTT	oOOOOOOOOOOOOOOOOoOOOOOOOOoOOOOOOOOOOOOOOoOOOOXOOOOOOOOOOO	2	11307	14081339,14081586,14081686,14081736,14081749,14081830,14081853,14081958,14082302,14082526,14082675,14082676,14082945,14083091,14083214,14083238,14083491,14083630,14083697,14083738,14084035,14084064,14084107,14084125,14084193,14084900,14085056,14086010,14086135,14086147,14086234,14086308,14086488,14086760,14087390,14088559,14088801,14088907,14089972,14090424,14091045,14091354,14091466,14091771,14092106,14092305,14092516,14092669,14094061,14094332,14094377,14094601,14094789,14095050,14095089,14095918,14097593,14098116	-	26326	116877616	+	116892788	116903942	GC_98	y	chr2	242696752	116892424
ptg000005l	3253073	3253190	3253643	m84108_230703_151412_s2/27263503/ccs	13	1	AGTCCAGCATCATC	TACTGGATGCTCCA	TACTGGGTGCTCCA	OOOOOOXOOOOOOO	2	8964	3244305,3247567,3247700,3250819,3251974,3253073,3253190,3253643,3253839,3254168,3254766,3256851,3257647,3257831	-	14239	164291281	-	164300698	164305520	GC_18	y	chr2	242696752	164300128
ptg000005l	3481526	3482019	3482854	m84108_230703_151412_s2/160302445/ccs	12	1	AAGCTTAATTGCC	GCATACTGCCATT	GCGTACTGCCATT	OOXOOoOOOOOOO	2	1241	3481401,3481526,3482019,3482854,3484194,3487191,3487606,3488516,3489824,3490022,3490747,3490771,3493001	-	12782	164527732	-	164529808	164540514	GC_19	y	chr2	242696752	164528480
ptg000005l	24851123	24851519	24851790	m84108_230703_151412_s2/149619207/ccs	1	56	TCGGTACTTTCCGGAGTAATCCCATGGTACGTGAATCTTATAAGCCCGTTAGACCAC	CTCACGTCACGTCCTCCTGCTAGGGAACGTACAGGCTGCTGGGAGATACCGCGTAGT	TCGGTACTTTCCGGAGTAATCCCATGGTACGTGAATCTTATAAGCACGTTAGACCAC	xxXXxXxXXxXXXXXXXxXXXxXXXXXXXxXXXXxXXXXXXxXxxOxXxXXXXxXXX	2	10731	24841145,24841352,24841436,24841481,24841727,24841818,24842040,24842076,24842125,24842434,24842519,24842920,24843150,24843234,24843563,24843894,24844424,24845166,24845205,24845248,24845553,24845850,24845852,24845853,24845944,24846075,24846096,24846377,24846495,24846511,24846728,24846798,24846916,24846994,24847045,24847075,24847149,24847954,24848030,24848547,24848774,24849978,24850135,24850291,24851123,24851519,24851790,24854171,24854739,24856024,24856474,24856677,24856840,24856852,24857445,24857786,24858500	-	17744	185908169	-	185919171	185925913	GC_20	y	chr2	242696752	185918504
ptg000005l	48725644	48725745	48725816	m84108_230703_151412_s2/48431385/ccs	1	51	GAACGGACTTCGCGCGGTCCTTCTCCCTCCTAAATTCCTGCTTGACGGCTAC	TGGGATGTCCTCGAACACTTCCTCTGACGTCTGTCATACAGCCTGTAATCGT	GAACGGACTTCGCGCGGTTCTTCTCCCTCCTAAATTCCTGCTTGACGGCTAC	XXXXXXXXXXXXXXXXXXOXXXXXXXXXXXXXXXXXXXXXXXXXXXXXXXXX	2	11646	48714942,48715210,48715960,48717508,48718887,48719102,48719160,48720249,48720692,48721704,48721725,48722190,48723918,48724047,48724121,48724862,48725399,48725644,48725745,48725816,48725861,48725864,48725870,48725885,48725887,48725891,48725932,48726086,48726257,48726262,48726267,48726416,48726615,48727038,48727240,48727567,48727568,48727983,48728201,48728372,48729151,48729206,48729326,48730391,48730433,48730527,48730703,48731203,48731758,48731875,48732187,48732490	+	18508	209770126	+	209781843	209788634	GC_22	y	chr2	242696752	209781671
ptg000069l	7064091	7066267	7066965	m84108_230703_151412_s2/150799079/ccs	3	30	GTCAGTTATGTCGCCGGCGCAACTGGGGTTGAGA	ACGTACCGAACAATTATTATGGTAAAAACGCGCC	GTCAGTTATGTCGCCGGCGnGGTTGGGGTTGAGA	XXXXXXXXXXXXXXXXXXxnooOxXXXxXXXXxX	2	8484	7057782,7057847,7058106,7058424,7058994,7059776,7060105,7060285,7060372,7060526,7060609,7061047,7061086,7061337,7061572,7062201,7062351,7062426,7064091,7064099,7066267,7066340,7066343,7066965,7067207,7067918,7068049,7068626,7068955,7069096,7069662,7070473,7078676,7078974	+	23971	235636296	-	235652481	235660267	GC_195	y	chr2	242696752	235649607
ptg000017l	87740957	87741966	87743582	m84108_230703_151412_s2/155518862/ccs	1	39	TCCCCGGCAAGGAATAAAACACGCCAGCTGTAACTTATTG	CTGGGCATGGAAGGCCGGGTGGTTTGAGGAGGGGCCTCCA	TCCCCGGCAAGGAATAAAACACGCCAGCTGGAACTTATTG	XXXXXXXXXXXXXXXXXXXXXXXXXXXXXXOXXXXXXXXX	2	16611	87726765,87726924,87727672,87728318,87728730,87731011,87731012,87731701,87732359,87732430,87733114,87733738,87733862,87733969,87734115,87734529,87734779,87734998,87735482,87735494,87735614,87737262,87738124,87738188,87739192,87739281,87739335,87740124,87740310,87740957,87741966,87743582,87745053,87746158,87746392,87747061,87747112,87747578,87747963,87748249	-	23332	10768941	+	10777278	10792273	GC_75	y	chr3	201105948	10774653
ptg000017l	73676807	73678112	73679453	m84108_230703_151412_s2/127404996/ccs	1	8	GTCGCATAG	AGTTAGAGA	GTCTCATAG	XxXOXXXXX	2	2933	73675972,73676291,73676807,73678112,73679453,73682506,73683173,73686985,73687137	-	14397	24825295	+	24838100	24839692	GC_74	y	chr3	201105948	24835454
ptg000017l	18416863	18417110	18419081	m84108_230703_151412_s2/222959050/ccs	10	1	CTGAAGTTTCA	TGCCGACCCTT	TGCCGATCCTT	OOOOOOXOOOO	2	5105	18412641,18414656,18415716,18416247,18416798,18416863,18417110,18419081,18419142,18420617,18420687	+	11944	80098710	-	80107520	80110654	GC_71	y	chr3	201105948	80105302
ptg000006l	66810196	66810257	66810394	m84108_230703_151412_s2/218039917/ccs	1	108	GTGTAGGAGTGACACTCTCGTGCCTAGCCCTGTTGGAAAATACCTAGGTAGATATGGTAAATTTGGATAGGTACAGGAAGGATGCTGTCGCTCCCCTGCATAAAATAGC	CCCCGTTGACAGTGGGTGTAGTTGCGATTAAACGACGGGGACGTACAACGAGCGCAACGGGGACAAGCGCACTTCATGGCAGCCTCTCTTGCTAATCATGCGCGCCGCT	GTGTAGGAGTGACACTCTCGTGCCTAGCCCTGTTGGAAAATACCTAGGTGGATATGGTAAATTTGGATAGGTACAGGAAGGATGCTGTCGCTCCCCTGCATAAAATAGC	XXXXXXXXXXXXXXXXXXxXXXXXXXxXXXXXXXXXXXXXXXXxXXxXXOXXXXXXXXXXXXXXXXXXXXXXXXXXxXXXXXXXXXXXxXXXxXXXXXXXXXXXXXXxX	2	21508	66789079,66790270,66790691,66791088,66791342,66791348,66792045,66794965,66794987,66795346,66795699,66795825,66796046,66796939,66797139,66798747,66798821,66799619,66799771,66799892,66802074,66802905,66802906,66803442,66804141,66804408,66805410,66805659,66807216,66807234,66807440,66807756,66807798,66807943,66808128,66808274,66808389,66808532,66808579,66808694,66809265,66809324,66809340,66809461,66809691,66809730,66809758,66809836,66810196,66810257,66810394,66810415,66810797,66810920,66810927,66810982,66811018,66811144,66811214,66811255,66811461,66811654,66811700,66811736,66811837,66811882,66812103,66812111,66812243,66812249,66812558,66812655,66812959,66813018,66813113,66813137,66813217,66813461,66813595,66813789,66813917,66814678,66814698,66814699,66814720,66814779,66814863,66815144,66815196,66815288,66815352,66815353,66815733,66815930,66816001,66816165,66816397,66816461,66816553,66816645,66816745,66816746,66816752,66817016,66817390,66817425,66817510,66817722,66817851	+	29112	134621469	-	134629210	134650581	GC_29	y	chr3	201105948	134629012
ptg000006l	49781467	49782560	49782902	m84108_230703_151412_s2/162664468/ccs	1	36	CAAACATGGCCCCCAGGCTGGCGAACGTCATCCGGGG	AGGGTTACATATGTTACTGTTTATGTTCTGCAATCAA	CAAACATGGCCCCCAGGCTGGCGAACGTCATCAGGGG	XXXXxxXXXXXXXXXxxXxxXxXXXXXXXxXxOxXXX	2	18856	49763881,49763931,49764105,49765212,49765261,49766078,49766271,49767147,49767442,49767875,49768529,49768876,49770133,49771549,49771732,49772292,49773683,49774146,49775281,49775288,49775765,49776386,49776570,49777003,49777319,49777886,49778257,49778409,49778653,49780252,49780271,49781467,49782560,49782902,49783006,49783046,49783291	+	19818	151661325	-	151662629	151681143	GC_28	y	chr3	201105948	151661194
ptg000006l	42641372	42641792	42643175	m84108_230703_151412_s2/164105472/ccs	24	1	CCGATCGTGTTGCAGCAGCTTAAAT	TTAGCTAGACCATGAGGATCCGGCC	TTAGCTAGACCATGAGGATCCAGCC	OOooOOOOOOOOOoOOOoOOOXOOO	2	14740	42627246,42627614,42627925,42628284,42628460,42629729,42629749,42630194,42630468,42630674,42632036,42633306,42633698,42635277,42635816,42636785,42637391,42637993,42639083,42640554,42641372,42641792,42643175,42644127,42644467	-	18967	158789504	+	158795114	158808471	GC_27	y	chr3	201105948	158793311
ptg000006l	36553953	36556910	36557203	m84108_230703_151412_s2/51316891/ccs	19	2	CTTGACCGCCCCGTACGTAGG	TCCTCTGAGGTTACGTAGGAA	TCTGCTGAGGTTACGTAGGAA	OOXXOOOOOOOOOOOOOOOOO	2	4618	36552695,36553953,36556910,36556921,36557203,36558652,36559021,36559587,36561893,36563447,36563520,36563572,36564789,36564912,36565364,36566506,36567376,36568174,36569353,36571916,36572703	+	21926	164859461	-	164877062	164881387	GC_26	y	chr3	201105948	164873812
ptg000006l	26799639	26802352	26803025	m84108_230703_151412_s2/140313747/ccs	1	8	TAAAGACGG	GGCCAGTAA	TAACGACGG	XXXOXXXXX	2	9769	26794031,26797408,26799639,26802352,26803025,26804850,26804998,26807034,26808255	-	15974	174624840	+	174631718	174640814	GC_25	y	chr3	201105948	174628332
ptg000006l	6012001	6013351	6015729	m84108_230703_151412_s2/235015679/ccs	20	1	TAAGTCTCCTAGTTTTCCACA	CGGTAAATTAGTCCACGTGGG	CGGTAAATTAGTCCACGCGGG	OOOOOOOOOOoOOOOOOXOOO	2	12975	6000646,6002388,6002846,6005004,6006000,6006256,6007428,6007550,6007838,6008900,6009613,6009692,6009916,6010255,6011395,6011750,6012001,6013351,6015729,6016936,6020360	-	20005	195315714	+	195325122	195335719	GC_24	y	chr3	201105948	195321394
ptg000004l	1794068	1794310	1800588	m84108_230703_151412_s2/181341623/ccs	1	13	GCGCGGCGTAACGC	CTATCCTACCTTCG	GCGCGGCGCAACGC	XXXXXXXXOXXxxx	2	8308	1786377,1786560,1791004,1791892,1792732,1793396,1793545,1794068,1794310,1800588,1801806,1801896,1801903,1802751	+	16841	1777491	+	1792077	1794332	GC_9	y	chr4	193574945	1785557
ptg000004l	31708748	31709928	31713189	m84108_230703_151412_s2/189601700/ccs	13	1	AACCCCTGTCTGTG	GCTTTACTAACCAA	GCTTTACTAATCAA	oOoOOoOoOoXOOO	2	8482	31701986,31702661,31702746,31702778,31705726,31705876,31707511,31707811,31708747,31708748,31709928,31713189,31714181,31714395	-	13205	31507590	-	31519333	31520795	GC_10	y	chr4	193574945	31514892
ptg000004l	41626860	41627576	41627648	m84108_230703_151412_s2/189141383/ccs	1	36	AAGTTGGGTTGAATATGGTTTAGTGACTTTACGACTC	TGAGCAACGCAGGGCCATCAGGACAGTCCGGGAGGCT	AAGTTGGGTTGAATATGGTTTAGTGACTTTACGGCTC	xXXXXXXxXXXXxXXXXXXXXXXXXXXXXXXXXOXXX	2	21450	41606367,41606548,41606637,41607036,41607295,41607808,41607838,41608013,41608096,41608560,41608577,41609603,41609692,41609830,41611743,41612374,41612434,41612714,41613131,41613190,41615001,41616076,41616597,41617106,41618056,41618796,41622288,41623228,41624048,41624083,41624684,41625985,41626860,41627576,41627648,41628023,41628049	+	22097	41408047	+	41429569	41430144	GC_11	y	chr4	193574945	41428781
ptg000004l	42371101	42371642	42372546	m84108_230703_151412_s2/89064363/ccs	1	26	CAGCCGGCAAGGGCATGGGCTCATTCC	ATATGAATGGCTATGCAACTCTGCCTT	CAGCCGGCAAGGACATGGGCTCATTCC	XXXXXXxXXXXXOXXXxxXXXXXXXXX	2	5703	42366483,42366636,42367212,42367236,42367506,42367528,42367550,42369304,42370216,42370517,42371057,42371101,42371642,42372546,42373345,42373375,42373975,42374018,42375334,42375569,42375885,42375892,42375893,42376566,42376786,42377541,42379781	-	14686	42167850	-	42174457	42182536	GC_12	y	chr4	193574945	42173012
ptg000004l	77264215	77264530	77264939	m84108_230703_151412_s2/15930343/ccs	16	1	TGTCCAGGGTTTGAGCA	CACTTGAATCCCCGTAG	CACTTGAATCCCCGGAG	OOOOOOOOOooOOOXOo	2	12640	77253279,77254143,77254683,77256408,77259461,77259731,77260160,77260555,77260671,77261371,77261623,77263077,77263276,77264215,77264530,77264939,77265786	-	15730	79028166	-	79041215	79043896	GC_13	y	chr4	193574945	79040491
ptg000004l	89697614	89698130	89698337	m84108_230703_151412_s2/200872555/ccs	29	1	CACACCACTAACCACTGATTGCCGAAATGT	ACACATCTGGGTTTTCAGCCTTGCTGCACG	ACACCTCTGGGTTTTCAGCCTTGCTGCACG	OOOOXOooOOOOOOOOoOOOOOOOOOOOOo	2	5034	89694171,89696112,89696842,89697614,89698130,89698337,89698977,89699794,89700719,89700762,89701002,89701025,89701670,89701791,89706243,89706670,89706868,89706932,89706939,89706944,89706952,89706958,89706959,89707036,89707053,89707296,89707888,89708291,89709746,89710871	+	17855	91465871	+	91471112	91483726	GC_14	y	chr4	193574945	91470389
ptg000004l	91948888	91949302	91953453	m84108_230703_151412_s2/246418004/ccs	14	1	GTGAGCCAAAGGCAGT	AGAGAAAGTGCATGAC	AGAGAAAGTGCACnAC	OOOOOoOOOoOOXnOO	2	14750	91936582,91939335,91940145,91940836,91944130,91944382,91945575,91946005,91946619,91947290,91947541,91948888,91949302,91949479,91953453,91957055	+	24912	93707008	+	93725909	93731920	GC_15	y	chr4	193574945	93721344
ptg000004l	100958975	100959110	100959441	m84108_230703_151412_s2/19137456/ccs	33	1	TTCATTCAGAGGCCCGAGCAAGCAGTAGTTAAGG	CGTGCATGCGCATTTCCAACGTTGTGGAAAGGTA	CGTGCATGCGCATTTCCAACGTTGTTGAAAGGTA	OOOOOOoOOOOoOOOOooOoOOOooXOOOoOOoO	2	17841	100942548,100944192,100944666,100945258,100945643,100946975,100947488,100948298,100950916,100951452,100952189,100952243,100953219,100953752,100954091,100954143,100954144,100956110,100957276,100957911,100958049,100958110,100958229,100958790,100958975,100959110,100959441,100960120,100960477,100961331,100961574,100961932,100962277,100963310	-	22213	102703216	-	102721388	102725429	GC_16	y	chr4	193574945	102720922
ptg000004l	141865003	141865475	141868215	m84108_230703_151412_s2/172296353/ccs	35	1	AACTGTTGTGTACTACCTTCGGTCTGTACCTAAATTT	CGTCAGCACCAGTGGTACCTACATCCCGTGCGGCCCG	CGCCAGCACCAGTGGTACCTACATCCCGTnCGGCCCG	OOXOOOOOOOooOOOOoOOOOoOOOoOOOnOOOOOOO	2	1031	141864578,141865003,141865475,141868215,141869379,141869492,141870405,141870549,141870623,141871576,141872006,141872344,141872687,141874847,141875502,141875784,141877278,141878009,141878880,141880266,141880360,141881900,141881936,141883610,141883688,141883823,141884077,141884252,141885247,141886498,141886550,141886790,141887337,141887528,141889156,141889280,141890781	-	27810	143641636	-	143645407	143669446	GC_17	y	chr4	193574945	143642195
ptg000048l	4187606	4187614	4187715	m84108_230703_151412_s2/58462289/ccs	21	1	ACAGTAGAGAACTGCTTCCCATC	GTCACTCCAGGTCAACCATGGCT	GTCACACCAGGTCAACCATGGnT	OOOOOXOOoOOOOOoOoOOOOnO	2	1214	4186785,4186950,4186978,4187453,4187606,4187614,4187715,4187740,4187758,4187855,4188071,4188319,4188406,4190738,4191342,4193210,4194404,4196981,4199568,4200825,4201851,4202534,4202777	-	17721	157758729	-	157760044	157776450	GC_163	y	chr4	193574945	157759935
ptg000048l	4805779	4806072	4807540	m84108_230703_151412_s2/112004649/ccs	18	1	GACGACTAACGCATGGAGT	ACATTGAGGTAGGCAAGTC	ACATTGAGGTAGGCAGGTC	OoOOOoOoOOOOOOOXOOO	2	14226	4792741,4793085,4794776,4795164,4795321,4795498,4795544,4795627,4795668,4796795,4799139,4804611,4804843,4805555,4805779,4806072,4807540,4807701,4807930	-	16396	158364238	-	158379932	158380634	GC_164	y	chr4	193574945	158378171
ptg000048l	12845074	12845720	12849513	m84108_230703_151412_s2/5312735/ccs	1	4	CGAAC	TAGGA	CGGAC	XXOXX	2	1715	12845028,12845074,12845720,12849513,12853357	+	13999	166425955	+	166431463	166439954	GC_165	y	chr4	193574945	166427024
ptg000048l	18827571	18827711	18828588	m84108_230703_151412_s2/110827011/ccs	27	2	CATGTCCCCTCCGGCGCCGACTTTGGGTG	TGAAGGTATCTTAATATTTTAGCGAAACT	TGAGTGTATCTTAATATTTTAGCGAAACT	OOOXXOOOOOOoOOOOOOoOOOOOOOOOO	2	10745	18823645,18823691,18827571,18827711,18827778,18828588,18828688,18828901,18829045,18829111,18829355,18829508,18829737,18829853,18830939,18831136,18831659,18831697,18833394,18833975,18834671,18834712,18834862,18836074,18836923,18837365,18838124,18838301,18838433	+	23533	172416764	+	172428386	172440297	GC_166	y	chr4	193574945	172427369
ptg000031l	5569561	5569839	5569990	m84108_230703_151412_s2/179439787/ccs	1	16	CAGCTGAGCTCACCTGT	TCATCTGTTCGCTTGAC	CAGCCGAGCTCACCTGT	XXXXOXxXXXXXXXXXX	2	5232	5567702,5568534,5568844,5569561,5569839,5569990,5570055,5570729,5571198,5572616,5573474,5576831,5577788,5577870,5577878,5579262,5579383	-	15274	187893374	+	187903567	187908648	GC_111	y	chr4	193574945	187903138
ptg000031l	1046695	1047373	1047999	m84108_230703_151412_s2/134350758/ccs	1	51	ACAGACGTATTACTAACTTGTTGTGCAGTTCACTTACCACGACGAACAGTGG	GTGAGTTCCCAGTCGGACCACCTCAAGACCGGGCCGTTGTCGAACGTTACAA	ACAGACGTATTACTAACTTGTTGTGCAGTTCACTTACCACGACGAACAGCGG	xXXXXxXXxXxXXXXXXXXXXXXXxxXXXXxXXXXXxxXXXXXXXXXXXOXx	2	15377	1032165,1032464,1032572,1032676,1032683,1032865,1033389,1033485,1033574,1033627,1033997,1034220,1034227,1034243,1034276,1034280,1034282,1034465,1034507,1034549,1034915,1035354,1035548,1035959,1036518,1036865,1037440,1037522,1037913,1039054,1039315,1039469,1040854,1041534,1041613,1042201,1042376,1042691,1044241,1044301,1044858,1045170,1045195,1045594,1045666,1046259,1046300,1046394,1046695,1047373,1047999,1050380	+	18447	192431553	-	192435249	192450000	GC_110	y	chr4	193574945	192433945
ptg000035l	10184941	10185292	10185748	m84108_230703_151412_s2/64493383/ccs	1	46	AAGATAATCCAGCGTTCAAATACACTTTCTAGTGCCGCTGACAGCCC	GGAGGGTCAGCCAAACATGGCGTGTCACTGGACAGTTGCATTGATGT	AAGATAATCCAGCGTTCAAATACACTTTCTAGTGCCGCTGACAGCGC	XXxXXXXXxxXxxXXXXXXXXXxXXXXxxXXXXXXXXxXxXXXXXOX	2	21548	10163829,10165187,10165314,10166771,10167512,10167530,10170062,10172010,10172732,10173505,10173540,10175004,10175049,10175284,10175476,10176007,10176012,10176129,10176339,10176388,10176389,10176492,10176521,10176666,10176786,10177689,10177803,10178112,10178204,10179872,10180021,10181721,10181772,10182028,10182113,10182366,10182456,10182678,10182795,10182914,10182993,10183022,10183287,10184660,10184941,10185292,10185748	+	24564	9952353	+	9974357	9976917	GC_125	y	chr5	182045439	9973550
ptg000035l	23424747	23425741	23426432	m84108_230703_151412_s2/10556471/ccs	1	7	AAGTATCG	CGTCGCTA	AGGTATCG	XOXXXXXX	2	4798	23424747,23425741,23426432,23427225,23429131,23429441,23430942,23431086	+	12429	23258200	+	23263689	23270629	GC_126	y	chr5	182045439	23262004
ptg000035l	29634156	29634498	29635116	m84108_230703_151412_s2/250415477/ccs	1	29	CAGGTCGTCTGAGACTAGCTGCTAGAAGAC	GGAAATCGTCATATTGCAACAGCGAGTCGT	CAGGTCGTCTGAGACTAGATGCTAGAAGAC	XXXXxxXXXXXXXXXXXXOXXXXXXXXxXx	2	7847	29628351,29628760,29628812,29629114,29629287,29629690,29629844,29630260,29630767,29631673,29632523,29632687,29632975,29633520,29633580,29633803,29634098,29634156,29634498,29635116,29635310,29635409,29636391,29636604,29636756,29637264,29637433,29637811,29637951,29638474	+	12511	29470241	+	29478706	29482752	GC_127	y	chr5	182045439	29477746
ptg000035l	31957473	31957476	31958039	m84108_230703_151412_s2/257822628/ccs	43	1	AACTCGGGGGGACCGACAGTGGAGACAGTCTCTGAATTAGACCTA	GGTCTTAATAATTTAGTGCCAACTGACCCTGTCAGGCAGAGGTCG	GGTCTTAATAATTTAGTGCCAAnTGCCCCTGTCAGGCAGAGGTCG	OOOoOOoOOOoOOOoOoOOoOOnoOXOOOOOOOooooOOOoOOoO	2	15111	31942723,31943863,31945591,31947694,31947792,31947837,31951427,31952110,31952541,31952689,31952716,31952978,31953073,31954681,31954784,31955132,31955288,31956029,31956117,31956542,31956880,31956905,31957218,31957400,31957473,31957476,31958039,31958173,31958475,31958594,31958831,31959053,31959421,31959911,31960019,31960197,31960653,31960676,31960718,31960932,31960945,31961167,31961222,31961318,31961589	+	19284	31785237	+	31800911	31804521	GC_128	y	chr5	182045439	31800345
ptg000039l	838309	838446	840022	m84108_230703_151412_s2/180098751/ccs	1	15	TGATCAAGCAGAAGGG	CAGCAGGATGAGGAAT	TGATCAAACAGAAGGG	XXxxxXXOXXXXXXXX	2	2588	836885,836903,836988,837547,837860,838149,838309,838446,840022,842218,843601,845393,846952,849914,849939,850776	-	20062	51683868	-	51688032	51703930	GC_135	y	chr5	182045439	51686319
ptg000039l	43268631	43269051	43269745	m84108_230703_151412_s2/86512368/ccs	1	19	TTTGGATTTCCAGTCGGCGG	CCCAAGCCCGTGACACATTA	TTTAGATTTCCAGTCGGCGG	XXXOXXXXXXXXXXXXXXXX	2	4229	43266041,43266315,43268631,43269051,43269745,43271635,43272477,43273193,43274165,43274200,43274692,43274990,43275222,43275232,43275530,43275760,43275892,43276551,43276684,43276689	-	12994	94825973	-	94830896	94838967	GC_136	y	chr5	182045439	94829782
ptg000039l	44766822	44767456	44767510	m84108_230703_151412_s2/137955180/ccs	31	1	GTTGCAAACCCATCTAATCCACAGGTCACTCC	TCCTAGCGTTTGCACGCCGAGGTAACAGTGTT	TCCTAGCGCTTGCACGCCGAGGTAACAGTGTT	OoOOOOOOXOoOOOOOoOOOOOOOOOOOOOOO	2	6973	44760874,44761381,44761813,44762030,44762246,44763491,44765394,44766822,44767456,44767510,44768719,44769456,44771219,44771703,44771760,44772593,44772764,44772941,44774030,44774646,44774729,44776548,44778103,44780814,44781242,44781364,44781831,44781947,44782073,44782095,44782188,44783063	+	23697	96338513	+	96345540	96362210	GC_137	y	chr5	182045439	96344852
ptg000039l	56143495	56143542	56145381	m84108_230703_151412_s2/246940269/ccs	23	4	GGATCCCTGCTCCTACGCAGCACCCGC	AAGCTTTCATATTCCTATCATGTTAAT	AAGTCCCCATATTCCTATCATGTTAAT	OOOXXXXOOOoOOOOOOOOOOOOOOOO	2	2535	56141679,56143478,56143495,56143542,56143838,56144079,56145263,56145381,56148975,56149149,56149203,56149534,56149769,56151216,56151616,56151984,56152321,56152545,56153060,56154192,56155112,56156161,56156325,56156795,56157180,56157700,56157814	+	17423	107732684	+	107737058	107750107	GC_138	y	chr5	182045439	107735172
ptg000039l	110839092	110840266	110840932	m84108_230703_151412_s2/188221157/ccs	31	1	TTCTCATATGGTACACGGCCGTATCTAAGAGC	CCACTGCGGAACGTGAATATACGGTAGGCGAA	CCACTGCGGAACGTGAATATATGGTAGGCGAA	oOOOOOOOOOOOOOOOOOOOOXOOOOOOOoOO	2	11268	110829034,110829268,110829443,110831026,110831142,110831539,110831676,110831800,110832248,110833398,110833865,110835655,110835671,110836178,110836182,110836237,110836621,110836734,110837592,110838265,110839092,110840266,110840932,110841125,110842091,110842507,110842867,110843507,110844758,110845391,110847400,110848436	+	19594	162408321	+	162420255	162427915	GC_139	y	chr5	182045439	162418415
ptg000101l	5653179	5653456	5653520	m84108_230703_151412_s2/13108441/ccs	29	1	ACTCTCAGATACTGTTTGAGGCCTGAGTAG	GTCTCTGAGCCTCACGGAGATGTGACAAGA	GTCTCTGAGCCTCACGGAGAGGTGACAAGA	OOoOOoOOooOOOoOOoOOOXoOOoOOOoO	2	10599	5644730,5645194,5645392,5645649,5645683,5645785,5646347,5646365,5646805,5649858,5650549,5650861,5650923,5651206,5652180,5652277,5652495,5652595,5652765,5653179,5653456,5653520,5653553,5655114,5655302,5656422,5657839,5659314,5660614,5660811	-	19115	176001556	+	176010136	176020671	GC_198	y	chr5	182045439	176009795
ptg000040l	23085790	23085973	23086174	m84108_230703_151412_s2/249627832/ccs	1	13	CGATCTATCCTCAG	TACCTCGCTGATTA	CAATCTATCCTCAG	XOXXXXXXXXXXXX	2	1356	23085790,23085973,23086174,23086324,23086443,23086712,23086997,23088141,23089877,23092158,23094363,23095740,23096712,23096822	+	14000	1848411	-	1861256	1862411	GC_141	y	chr6	172126628	1860872
ptg000040l	16539062	16539251	16539360	m84108_230703_151412_s2/87689447/ccs	1	49	GTACCGTGTCATCAAGCCATTATACGCGTGCGCTAAATTCCGCAGGTTGC	CCCTAACACTGCGGGAATGGCTCGTATTCCTCTCGGGCCTGATGAAGACT	GTACCGTGTCATCAAGCCATTATACGCGTGCGCTAAATTTCGCAGGTTGC	XXXXXXXXXXXXXXXXXXXXXXXXXXXXXXXXXxXXXXXOXXXXXXXXXX	2	14076	16525925,16526304,16526357,16526845,16526939,16526972,16528546,16530408,16530764,16531015,16531371,16531471,16531483,16531500,16532043,16532174,16533117,16533223,16533411,16533494,16534077,16534347,16534585,16535245,16535971,16535992,16536096,16536113,16536443,16536861,16537106,16537681,16537802,16538337,16538636,16538698,16538710,16538821,16539062,16539251,16539360,16539567,16540663,16540679,16540733,16540881,16541042,16541052,16541357,16541578	+	16573	8404765	-	8407371	8421338	GC_140	y	chr6	172126628	8407073
ptg000070l	19671886	19672452	19672470	m84108_230703_151412_s2/167841005/ccs	1	13	GCTCGAGGACAATC	AGATAGACCATGCT	GCTCGAGGACAACC	XXXXXXXXXXXXOX	2	17063	19656091,19658109,19658370,19659325,19662380,19663567,19666288,19667318,19667447,19670351,19671581,19671886,19672452,19672470	+	17411	39528413	-	39528779	39545824	GC_196	y	chr6	172126628	39528195
ptg000010l	80845215	80845674	80846151	m84108_230703_151412_s2/264179138/ccs	12	1	GTTCCATCACACT	ACCTGGCGGACAC	ACCTGGCGAACAC	OOOOOOOOXOOOO	2	9658	80836099,80836105,80837464,80837492,80838191,80843385,80843945,80845215,80845674,80846151,80847401,80848729,80849020	-	13030	91197417	+	91201266	91210447	GC_48	y	chr6	172126628	91200330
ptg000010l	74229008	74229359	74230414	m84108_230703_151412_s2/17897212/ccs	1	36	CGGGATACCAGCCTAGCGGCTGCGGCTCGTCCCCAAG	AAAATGGGATAGTGGCGCCTCTTCCTCTAGTTTTGCA	CGGGATACCAGCCGAGCGGCTGCGGCTCGTCCCCAAG	XXXXXXXXXXXXXOXXXXXXXXXXXXXxXxXXXXXXX	2	6887	74223091,74223273,74223444,74223472,74223511,74223565,74223610,74223734,74225179,74228370,74228720,74228889,74229008,74229359,74230414,74230973,74231141,74231198,74232139,74232558,74232700,74233057,74233445,74235817,74236196,74236343,74238596,74238935,74240064,74240669,74242116,74242472,74243350,74243938,74243977,74244756,74244956	+	22725	97802336	-	97819229	97825061	GC_47	y	chr6	172126628	97817823
ptg000010l	69502071	69502435	69504062	m84108_230703_151412_s2/250287422/ccs	1	34	CTGATCCATAATTAAACTCTAGCGGACAGAGCCAC	TGTTCTTGCTGCCGGCTAACGATAAGTGATATTGT	CTTATCCATAATTAAACTCTAGCGGACAGAGCCAC	XXOXXXXXXxXXXXXXXxxXxXXXXXXXXXXXXXX	2	1289	69501279,69502071,69502435,69504062,69505304,69505840,69506194,69506740,69507601,69507718,69509481,69509646,69509897,69510051,69510291,69510748,69510774,69510972,69511403,69511476,69512081,69512372,69512821,69512942,69513027,69513606,69514595,69515838,69516550,69517033,69518726,69520465,69522478,69523451,69523659	-	22819	102525990	+	102549147	102548809	GC_46	y	chr6	172126628	102547156
ptg000010l	36018555	36018672	36020438	m84108_230703_151412_s2/246746366/ccs	20	1	TACCCCTTGCGAGAAAGGGTC	GTTATAACTACGAGGGAAACT	GTTATAACTCCGAGGGAAACT	OOOOOOOOOXOOOOOOOOOoO	2	12498	36006584,36007288,36012132,36013642,36015793,36016938,36017303,36017473,36018555,36018672,36020438,36021093,36021342,36021855,36021939,36023871,36024298,36024939,36024944,36024965,36027339	+	24512	136026245	-	136040025	136050757	GC_45	y	chr6	172126628	136038142
ptg000010l	21979574	21979692	21980543	m84108_230703_151412_s2/120195006/ccs	16	1	TCACAGGCGAGCAAGTT	CTGTTTATAGAAGTACC	CTGCTTATAGAAGTACC	OOOXOOOOOOOOOOOOO	2	9313	21975490,21977671,21979574,21979692,21980543,21980934,21982087,21983087,21983126,21983812,21985960,21986176,21986403,21986540,21988473,21991016,21992933	+	22665	150054056	-	150068259	150076721	GC_44	y	chr6	172126628	150067290
ptg000010l	18230445	18230728	18231025	m84108_230703_151412_s2/200213555/ccs	96	1	CATCCATACAGTTTAGAGACGTAGGGTATAATGTCATTTGCCGAGTTAGATCAGCACCGTACATCTGCCGCCCTTGTGATCCGACACGGGACCGCGG	TCCTTGGGAGTCCCGATAGACGGACACCCGGCTCTTACAATAACACAGAGCGTAAGTTAAGTGCACTTTATTTGGACAGCGTCCATTAAAGTTATTA	TCCTTGGGAGTCCCGATAGACGGACACCCGGCTCTTACAATAACACTGAGCGTAAGTTAAGTGCACTTTATTTGGACAGCGTCCATTAAAGTTATTA	OOoOOooOOOOOOoOOOOOOoOOOOOOOOOOOOoOOOOOOOOOOOOXOOOOOOOOoOOOOOOOOoOOOOOOoOOoOOOOOOOOOOOOOOOOOOOOOO	2	10752	18220858,18221681,18221802,18221885,18221925,18222163,18222296,18222312,18222315,18222445,18222958,18223169,18223315,18223393,18223736,18224350,18224380,18224397,18225065,18225134,18225985,18226020,18226093,18226186,18226195,18226447,18226644,18226788,18226931,18227427,18227735,18227949,18228067,18228069,18228090,18228301,18228394,18228847,18228867,18228896,18229435,18229729,18229858,18229908,18229919,18230445,18230728,18231025,18231046,18231051,18231472,18231495,18231673,18231894,18232886,18233046,18233210,18233402,18233422,18233643,18233722,18233854,18234150,18234261,18234818,18234877,18235339,18235579,18236170,18236620,18236915,18237003,18237044,18237048,18237056,18237143,18237200,18237490,18237501,18237809,18237999,18238225,18238241,18238569,18238610,18239030,18239145,18239268,18239420,18239687,18239946,18239985,18240200,18240492,18240547,18240676,18240887	+	20936	153810172	-	153820653	153831108	GC_43	y	chr6	172126628	153820073
ptg000010l	11586022	11586053	11586144	m84108_230703_151412_s2/169807879/ccs	2	59	TGGATCCCAAGTTGTGGCGTAGTCCTACGGCCGACCGCAGGTTGTGGCCGGACGCAATCAA	CAAGCATTTGACCCGAATACGACTTCGTTATTAGATATGAAGAACACGTAAGTATGGCTCT	TGGATCCCAAGTTGTGGCGTAGTCCCGCGGCCGACCGCAGGTTGTGGCCGGACGCAATCAA	XXxXXXXXXXXXxXXXXxXXXXXXxoOXXXXxXxxxXXXxXXXxXxxXxXXXxXXXXXxxX	2	11667	11581180,11581229,11581304,11581916,11581982,11582078,11582207,11583283,11583686,11583803,11583813,11584248,11584353,11584381,11584574,11584758,11585249,11585293,11585306,11585818,11585866,11585938,11585947,11585983,11586022,11586053,11586056,11586144,11586440,11587173,11587276,11588008,11588131,11588275,11588282,11588398,11588676,11589235,11589427,11589571,11589591,11589855,11589961,11590063,11590252,11590351,11590476,11590564,11590606,11590654,11590852,11591557,11592415,11592481,11592649,11593264,11593328,11593461,11593660,11594193,11594495	-	20437	160459905	+	160468766	160480342	GC_41	y	chr6	172126628	160468644
ptg000010l	6567910	6569088	6573295	m84108_230703_151412_s2/9045955/ccs	11	1	TCTTTCGAAGGC	CTCCCATGGTTA	CTCCCCTGGTTA	OOOOOXOOOoOO	2	4181	6565485,6566357,6567161,6567465,6567910,6569088,6573295,6573757,6574174,6575217,6575414,6577545	-	13008	165529035	+	165542069	165542043	GC_40	y	chr6	172126628	165536684
ptg000053l	13137694	13138111	13147855	m84108_230703_151412_s2/45291272/ccs	26	1	TATTGTGTACTTGCGCCAAAAATGCGG	CGCGAAAGTTCACTATTGGGCGAAAAC	CGCGAAAGTTCACTATTGGGCGAGAAC	OOOOOOOOOOOOOOOOOOOOOOOXOOO	2	6802	13131564,13132040,13132212,13132401,13132539,13132553,13132618,13132629,13133036,13133088,13133212,13133817,13133819,13134337,13134686,13135667,13136100,13136575,13136857,13136861,13137282,13137531,13137694,13138111,13147855,13148806,13149301	+	19197	14368504	+	14385050	14387701	GC_173	y	chr7	160567428	14374889
ptg000053l	20214331	20214338	20214573	m84108_230703_151412_s2/60360155/ccs	1	13	ATCTTTCCGGGTAC	GCTAGCATAAAATT	ATCATTCCGGGTAC	XXXOXXXXXXXXXX	2	3394	20212373,20214100,20214331,20214338,20214573,20216062,20217961,20218407,20219318,20219455,20219636,20220198,20221095,20221510	-	12090	21450447	-	21454076	21462537	GC_174	y	chr7	160567428	21453834
ptg000053l	39793648	39793697	39793801	m84108_230703_151412_s2/32508171/ccs	1	6	GCCCACA	CATTGGG	GCCTACA	XXXOXXX	2	5363	39791974,39791977,39793648,39793697,39793801,39793812,39798980	+	13972	41052558	+	41058025	41066530	GC_175	y	chr7	160567428	41057872
ptg000053l	43428329	43429295	43429695	m84108_230703_151412_s2/254087156/ccs	1	13	TGCTTCAGCGTACA	CAACATGAGCCCGC	TGCTTCAGCGCACA	XXXXXXXXXXOXXX	2	7694	43421854,43423651,43423952,43425606,43425619,43426786,43427515,43427545,43428145,43428329,43429295,43429695,43431440,43432758	+	11927	44679673	+	44687767	44691600	GC_176	y	chr7	160567428	44686401
ptg000053l	43477630	43478461	43478814	m84108_230703_151412_s2/77992992/ccs	1	22	CCGTACCGCACAGGGAAGCGACT	GTACCTTAAGTGATCGGCTAGTC	CCGTACCGCACAGTGAAGCGACT	XxXXXxxxXxxXXOXXXXxxXXX	2	10083	43469052,43469276,43469352,43471074,43472333,43472594,43473648,43473994,43474558,43475207,43476351,43477264,43477630,43478461,43478814,43479209,43479895,43481920,43482336,43484381,43485960,43488358,43488471	-	23922	44726435	-	44736871	44750357	GC_177	y	chr7	160567428	44735687
ptg000015l	27380073	27388551	27388837	m84108_230703_151412_s2/96933680/ccs	13	1	CTCTTCAAAGGAAC	TCGCGTGGGAAGGG	TCCCGTGGGAAGGG	OOXOOOOOOOOOOO	2	12439	27376979,27380073,27388551,27388837,27388839,27389813,27390898,27391508,27391943,27393556,27394788,27394797,27395264,27395505	+	24443	133256875	-	133269165	133281318	GC_65	y	chr7	160567428	133260401
ptg000015l	3896068	3900925	3901651	m84108_230703_151412_s2/242880949/ccs	20	1	GAACAGTTAAGCATGTCGGGG	AGGTGTCCGGATGCACGACAA	AGGTGTCCGGATGCATGACAA	OOOOOOoOOOOOOOOXOOOOO	2	21164	3883258,3885331,3885519,3886737,3888415,3888542,3890391,3892074,3892468,3892725,3894004,3894037,3894358,3894570,3896068,3900925,3901651,3903417,3903710,3903732,3903846	+	25135	156673437	-	156678134	156698572	GC_64	y	chr7	160567428	156672551
ptg000063l	42199331	42200387	42200525	m84108_230703_151412_s2/154736232/ccs	63	1	GTGCGCTACTTGCGACTTTGACTCCTCCCCTCTTGGGCTTCTCGCTGAAGACAGCGCGGTGTTG	ACTTATATTACCGACTAACTGTGGGCAAGTCTGGATATCCTGTATAAGTTGTTCTATACGAACA	ACTTATATTACCGACTAACTGTTGGCAAGTCTGGATATCCTGTATAAGTTGTTCTATACGAACA	OOOOOOOOOOOOOOOOOOOOOOXOOOOOOOOOOOOOOOOOOOOOOOOOOOoOOOOOOOOOOOOO	2	10664	42189919,42189994,42190234,42190241,42190292,42190463,42190521,42190587,42190826,42191483,42191989,42193653,42194036,42194309,42194817,42194984,42195473,42195594,42195777,42196671,42197936,42199331,42200387,42200525,42200546,42200841,42201424,42201645,42202182,42202277,42202344,42202361,42202362,42202433,42202435,42202440,42202503,42202504,42202510,42202523,42202596,42202621,42202684,42202724,42202782,42202791,42202841,42202919,42203098,42203194,42203261,42203337,42203425,42203462,42203707,42203807,42203913,42204027,42204126,42204167,42204184,42205453,42205859,42206651	+	17819	3226424	-	3233717	3244243	GC_194	y	chr8	146259331	3232523
ptg000063l	37134354	37134627	37135039	m84108_230703_151412_s2/142737537/ccs	30	2	CTGGATGCGTTGACTTAGGGGGGATCGCTCGGG	ACACTCCTACCAGTACGCTTACAGCTAAAGCAC	ACACTTGTACCAGTACGnTTACAGCTAAAGCAC	OOOOOXXOOOOOOOOOOnOOOOOOoOOOOOOOO	2	5521	37129588,37130309,37131232,37132612,37134354,37134627,37134641,37135039,37135124,37135141,37135247,37135380,37135627,37135696,37135859,37136209,37136289,37136345,37136376,37136415,37136440,37136631,37136870,37136993,37136996,37137113,37137121,37137186,37137187,37137308,37137676,37138714,37138837	-	10536	8284400	+	8289827	8294936	GC_193	y	chr8	146259331	8289142
ptg000063l	36248325	36249523	36250866	m84108_230703_151412_s2/249826418/ccs	32	1	GCCGGCTGTCACACCATATCGCCCTTGAACCAT	AGGCATGACGTACGGGCGCTAGATCACGGGAGC	AGGCATTACGTACGGGCGCTAGATCACGGGAGC	OOOOOOXOOOOOOOoOOOOOOOOOOOOOOOOOO	2	5254	36245289,36245635,36245897,36246028,36246717,36248325,36249523,36250866,36250919,36251971,36252772,36254001,36254076,36255839,36256914,36257972,36257977,36258795,36258838,36258844,36258951,36260132,36260769,36261388,36261391,36261398,36261619,36262795,36263288,36263550,36263726,36263805,36265417	-	21727	9158062	+	9175878	9179789	GC_192	y	chr8	146259331	9173337
ptg000063l	35814943	35815764	35817387	m84108_230703_151412_s2/75629829/ccs	20	1	ATGATCAACGTAGACCGCACC	GCTCGGCGTTGGTTAGCTCGT	GCTCGGCGTTGGTTAGGTCGT	OOOOOOOOOOOOOOOOXoOOO	2	8211	35807673,35807690,35807722,35807890,35807936,35808984,35809109,35809159,35809210,35809255,35809274,35810808,35811939,35812048,35812555,35814943,35815764,35817387,35817695,35817747,35819417	+	12008	9604621	-	9610041	9616629	GC_191	y	chr8	146259331	9607597
ptg000063l	35120317	35120974	35120975	m84108_230703_151412_s2/134221477/ccs	1	45	ATCACAATCCGCTCAGGCAAGGTGCTAGAACTCCGGCAATCGTAGT	GCATTTGAGTAGCTGAAGGTTCATTGCAGTTCTTACTTTGTCCGAG	ATAACAATCCGCTCAGGCAAGGTGCTAGAACTCCGGCAATCGTAGT	xXOxXxxXXXXXxxXXXXxxXXxxXxxXxxxxxxxxxxxxxxxxxX	2	884	35120221,35120317,35120974,35120975,35121008,35121054,35121419,35122221,35122228,35122435,35122885,35123170,35123240,35123499,35123500,35123503,35123792,35124233,35124495,35124644,35126140,35126303,35126350,35126449,35126507,35126709,35126764,35126854,35127008,35127316,35127543,35127571,35128240,35128343,35128473,35129071,35130283,35130692,35131225,35132467,35132762,35132946,35133308,35133499,35133552,35134662	+	17185	10287152	-	10303454	10304337	GC_190	y	chr8	146259331	10302796
ptg000063l	27369993	27370511	27371388	m84108_230703_151412_s2/262215265/ccs	1	23	TAGGACAGGTAGCACACATCGCCC	CGAAGTCAACGATGTGTGGTAAAT	TAGGACAGGTAGCACACGTCGCCC	XXXXXXXXXXXXXXXXXOXXXXXX	2	8633	27361920,27361925,27361936,27362069,27362177,27362248,27362395,27362415,27362562,27362770,27362918,27363107,27363522,27363677,27368174,27369904,27369993,27370511,27371388,27371713,27371831,27371856,27372292,27373544	+	12418	18739720	-	18744382	18752138	GC_189	y	chr8	146259331	18742987
ptg000011l	88816605	88816653	88816668	m84108_230703_151412_s2/44762023/ccs	2	80	TAATGCCTTAGCAAGAACATTATTCGCCCTTACAAACCGGTCACTGCGGATCATCGCTGAAAGACGTCGAGAGACATGACAT	CGGGAATCCGCTGTATGTGCACGCTTGGACGCTGCTATATCTGTCATCAGGTTCTATCAGGGAGTAGTAGAGAGTGGAGAGC	TAATGCCTTAGCAAGAACATTATTTGCCCTTACAAACCGGTCACTGCGGATCATCGCTGAAGGACGTCGAGAGACATGACAT	XXXxXXXXXXxxXXXxxxxxXXXXOXxXxXXXXXXXXXxXXXXxXxXXXXXxXxXXXXXXXoXxXxXxxxxXXXxxXxxXxX	2	3011	88813673,88813693,88813840,88814097,88814142,88814349,88814617,88814624,88815034,88815194,88815404,88815474,88815526,88815900,88815917,88816005,88816010,88816048,88816347,88816382,88816492,88816581,88816586,88816605,88816653,88816668,88816705,88816748,88816755,88816919,88817046,88817110,88817172,88817173,88817440,88817595,88817601,88817604,88817606,88817820,88817922,88818011,88818140,88818207,88818251,88818286,88818502,88818527,88818572,88818674,88818967,88818994,88819378,88819898,88820622,88821144,88821708,88821764,88821869,88822080,88822126,88822306,88822707,88822934,88823083,88823708,88824553,88824664,88825227,88825277,88825376,88825390,88825629,88825639,88825662,88826077,88826119,88826365,88826449,88826772,88826801,88826831	-	13322	57532832	+	57543158	57546154	GC_51	y	chr8	146259331	57543095
ptg000011l	62161578	62162447	62162874	m84108_230703_151412_s2/4393078/ccs	2	25	ATCTTGGTATTAGTTATTTACGGCAAA	TCTCCAACGGCGACCCCCCTTCATCGT	ATCTTGGTATTAGTTATTTACGGCCGA	XXXXXXXXXXXXXXXXXXXXxXXXOOX	2	17699	62146165,62146400,62148050,62149445,62149827,62150432,62151104,62152026,62152339,62152863,62153082,62153189,62153307,62153710,62154952,62155816,62157432,62157620,62158281,62158323,62158603,62160464,62160981,62161578,62162447,62162571,62162874	-	19089	84144917	+	84146734	84164006	GC_50	y	chr8	146259331	84145438
ptg000011l	32955648	32956061	32956067	m84108_230703_151412_s2/108205766/ccs	1	36	TTAAGTCGTGAGTTTAGCAGGGAAAAGCGGCGCGCGA	CCTCACTACTCAGCGCAACTAATGGGAGTTTCTATCG	TTAAATCGTGAGTTTAGCAGGGAAAAGCGGCGCGCGA	XxxXOXxXXXXXXXXXXXXxxXxXxxxXXXXXXXXXX	2	2223	32954062,32954310,32954357,32955648,32956061,32956067,32956142,32957071,32957446,32957716,32958774,32960904,32961268,32961346,32962592,32962593,32962608,32962954,32963271,32963562,32964423,32964501,32965148,32966078,32966182,32966528,32967176,32967848,32968536,32968631,32968827,32969080,32973967,32975022,32975303,32977103,32977629	-	24093	113277880	+	113299756	113301973	GC_49	y	chr8	146259331	113299337
ptg000019l	1005389	1005532	1006083	m84108_230703_151412_s2/116463498/ccs	1	20	CTAGGTTGCGGGACGCGGGGC	AAGAACAATCAAGTATTACAT	CAAGGTTGCGGGACGCGGGGC	XOXXXxXxXXxXXXXXXXXXX	2	1078	1005389,1005532,1006083,1006108,1006133,1007131,1007280,1007794,1008406,1008592,1009702,1011268,1011511,1011512,1013224,1014498,1014500,1015385,1016468,1018029,1018263	+	14313	1009753	+	1011382	1024066	GC_84	y	chr9	150617247	1010688
ptg000019l	11756672	11756766	11758830	m84108_230703_151412_s2/61672402/ccs	32	1	GAATCACGATACATGGTAAACGTTATAAGTTTG	ATGGAGGTGCGGGCACAGGCTTCGCCTTTGGCA	ATGGAGGTGCGGGCACAGGCTTCGACTTTGGCA	OOOOOOOOOOOOOOOOOOoOOOOOXOOOOOOOO	2	12886	11743910,11743914,11744582,11744694,11744766,11745153,11745195,11745201,11747089,11747119,11747576,11747589,11748372,11749541,11750803,11751422,11751478,11752574,11754084,11754199,11756039,11756112,11756492,11756672,11756766,11758830,11759482,11759546,11759685,11759715,11760147,11760546,11760796	-	17320	11740178	-	11755128	11757498	GC_85	y	chr9	150617247	11752970
ptg000019l	17753082	17753515	17755934	m84108_230703_151412_s2/73207713/ccs	45	3	ACACCAGTGCGCGGATTGGATTCATAGCGGCACTGCAGCCGTTGGTAG	GGGTGGAGATAGTAGAACTGACTGCGATCATGTCATCAGGCCCAAATC	GGGTGGAGATAGTGATACTGACTGCGATCATGTCATCAGGCCCAAATC	OOOOOOOOOOOOOXXXOOoOOoOOOOOOOOOOOOOOOOOOOOOOOOOO	2	2687	17751024,17751037,17751125,17751169,17751186,17751231,17751237,17751528,17752138,17752223,17752447,17752610,17753082,17753515,17753889,17754089,17755934,17756387,17756495,17756561,17756877,17757367,17757769,17758025,17758108,17758468,17758547,17758618,17759092,17759292,17759417,17759717,17759829,17760378,17760387,17761314,17761801,17762083,17762174,17762908,17762911,17762913,17763076,17763133,17763194,17763267,17763609,17764193	+	13420	17746888	+	17751994	17760308	GC_86	y	chr9	150617247	17749142
ptg000019l	18755463	18758542	18761986	m84108_230703_151412_s2/52367600/ccs	9	2	CTGCCCGTATC	TCATTTCCCGG	TCGCTTCCCGG	OOXXOOOOOOO	2	7521	18754941,18755463,18758542,18759339,18761986,18762174,18762461,18762507,18763358,18763449,18763978	+	13028	18751268	+	18762233	18764296	GC_87	y	chr9	150617247	18755710
ptg000032l	60067147	60067980	60070158	m84108_230703_151412_s2/57807815/ccs	1	26	CATCCCCGCGCAGCCCGTTCACCGTAC	TGCTAAAATCTCATTTACCTGTTTCCT	CGTCCCCGCGCAGCCCGTTCACCGTAC	XOXxXXXXXXXXXxxxXXXXxXxXxXX	2	2735	60067147,60067980,60070158,60070252,60070604,60070958,60071067,60071716,60071866,60072028,60072425,60072896,60073127,60074148,60077000,60080244,60080951,60081306,60082249,60082280,60082818,60082889,60082892,60083917,60085805,60086479,60088154	+	24740	89511858	-	89536041	89536598	GC_114	y	chr9	150617247	89533030
ptg000032l	22464084	22464942	22465457	m84108_230703_151412_s2/60753541/ccs	1	5	CCATTC	TGGGAT	CCGTTC	XXOXXX	2	11835	22464082,22464084,22464942,22465457,22465466,22466849	-	13757	127128129	+	127130566	127141886	GC_113	y	chr9	150617247	127129193
ptg000032l	13299911	13299920	13300161	m84108_230703_151412_s2/10750273/ccs	31	1	GCGCTTCCTTAAGGGTTCAACCCATGGTCTAGA	CTAGGCTGCGCCCAAGGTGGATTGCTACTATAG	CTAGGCTGCGCCCAATGTGGATTGCTACTAnAG	OOOOOooOOOoOOOOXOOOOOOoooOoOOOnOO	2	7045	13297848,13298058,13298123,13298150,13298174,13298179,13298615,13298709,13298762,13298823,13298831,13299088,13299566,13299577,13299911,13299920,13300161,13300179,13300793,13300889,13301703,13301985,13302318,13302319,13302740,13303578,13307542,13308346,13308550,13308616,13311287,13311345,13311465	-	18684	136285624	+	136297504	136304308	GC_112	y	chr9	150617247	136297254
ptg000018l	125862390	125863470	125863822	m84108_230703_151412_s2/108924978/ccs	1	14	TTTCTGAACACTGTG	CGCGCCTCTTTCTCT	TTTCTGTACACTGTG	XXXxxXOXXXxXXXX	2	6645	125859163,125861009,125861056,125861281,125862353,125862390,125863470,125863822,125864653,125864757,125864831,125866463,125867757,125867893,125868372	-	12107	6749661	+	6755475	6761768	GC_83	y	chr10	134758134	6754043
ptg000018l	93540508	93540737	93541044	m84108_230703_151412_s2/35391866/ccs	72	1	ATGTTTTCAGCCGCTTCCCGGACTAAATCTGGCTAAATTGACTGAGATGATGGGGCCCTACAGGCATCACCAT	GCAGCGAATATAATACATGCTTTGTGTATGTTTCGGGGGCCTAATAGCATGTTATTGTCGACAAGGATTTACA	GCAGCGAATATAATACATGCTTTGTGTATGTTTCGGGGGCATAATAGCATGTTATTGTCGACAAGGATTTACA	OOoOOOOOOOOOOOoOOOOoOOoOOOOOOOoOOOOOOoOOXOOOOOOOoOoOOoOOOOOoOOOOooOOooOOO	2	10761	93530488,93530887,93531503,93531516,93531650,93532549,93532911,93532994,93533196,93533333,93533646,93533945,93534164,93534188,93534291,93535394,93535835,93536081,93536170,93536394,93536566,93536859,93537223,93537603,93537679,93537748,93537767,93537916,93537997,93538272,93538473,93538580,93538605,93538622,93538769,93538956,93539003,93539041,93539341,93540508,93540737,93541044,93541090,93541306,93541458,93541489,93541523,93541525,93541980,93542203,93542425,93542565,93542729,93543375,93543688,93544191,93544464,93544536,93544588,93544638,93545162,93546127,93546249,93546258,93546273,93546382,93546514,93547188,93547288,93548131,93549052,93549303,93550151	-	20510	39052547	+	39062603	39073057	GC_81	y	chr10	134758134	39062067
ptg000018l	30013238	30013938	30014155	m84108_230703_151412_s2/173215276/ccs	1	8	TTCGGTCCC	CCTCACATT	TTCGGCCCC	XXXXXOXXX	2	4686	30010548,30010587,30010681,30012213,30013238,30013938,30014155,30014619,30015566	-	6906	101955960	+	101958397	101962866	GC_79	y	chr10	134758134	101957480
ptg000018l	27963815	27964204	27964253	m84108_230703_151412_s2/207752877/ccs	1	21	CGGGTCGGGCACTATACATAAC	TAAAGTCTTTTTCGCGTGCGGA	CGGGGCGGGCACTATACATAAC	XXXxOXxXxxxXxxXXxXxxXx	2	2792	27962301,27962649,27963016,27963815,27964204,27964253,27964648,27965356,27966041,27971367,27971504,27972690,27973833,27974600,27975192,27976105,27977093,27977188,27977236,27977365,27977989,27980208	+	22045	103987095	-	104006397	104009140	GC_78	y	chr10	134758134	104005959
ptg000018l	20296240	20296595	20296616	m84108_230703_151412_s2/98569959/ccs	1	14	CCTATGCGGGGGCTG	TTCGAATAATACTCA	CCTATGCGGGAGCTG	XXXXXXXXXXOXXXX	2	13950	20283997,20284172,20284937,20286845,20290340,20292734,20295034,20295648,20295959,20296240,20296595,20296616,20297438,20298625,20298627	-	17905	111663750	+	111667726	111681655	GC_76	y	chr10	134758134	111667350
ptg000050l	53556461	53561618	53562156	m84108_230703_151412_s2/266601946/ccs	1	13	TCACAGTCCAAGAA	CTGTCTCTTGCAGC	TTACAGTCCAAGAA	XOXXXXXxXXXXXX	2	7147	53556461,53561618,53562156,53562319,53562534,53563169,53563479,53563662,53563953,53564190,53564194,53564331,53564583,53564702	-	10237	9811237	+	9814865	9821474	GC_172	y	chr11	135127769	9809170
ptg000050l	40480184	40480841	40483088	m84108_230703_151412_s2/48108672/ccs	1	6	GAAGTGG	AGCACTA	GAAGCGG	XxXXOXX	2	5091	40476340,40477485,40478074,40480184,40480841,40483088,40496410	+	23002	22895434	-	22915592	22918436	GC_171	y	chr11	135127769	22912688
ptg000050l	29476196	29476499	29476599	m84108_230703_151412_s2/45684441/ccs	23	1	GCGGCCTTCCCGTGCCGAGTACAC	ATAATTACTATAGATTTGACGGGT	ATAACTACTATAGATTTGACGGGT	OOOOXOOOOOOOOOOOOOOOOOoO	2	4081	29472525,29473565,29474889,29476196,29476499,29476599,29478371,29479233,29479337,29479491,29479744,29479855,29479987,29480824,29481498,29481744,29483124,29483361,29483922,29483930,29484955,29485499,29485741,29485929	-	13804	33908140	+	33917963	33921944	GC_170	y	chr11	135127769	33917560
ptg000050l	28179662	28179735	28181170	m84108_230703_151412_s2/157092332/ccs	37	1	GTGTGCAGCCAAGCTAAATCGGAACACTATTATATCACCC	ACACTTGCTGGGAACGGGCTTCGGAGTCGCGGCGCTGTTT	ACACTTGCTnGGAACGGGCTTCGAnGTCGCGGCGCTGTTT	OoOoOOOoOnOoOOOoOOOOOOOXnOOooooOoooOooOO	2	18398	28162198,28162780,28162781,28163651,28164057,28164606,28168179,28168192,28169233,28169787,28170091,28171004,28171642,28172231,28172434,28174822,28174919,28175562,28176190,28177051,28177914,28179456,28179662,28179735,28180933,28181170,28181261,28181618,28182363,28182442,28182493,28182674,28183296,28183437,28184858,28184899,28184977,28185158,28185261,28186413	+	25310	35207787	-	35216134	35233097	GC_169	y	chr11	135127769	35214626
ptg000050l	16072313	16073838	16075448	m84108_230703_151412_s2/242944083/ccs	3	1	ATTG	GCCA	GTCA	OXOO	2	8562	16072313,16073838,16075448,16075934	-	13159	47317688	+	47323895	47330847	GC_168	y	chr11	135127769	47320760
ptg000022l	28623801	28624098	28624381	m84108_230703_151412_s2/222039564/ccs	51	1	AAGTACTTGCCTAGAATGCCGCATGAGGTTGCTTGTTGCGCACAGCATCAGA	GGACTTCCATGAGAGTCATAATCCTCAACGATGCACCCTAGGTCTTGCTGAC	GGACTTCCATGAGAGTCATAATCCTCAACGATGCACCCTAGGTCTTGCTGGC	OOOoOOoOOOOOOOOOOOOOOOOOOooOoOOOOOOOOOOOOOOOOOOOOOXO	2	22879	28601695,28601839,28603020,28603259,28603651,28605488,28607834,28608074,28609262,28609387,28611025,28611751,28613329,28613727,28614419,28616140,28616742,28617861,28618595,28619488,28620388,28621339,28621394,28622091,28622152,28622320,28622329,28622348,28622402,28622404,28622446,28622452,28622461,28622479,28622546,28622550,28622563,28622564,28622569,28622570,28622578,28622708,28623171,28623242,28623457,28623517,28623556,28623632,28623738,28623801,28624098,28624381	+	23417	94128967	+	94152129	94152384	GC_100	y	chr11	135127769	94151549
ptg000024l	8264348	8266991	8267609	m84108_230703_151412_s2/24839586/ccs	1	10	TACCGTCCCTC	ATTTAATTTCT	TACCGTCCTTC	XXxXXXXXOXX	2	9520	8258414,8259088,8260697,8261249,8262167,8263777,8264231,8264348,8266991,8267609,8267697	+	12438	108083535	+	108093673	108095973	GC_103	y	chr11	135127769	108090412
ptg000024l	17477795	17483527	17485009	m84108_230703_151412_s2/246616629/ccs	1	4	GGTAC	ATCGA	GGTGC	XXXOX	2	11502	17472655,17473783,17477795,17483527,17485009	-	16237	117296879	-	117309863	117313116	GC_104	y	chr11	135127769	117302649
ptg000024l	34699641	34701443	34701656	m84108_230703_151412_s2/248842275/ccs	13	1	ATTGATATAATCTG	GCCAGGGCTGATCA	GCCAAGGCTGATCA	OOOOXOOOOOOOoO	2	6905	34695527,34697469,34697590,34699641,34701443,34701656,34701661,34702249,34702279,34702731,34702849,34703630,34706497,34708070	-	13665	134513385	-	134520503	134527050	GC_105	y	chr11	135127769	134518488
ptg000055l	46364824	46364827	46367770	m84108_230703_151412_s2/194122940/ccs	1	17	TATAATCCGCAACGCTGA	CGAGTCGTAAGTTATGAG	TATATTCCGCAACGCTGA	XXXXOXXXXXXXXXXXXX	2	2225	46362929,46363856,46364614,46364824,46364827,46367770,46367971,46368916,46369223,46369260,46369634,46370314,46370602,46371703,46372861,46373305,46373451,46374400	+	12564	80736078	+	80741246	80748642	GC_180	y	chr12	133324548	80738300
ptg000055l	91625233	91628109	91636145	m84108_230703_151412_s2/147002459/ccs	1	4	TTCAA	CCAGT	TTCGA	XXXOX	2	4758	91624056,91624233,91625233,91628109,91636145	+	13372	125983449	+	125996243	125996821	GC_182	y	chr12	133324548	125985331
ptg000055l	92983793	92984678	92985053	m84108_230703_151412_s2/30607622/ccs	23	1	TGCTCACTGAAATAGTGTACCATC	CAGCTGTCAGGGCGTGCGGTTGCT	CAGCTGTCAGGGCGTGCGGTTGTT	OOOOOOOOOOOOOOOOoOOOooXO	2	20158	92966051,92967817,92970297,92971520,92975052,92975678,92977087,92977111,92978268,92978787,92979050,92979216,92979755,92980695,92980757,92981104,92981709,92982081,92982331,92982644,92983052,92983793,92984678,92985053	+	21701	127322596	+	127343129	127344297	GC_183	y	chr12	133324548	127341869
ptg000055l	96052219	96053336	96053643	m84108_230703_151412_s2/186911299/ccs	11	1	TTAGAACCAAGC	CCGAGTTATGAT	CCGAGTTCTGAT	OOOOOOOXOOOO	2	7872	96046647,96048121,96050712,96051300,96051527,96051960,96052219,96053336,96053643,96053657,96054553,96056143	-	19732	130409592	-	130417771	130429324	GC_184	y	chr12	133324548	130416347
ptg000055l	96420980	96421330	96421651	m84108_230703_151412_s2/118030816/ccs	1	22	TCACGGGCAACATTGCGGGTCCT	CAGTAATAGGTGCGATACAGTAC	TCATGGGCAACATTGCGGGTCCT	XXXOXXXXXXXXXXXXXXXXXXX	2	3720	96420628,96420846,96420980,96421330,96421651,96421718,96421745,96421748,96421854,96421912,96422204,96422330,96422404,96422492,96422538,96422656,96422765,96422934,96423100,96423189,96423282,96424252,96424439	-	15575	130776000	-	130780041	130791575	GC_185	y	chr12	133324548	130779370
ptg000020l	79318114	79319147	79321366	m84108_230703_151412_s2/41226317/ccs	35	2	ACTTTACTGCTCCGCGCGGCTCAAGTAACCGTTGAGG	GTCCCGTCTTCGTCTATTATCTGGTAGGTGACGATAA	GTCCCGTCTTCGCGTATTATCTGGTAGGTGACGATAA	OOOOOOOOOOOOXXOOOOOOOOOOOOOOOOOOOOOOO	2	7416	79312584,79313828,79313904,79314158,79314188,79314259,79314903,79315087,79315644,79316433,79317308,79318114,79319147,79319197,79321366,79321800,79322843,79322995,79323073,79323255,79323266,79323324,79323397,79323443,79323457,79323541,79323688,79323835,79323837,79324047,79324219,79324335,79327013,79327315,79327708,79328276,79329140	-	17721	19917970	+	19930494	19935691	GC_97	y	chr13	113566686	19927242
ptg000020l	61423949	61425007	61425066	m84108_230703_151412_s2/250287630/ccs	5	1	ATGGTA	GACACG	GACATG	OOOOXO	2	4590	61422183,61422485,61423613,61423949,61425007,61425066	+	9742	37825112	-	37830323	37834854	GC_96	y	chr13	113566686	37829206
ptg000020l	55292974	55294410	55294567	m84108_230703_151412_s2/215684753/ccs	1	7	CGTACAGG	GTCGTTCA	CTTACAGG	XOXXXXxX	2	2221	55292974,55294410,55294567,55294777,55297227,55297399,55298846,55304256	-	12536	43951461	+	43961933	43963997	GC_95	y	chr13	113566686	43960340
ptg000020l	51037550	51044035	51044168	m84108_230703_151412_s2/210505738/ccs	2	1	CTT	TCC	TTC	OXO	2	6677	51037550,51044035,51044168	-	13148	48204503	+	48211107	48217651	GC_93	y	chr13	113566686	48204489
ptg000020l	28847433	28850855	28850887	m84108_230703_151412_s2/88347844/ccs	1	23	TGATGCGAGGTCCATCAAGGCGGG	CTGCTTAGATATTCCTGCTAACAA	TGATGCGAGGTCCATCAAGGAGGG	xxxxXXxXXXxxxxxxXXxxOXxx	2	22085	28830946,28831096,28832469,28833934,28834456,28835264,28835456,28836024,28836800,28837336,28839837,28840109,28841621,28841972,28841988,28842179,28844926,28844957,28846547,28847433,28850855,28850887,28851298,28851934	+	24915	70412968	-	70415830	70437883	GC_92	y	chr13	113566686	70412376
ptg000020l	26576060	26576089	26576399	m84108_230703_151412_s2/183763647/ccs	38	1	TGTATTAAAAGATGATTGCATATTGATCTTGTTCGATAT	CACGCCGGGGCCCAGCCAAGCGCCAGCGCCACAGACCGC	CGCGCCGGGGCCCAGCCAAGCGCCAGCGCCACAGACCGC	OXOOOOOOOOOOOOOOOOOOoOOOOOOOOOOOOOOOOOO	2	337	26576060,26576089,26576399,26576876,26577677,26577739,26578056,26578401,26578896,26579074,26579212,26579233,26579319,26580115,26580454,26580469,26580520,26580777,26581569,26582112,26582167,26582585,26582946,26583988,26584810,26586000,26586036,26586122,26586980,26587299,26588500,26589049,26589210,26589279,26589890,26590321,26590650,26590827,26591021	-	16762	72670660	+	72687395	72687422	GC_91	y	chr13	113566686	72687056
ptg000020l	19255229	19255722	19256041	m84108_230703_151412_s2/49089830/ccs	27	1	CTTGCTTCACTGGAGAAACTTTCATATG	TCGATGCTTTCAACATCTGCAGTTCCCC	TCGATGCTTTCAAAATCTGCAGTTCCCC	oOooOOOOoOOooXOoOOOOoOOOoOOo	2	10418	19245927,19245929,19246771,19248886,19249489,19251099,19252775,19252950,19253369,19254164,19255000,19255198,19255229,19255722,19256041,19257115,19257435,19257871,19260745,19262782,19263299,19264108,19264884,19264885,19265478,19265992,19268117,19269093	-	24676	79996449	+	80011026	80021125	GC_90	y	chr13	113566686	80010214
ptg000020l	2326854	2326934	2327648	m84108_230703_151412_s2/63179910/ccs	1	18	CAGTTTCTCCAAGACGCCA	TGACAAGGTTGCAGTATTG	CAGTTTCTCCACGACGCCA	XXXXXxxXXXXOXXXxxXX	2	9704	2318458,2321639,2322039,2322802,2323402,2323710,2323713,2325236,2326793,2326853,2326854,2326934,2327648,2329991,2330077,2330841,2332632,2333225,2334125	+	16927	96929894	-	96937831	96946821	GC_89	y	chr13	113566686	96937037
ptg000002l	5590181	5591732	5595494	m84108_230703_151412_s2/123669956/ccs	10	1	GAGTCTAATTT	CGACTCGCCCA	CGACTTGCCCA	OoOOOXOOOOo	2	6497	5589254,5589617,5589998,5590180,5590181,5591732,5595494,5596474,5597155,5598021,5599345	+	14210	107084432	-	107095907	107098642	GC_5	y	chr13	113566686	107090594
ptg000007l	72154369	72155737	72158031	m84108_230703_151412_s2/131925368/ccs	47	1	ATGCAAGATACAATCGCCTTATAGACGTACAGCTTAGCCAATCGCTTT	GAATGGACCCTGGCTCAGCCGCGATGACTGTAACCGATTGGGTTTAGC	GAATGGACCCTGGCTCAGCCGCGATGACTGTAACTGATTGGGTTTAGC	OOOOooOOOOOOOOOOOOOOOOOOOOOOOOOOOoXOOOOOOOOOOOOO	2	9894	72145857,72146028,72146088,72146232,72146341,72146418,72146663,72146880,72147859,72147913,72148104,72148500,72148528,72148900,72149082,72149414,72150007,72150147,72150218,72150448,72150492,72150569,72151320,72151435,72151458,72152513,72152717,72152725,72153098,72153170,72153517,72153530,72153991,72154369,72155737,72158031,72159418,72159811,72160381,72160446,72160499,72160881,72160934,72161388,72161791,72162350,72162357,72162394	+	16801	26663235	-	26672436	26680036	GC_36	y	chr14	101161492	26668774
ptg000007l	68749495	68751907	68752834	m84108_230703_151412_s2/86906782/ccs	1	11	AAAACAATTCGC	GGCGTGGGATTG	AAAACAAGTCGC	XXxxXxxOXXXx	2	5736	68746781,68747064,68747476,68748214,68749000,68749044,68749495,68751907,68752834,68755493,68756247,68756976	+	18486	30048597	-	30062274	30067083	GC_35	y	chr14	101161492	30058935
ptg000007l	60195564	60195633	60196089	m84108_230703_151412_s2/105516767/ccs	19	1	ACACCTTCCGAGGGCGAGAT	TTTGTCAATAGAAATACACC	TTTGTCACTAGAAATACACC	OOOOOOOXOOOOOOOOOOOO	2	3448	60192319,60192320,60193914,60193939,60194300,60194846,60195564,60195633,60196089,60196810,60196934,60197618,60197815,60198105,60198379,60198503,60198764,60201484,60203718,60203930	-	11818	38674327	+	38683153	38686145	GC_34	y	chr14	101161492	38682628
ptg000007l	55746213	55746251	55746619	m84108_230703_151412_s2/4918725/ccs	1	17	GTCGCTATTACACATGGT	CGTTTCGCATTTTGCAAG	GTCGCTATTTCACATGGT	XXXXxxXXXOXXXXxXXX	2	10004	55736649,55738172,55739944,55740774,55741179,55743528,55743532,55745707,55746213,55746251,55746619,55746719,55746759,55746770,55746794,55746801,55746804,55750759	+	21774	43126972	-	43139110	43148746	GC_33	y	chr14	101161492	43138704
ptg000007l	46695641	46697657	46697837	m84108_230703_151412_s2/69998257/ccs	1	20	CACCGACTAGTATGGAGTCTA	TGGGAGTCGACTCACGTCTCG	CACCGACTAGTATGGAGTTTA	XXXXxXXXXXXXXXXXXXOXX	2	15021	46682992,46683427,46683582,46683750,46684182,46684697,46685106,46685470,46685620,46685686,46686043,46686176,46686337,46688054,46689847,46690336,46694637,46695641,46697657,46697837,46698128	+	15801	52190340	-	52191300	52206141	GC_32	y	chr14	101161492	52189104
ptg000007l	37192178	37192438	37192443	m84108_230703_151412_s2/89459232/ccs	1	29	TCCCACACTGTCGGAGAGACACGGCGGCAC	CTTTGATTAACGTAGTGAGTGTAAGAATTT	TCCCACTCTGTCGGAGAGACACGGCGGCAC	xXxXXXOXXXXXXXXXxXXXXxXXXXxxXx	2	2231	37190748,37190966,37191184,37191707,37191791,37192178,37192438,37192443,37194716,37195826,37197729,37200249,37202364,37202398,37202494,37203418,37204083,37204307,37204800,37205057,37205536,37205590,37206058,37206656,37207980,37208296,37208348,37208541,37210416,37211426	-	21289	61656130	+	61675193	61677419	GC_31	y	chr14	101161492	61674928
ptg000007l	6982338	6982426	6983522	m84108_230703_151412_s2/140905989/ccs	8	1	ACGCGCCCC	CGTTATTAT	CGTTATTCT	OOOOOOOXO	2	10172	6974981,6975063,6977093,6978284,6979421,6980363,6982338,6982426,6983522	-	11747	91917822	+	91920493	91929569	GC_30	y	chr14	101161492	91919309
ptg000027l	10605667	10605714	10606940	m84108_230703_151412_s2/75107518/ccs	1	17	CCAGAATTCAATACTGAT	ATGCGCACTGGCCGCATC	CTAGAATTCAATACTGAT	XOXXXXXXXXXXXXXXXX	2	347	10605667,10605714,10606940,10607147,10607244,10607499,10608317,10609853,10610020,10610866,10611399,10611813,10612962,10614428,10617466,10618656,10619226,10619843	+	15826	25220020	+	25221593	25235846	GC_109	y	chr15	99753195	25220320
ptg000003l	38722504	38725862	38732892	m84108_230703_151412_s2/102569613/ccs	2	2	GACT	TGTC	GGTT	XOOX	2	5037	38722504,38725862,38726398,38732892	+	12742	36169153	-	36183888	36181895	GC_8	y	chr15	99753195	36173500
ptg000003l	24208940	24209204	24209427	m84108_230703_151412_s2/71238332/ccs	21	1	CTCTAACTGGCCTGCGTAGTGT	TCTCGCGATCTTCATAAGACTC	TCTTGCGATCTTCATAAGACTC	OOOXOOOOOOOOOOOOOOoOOO	2	4316	24206713,24208764,24208940,24209204,24209427,24209475,24209932,24211256,24211527,24211873,24212010,24212145,24212529,24213487,24214249,24214999,24216152,24216484,24217594,24218234,24218322,24218798	-	13996	50672803	+	50682706	50686799	GC_7	y	chr15	99753195	50682219
ptg000003l	6699972	6700589	6700783	m84108_230703_151412_s2/56754917/ccs	1	26	TGACGCTGGACCGGCAGTCCACGGAAT	GTGATTCAAGAGCATGACGTGATTGGC	TGACGCTGAACCGGCAGTCCACGGAAT	XXXXXXXXOXXXXXXXXXXXXXXXXXX	2	3609	6697938,6697997,6698605,6698741,6698835,6698954,6699816,6699972,6700589,6700783,6701060,6701061,6701291,6701510,6702663,6702796,6704056,6704116,6704195,6704741,6704844,6705265,6705525,6705866,6706729,6708643,6709958	+	13175	68190629	-	68200389	68203804	GC_6	y	chr15	99753195	68199578
ptg000025l	5095293	5095638	5106418	m84108_230703_151412_s2/125831829/ccs	7	1	TTCCGTCG	CATACCTA	CATACCCA	ooOOOOXO	2	2888	5093098,5093108,5093396,5094566,5094620,5095293,5095638,5106418	-	24046	79993400	-	80007068	80017446	GC_106	y	chr15	99753195	79995943
ptg000025l	24422957	24424498	24426372	m84108_230703_151412_s2/235802619/ccs	1	27	CGCATTACATTATGCCAAGTAAAGTAGG	TAGGCCGAGCCGCATTCGTCGCGACGAT	CGCACTACATTATGCCAAGTAAAGTAGG	XXXXOXXXXXXXXXXXXXXXxXXXXXxX	2	6140	24422943,24422949,24422952,24422957,24424498,24426372,24426676,24427362,24427627,24427755,24427780,24428007,24428583,24428633,24428668,24428692,24428852,24430988,24432001,24432066,24432454,24432505,24432543,24432596,24433358,24433450,24433458,24433563	-	15406	99154006	-	99162020	99169412	GC_107	y	chr15	99753195	99158605
ptg000025l	24585453	24585798	24586900	m84108_230703_151412_s2/171185838/ccs	1	18	AGGAATTGAGAGATGCTAC	CTTCTCCCGAGAGGATGGT	AGGAATTGAGAGGTGCTAC	XXXXXXXXXXXXOXXXXXX	2	7852	24580343,24580349,24580447,24581106,24581846,24581894,24582800,24584057,24584579,24584762,24585058,24585453,24585798,24586900,24587244,24588549,24588614,24588821,24589606	+	12191	99312940	+	99321894	99325131	GC_108	y	chr15	99753195	99320447
ptg000041l	12522769	12522813	12523010	m84108_230703_151412_s2/133368520/ccs	13	1	GGCACTGATAATAC	AATCAATCGGCGGT	AACCAATCGGCGGT	OOXOOOOOOOOOOO	2	4153	12519944,12522769,12522813,12523010,12524343,12525229,12525771,12526619,12528021,12529168,12529818,12530357,12530729,12533963	+	18349	79340354	-	79354747	79358703	GC_142	y	chr16	96330374	79354506
ptg000034l	7416491	7417317	7417491	m84108_230703_151412_s2/11800777/ccs	25	1	CTAAGACAATCGTAACCTAACGGATC	TCCGACGGCCTTGGGTTCGGTACGCT	TCCGACGGCCTTGGGTTCGATACGCT	OOOOOOOOOOOOoOOOOoOXOOOoOO	2	9790	7407537,7408070,7408220,7410412,7411605,7411930,7411985,7412001,7412044,7412193,7412700,7413779,7414490,7414599,7415639,7415726,7415734,7416049,7416491,7417317,7417491,7417904,7419234,7420875,7421827,7421939	-	14721	7404000	-	7413964	7418721	GC_124	y	chr17	84276897	7412964
ptg000001l	7787995	7788734	7789517	m84108_230703_151412_s2/69730426/ccs	22	1	TGAGACATTTCGCCAAACACATC	CTGTCTCCCCTATTGCGTGTGCG	CTGTCTCTCCTATTGCGTGTGCG	OOOoOOOXoOOOOOOOoOOOOOO	2	4439	7784590,7786741,7787061,7787519,7787785,7787788,7787995,7788734,7789517,7789628,7791108,7791701,7792061,7792164,7795221,7795286,7795437,7796088,7798169,7800669,7804032,7805361,7808160	-	25216	34109211	-	34114433	34134427	GC_1	y	chr17	84276897	34112911
ptg000001l	13363667	13368213	13369069	m84108_230703_151412_s2/224592266/ccs	5	1	GGATCA	AAGCTT	AAGCCT	OOOOXO	2	16394	13356281,13358424,13359835,13363667,13368213,13369069	+	18283	39624561	+	39641811	39642844	GC_2	y	chr17	84276897	39636409
ptg000001l	20505950	20507432	20509712	m84108_230703_151412_s2/150212199/ccs	10	1	CTCGAGTGTTA	TCTACCGACGG	TCTAACGACGG	ooOoXoOOooO	2	10839	20497360,20500097,20500110,20505950,20507432,20509712,20511040,20512136,20514226,20515388,20516530	+	20167	46743314	+	46756433	46763481	GC_3	y	chr17	84276897	46752671
ptg000001l	23921164	23922550	23923216	m84108_230703_151412_s2/116656558/ccs	1	10	ATTGGTACCAG	GACAACCGGGA	ATTGGTAGCAG	XXXXXXXOXXX	2	10540	23916109,23916464,23916777,23917317,23918169,23918894,23921164,23922550,23923216,23923355,23923623	+	13683	50159139	+	50170345	50172822	GC_4	y	chr17	84276897	50168293
ptg000008l	519456	519590	519605	m84108_230703_151412_s2/158992194/ccs	1	10	GGGACCTTTGG	ATAGTTGCAAC	GTGACCTTTGG	XOXXxXXXXXX	2	464	519456,519590,519605,519616,519626,520719,521876,521884,522492,528845,531603	-	14174	674186	-	674665	688360	GC_39	y	chr18	80542538	674516
ptg000045l	53595899	53596324	53604974	m84108_230703_151412_s2/4328871/ccs	2	5	CTCTGTC	TGTCTCT	CTTCGTC	XXOOxXX	2	3651	53594949,53595899,53596324,53596392,53604974,53606743,53607174	+	14720	27004898	-	27024617	27019618	GC_151	y	chr18	80542538	27015542
ptg000045l	42229552	42229690	42229861	m84108_230703_151412_s2/127928876/ccs	28	1	TCTAATGTAGCGTACGTCAGGTTCCCTGA	AACGGATCGTAAGCTACTCAACCGGACAG	AACGGATCGTAAGCTGCTCAACCGGACAG	OOOOOOOOOOOOOOOXOOOOOOOOOOOOO	2	15097	42217009,42217721,42218450,42218637,42218918,42219762,42220426,42221940,42223339,42224413,42225774,42227837,42228066,42228640,42229552,42229690,42229861,42229882,42231075,42232945,42233128,42233495,42233514,42233919,42234380,42234772,42235149,42235220,42236797	-	22290	38372464	+	38379828	38394754	GC_150	y	chr18	80542538	38379519
ptg000045l	34987780	34990100	34990144	m84108_230703_151412_s2/21106865/ccs	14	1	TGACGTGTCTTCAGT	CCGTACTGGCGTGAG	CCGTACTGGCGCGAG	OOOOOOOOOOOXOOO	2	9254	34981727,34982082,34982600,34983319,34983325,34983699,34985388,34985395,34985707,34987748,34987780,34990100,34990144,34990670,34991125	-	15860	45576465	+	45583115	45592325	GC_149	y	chr18	80542538	45580751
ptg000045l	34077756	34078138	34079430	m84108_230703_151412_s2/134877704/ccs	1	12	ACGAGGGGGCATG	GTCGAATACGGGT	ACGAAGGGGCATG	XxXXOXXXXXXXX	2	12811	34068485,34070179,34073980,34077756,34078138,34079430,34079475,34080421,34080903,34081132,34081160,34081828,34085126	-	20611	46486834	+	46495926	46507445	GC_148	y	chr18	80542538	46494252
ptg000045l	33983461	33984585	33984995	m84108_230703_151412_s2/112528388/ccs	1	32	TTCTTACCGTCACCTCTCCGGCGGGGGGAACTT	CCTCGGTTACAGATCACAAATTCAAAAAGGGGA	TTCTTACCGTCACCTATCCGGCGGGGGGAACTT	XXXXXXXXXXXXXxxOXXXXXXXXXXxXXXXXX	2	11284	33974261,33977767,33977961,33978856,33979057,33979604,33979610,33979721,33979962,33981274,33981298,33982117,33982255,33982494,33983461,33984585,33984995,33985076,33985274,33985912,33986786,33987294,33987341,33987873,33987879,33988241,33988710,33990098,33990186,33990797,33991022,33992044,33992075	-	19825	46579645	+	46588596	46599470	GC_147	y	chr18	80542538	46587062
ptg000045l	28743982	28744719	28744935	m84108_230703_151412_s2/139395732/ccs	6	1	TATGATC	AGCTGAA	AGCGGAA	OOOXOOO	2	6062	28741327,28741562,28743982,28744719,28744935,28746532,28749838	+	12770	51797889	-	51804813	51810659	GC_146	y	chr18	80542538	51803860
ptg000045l	2914756	2914999	2915303	m84108_230703_151412_s2/154403368/ccs	19	1	AGTCGCAGAGGCGCTCGGGA	GACTATGAGAATATATCTTG	GACTATGAGAATATATCGTG	OOOoOOOoOOOOoOOOOXOO	2	15555	2899880,2900254,2900605,2900944,2902035,2902515,2902721,2904252,2905223,2908042,2909659,2909829,2910542,2914331,2914343,2914640,2914756,2914999,2915303,2915523	-	19747	77603906	+	77608402	77623653	GC_145	y	chr18	80542538	77607855
ptg000045l	281217	282530	283156	m84108_230703_151412_s2/145294958/ccs	1	26	TGCAACGCCTGTTGAAGATACAATGTG	CAGGGTAGAATCCTGGAGCGTTCCCCT	TGCAACGCCTGTTGAAGATACTATGTG	XXXXXxxxxXXXXXXxxXXxXOXXXXX	2	15867	266741,268006,268127,269534,270217,272776,273521,273675,274409,274476,275697,275757,276072,276545,276704,276890,277185,279320,279326,279567,281217,282530,283156,283392,283666,283708,283842	-	17448	80264779	+	80266986	80282227	GC_143	y	chr18	80542538	80265047
ptg000037l	26678707	26679124	26679372	m84108_230703_151412_s2/65670377/ccs	1	74	GGACCCTCAGTCCATGAACCAACTTCTTGGTGAACGTGTACACTGCTCTCCTGCACCAAACACCAAACCGCGAAG	CTTTATCTGACTTCGTGGTTGCACCGGCATGTGGTACTCGTTTCTACTGAGACTGTGGTGTGGTGGGTATAAGGA	GGACCCTCAGTCCATGAACCAACTTCTTGGTGAACGTGTACACTGCTCTCCTGCACCAAACACCAAACCGCGGAG	XXXXXXXXXXXXXXXXXXXXXXXXXXXXXXXXXXXXXXXXXXXXXXXXXXXXXXXXXXXXXXXXXXXXXXXXOXX	2	10622	26668651,26668766,26668821,26669075,26669117,26669669,26670025,26670037,26670094,26670374,26670436,26670758,26670950,26671187,26671274,26671324,26671330,26671516,26671570,26671698,26671766,26671878,26672155,26672319,26672478,26672547,26672645,26672699,26672700,26672748,26672850,26673113,26673192,26673343,26673914,26673972,26674071,26674481,26674665,26674676,26674799,26674864,26674872,26675225,26675261,26675339,26675423,26675425,26675546,26675797,26676150,26676316,26676643,26676765,26677034,26677049,26677296,26677376,26677426,26677429,26677454,26677608,26677609,26677712,26677716,26677729,26677817,26677868,26677882,26678429,26678518,26678707,26679124,26679372,26679414	-	14682	30945695	-	30956565	30960377	GC_130	y	chr19	61707364	30955900
ptg000037l	28561139	28561659	28563553	m84108_230703_151412_s2/58857320/ccs	10	1	ACAATCGCTAG	GTGGGTATCGA	GTGGGTACCGA	OOOOOOOXOOO	2	7640	28556146,28557977,28559464,28559653,28560224,28561107,28561139,28561659,28563553,28564310,28566765	-	15513	32819065	-	32828599	32834578	GC_131	y	chr19	61707364	32826185
ptg000037l	31143729	31146937	31147202	m84108_230703_151412_s2/137762262/ccs	1	18	TCGGACTTAAGATACAACA	CTCAGGCCGGCGGGGGGTG	TCGGACTTAAGATACGACA	XXXXXXXXXXXXXXXOXXX	2	16985	31130114,31130672,31130778,31130916,31131286,31131790,31132177,31133548,31134388,31135859,31138693,31139764,31139784,31141502,31143729,31146937,31147202,31147232,31147502	+	18499	35392291	+	35409541	35410790	GC_132	y	chr19	61707364	35406068
ptg000037l	38063589	38063692	38064712	m84108_230703_151412_s2/66914241/ccs	26	1	TGTCCTGTTATGCCATGTGTCGTTGCC	CACTGCTCCGCAATGGTGCCTTGCATT	CACTGCTCCGCAATGGTTCCTTGCATT	OOoOOOOOOOOOOOOoOXOOOOOOOOO	2	14699	38049462,38052827,38054569,38055322,38056559,38056730,38057025,38057098,38057153,38057412,38059061,38061313,38061340,38061678,38062408,38062503,38063589,38063692,38064712,38065144,38066015,38066200,38067035,38067084,38067755,38069876,38070148	+	23105	42505963	+	42521682	42529068	GC_133	y	chr19	61707364	42520559
ptg000037l	39057272	39058508	39063172	m84108_230703_151412_s2/22676155/ccs	1	15	CTCCAGCACGCTTGTT	TCGTCAAGTATCCACC	CCCCAGCACGCTTGTT	XOXXXXXXXXXXXXXX	2	2101	39057272,39058508,39063172,39063990,39064364,39065033,39065580,39065920,39066479,39067625,39067802,39068298,39069877,39071433,39071851,39073617	+	17218	43512378	+	43519143	43529596	GC_134	y	chr19	61707364	43513243
ptg000033l	52611490	52611944	52612086	m84108_230703_151412_s2/58393385/ccs	2	22	TGGTAGCTCTCTCTTGGCCGCTAG	AAAAGAACTCGATGGTCATCTCCC	TGGAAGCTTTCTCTTGGCCGCTAG	xxXOXXXxoxXxxXXXXXXXXxXX	2	2511	52610478,52611318,52611490,52611944,52612086,52612254,52614120,52614869,52615074,52617360,52617420,52618100,52618434,52620874,52621263,52621995,52623556,52624535,52624653,52626477,52626521,52626722,52627187,52628082	+	19657	10908195	-	10925483	10927852	GC_121	y	chr20	66210255	10924887
ptg000033l	44359783	44360442	44360628	m84108_230703_151412_s2/112793486/ccs	48	1	GTGATTTATGCTCATTTGGACGTGCTCCATGGCTTGTGTGGCTGCTCGC	TCTGCCCGCTTCTGCGGAAGGACATAGTGAAAACATGCAAATCCTCGCT	TCTGCCCGCTTCTGCGGAAGGACATACTGAAAACATGCAAATCCTCGCT	OOOOOOOOOOOOOOOOOOOOOOoOOOXOOOOOOOOOOOOOOOOOOOOOO	2	7444	44353361,44353513,44353815,44354306,44355062,44355656,44355672,44355758,44355772,44355782,44355819,44355826,44355870,44355871,44356175,44356444,44356480,44356624,44356697,44357190,44357341,44357418,44357847,44358580,44358582,44359783,44360442,44360628,44360702,44360860,44362248,44362772,44363658,44363675,44363962,44364125,44364310,44364792,44364818,44364988,44365486,44365792,44366008,44366234,44367189,44367279,44368383,44368789,44370786	-	18338	19154747	+	19165827	19173085	GC_120	y	chr20	66210255	19164982
ptg000033l	23009586	23010200	23010203	m84108_230703_151412_s2/216400537/ccs	19	1	TGGAGCGCGCGCATACAAAG	GTATAGATTTCTCCGTGCGA	GTATAGATTTCTCCGTGAGA	OOOOOOOOOOOOOOOOOXOO	2	14736	22995882,22996826,22998231,22998410,22999645,23000863,23001272,23002427,23004364,23005114,23006329,23008494,23008775,23009193,23009345,23009419,23009586,23010200,23010203,23010547	+	15851	41158343	-	41159461	41174194	GC_119	y	chr20	66210255	41158844
ptg000033l	9694544	9694659	9694907	m84108_230703_151412_s2/104726861/ccs	1	7	AGGTCTCG	CAACTGTT	AGGTCTTG	XXXXXXOX	2	26463	9684207,9693889,9693930,9693979,9694344,9694544,9694659,9694907	+	26930	54472604	-	54473319	54499534	GC_118	y	chr20	66210255	54472956
ptg000033l	4887957	4888732	4888773	m84108_230703_151412_s2/127076917/ccs	21	1	TGGGTCGGGTGGGTGTAAACTA	CAAACTAAACAAACTCGGGGGG	CAAACTAAACAGACTCGGGGGG	OOOOOOOOOOOXOOOOOOOOOO	2	7902	4881171,4882165,4882361,4883542,4884133,4886582,4886874,4886981,4887513,4887633,4887957,4888732,4888773,4889316,4890018,4890024,4890734,4892426,4892945,4893105,4893984,4894735	-	14274	59275661	+	59282074	59289935	GC_117	y	chr20	66210255	59281258
ptg000033l	2555751	2556280	2556620	m84108_230703_151412_s2/131601870/ccs	52	1	GGGAGATTAAGTCACGTCTCCGAGAGATGATCTCTTCTGGAAGGCGCCGGTCC	AAATCGCCGTCCTGTCCTCTTCGCGCGCCGCTCTACTCAACGAAAAGTATGTA	AAGTCGCCGTCCTGTCCTCTTCGCGCGCCGCTCTACTCAACGAAAAGTATGTA	OOXOOooOOOOoOOOOOOOoOoooooooooooOOOOOOOOOOOoOOOOOOOOO	2	965	2555362,2555751,2556280,2556620,2556642,2557224,2557327,2558471,2558650,2558925,2559337,2560005,2560407,2560625,2560859,2561370,2561939,2561945,2563484,2563657,2564120,2565275,2565279,2565295,2565299,2565315,2565319,2565330,2565335,2565339,2565350,2565430,2565828,2568528,2568538,2569299,2569808,2569937,2571776,2571790,2572108,2572584,2572595,2572785,2573124,2573287,2573418,2573573,2574243,2576150,2576637,2576707,2576786	-	21919	61594510	+	61615804	61616429	GC_116	y	chr20	66210255	61614935
ptg000016l	29338450	29338536	29338567	m84108_230703_151412_s2/152699298/ccs	1	14	TTAGATTGATCCCGA	CCGAGCAAGCTTTAG	TTAGATTGACCCCGA	XXXXXXXXXOXXXXX	2	8365	29330918,29334519,29335691,29337210,29337327,29337550,29337816,29337889,29338450,29338536,29338567,29339612,29339923,29340341,29345340	-	15273	13463924	+	13470863	13479197	GC_70	y	chr21	45090682	13470746
ptg000016l	23985685	23986349	23987172	m84108_230703_151412_s2/89129663/ccs	1	62	TCCCAAGTTTTCCTATGCCGCATTACCCTTTGGAGCGAGGCGTGATGCGGGCTCTACATTGCA	CGTGCGACCCCGTCGCATTATTACGTTACGAATGATCGACTAGACCATAATTGTCTTGCCAAG	TCCCAAGTTTTCCTATGCCGCATTACCCTTTGGAGCGAGGCGTGATGCGGGCGCTACATTGCA	XXXXXXXxXXXXXXXXXXXXXXXXXXXXXXXXXXXXXXXXXXXXXXXXxXXXOxXXXXXXXXX	2	12070	23975145,23975505,23975547,23976007,23976374,23976454,23976629,23976762,23976770,23976805,23976813,23977052,23977648,23977831,23977898,23978104,23978164,23978450,23978476,23978954,23979033,23979266,23979305,23979310,23979342,23979523,23979670,23979915,23980025,23980401,23981078,23982192,23982318,23982325,23982958,23983143,23983809,23984166,23984213,23984284,23984417,23984748,23984752,23985082,23985087,23985208,23985249,23985258,23985404,23985511,23985565,23985685,23986349,23987172,23987854,23988282,23988337,23989450,23989543,23989855,23990258,23991029,23991226	-	17563	18789162	+	18795478	18806725	GC_69	y	chr21	45090682	18793991
ptg000016l	9518481	9524658	9526014	m84108_230703_151412_s2/85655964/ccs	7	1	CTGGTTTG	GGTACGAA	GGTGCGAA	oOOXOOOO	2	9244	9515731,9517484,9518481,9524658,9526014,9527370,9527502,9528569	+	14234	33230297	-	33236643	33244531	GC_68	y	chr21	45090682	33229110
ptg000049l	1075709	1076941	1077236	m84108_230703_151412_s2/234428072/ccs	13	1	GACGTAAGGAAATT	AGAACGCCACGGCG	AGAACGCCGCGGCG	OOOOOOOOXOOOOO	2	12852	1064744,1066785,1067440,1071019,1074111,1074194,1075268,1075709,1076941,1077236,1077392,1078631,1079351,1079440	-	15744	39636946	-	39650093	39652690	GC_167	y	chr22	51324926	39648566
