contig	previous_snp	jump_snp	next_snp	read_name	count_haplotype_one	count_haplotype_two	ref_bases	alt_bases	read_bases	haplotype_string	number_of_jumps	jump_snp_pos_in_read	snp_pos_in_read	strand	read_length	chromosome_start	ref_strand	right_jump_snp_ref	chromosome_end	complex_event	Approved	chromosome	chromosome_length	first_snp_ref	last_snp_ref
ptg000046l	1742998	1744057	1749151	m84108_230703_151412_s2/197330521/ccs	24	8	TATAATCGTTTGCACTAGCGGGCCACTTAGCG	GGCGGCTAACGTAGTGGTTAACTTCTGCGCTA	TATAGCTAACGGAGTGGTTAGCTTCTTTGCTA	XXXXOOOOOOOXOoOoOOOOXOOOOOXXOOOO	7	2729	1741761,1742048,1742144,1742998,1744057,1745978,1746336,1746435,1747945,1748941,1749108,1749151,1749713,1752799,1753022,1753055,1753270,1753407,1753564,1753658,1753730,1753751,1754038,1754481,1754906,1754964,1755051,1755126,1755296,1755339,1755414,1755435	+	14457	8794131	+	8796860	8808588	complex_34	y	chr1	248387328	8794564	8808238
ptg000023l	64400385	64401936	64402892	m84108_230703_151412_s2/262411692/ccs	7	13	GAGCCCGTGGCTCAAAACGA	CTTATAACTTGCTGCTGAAC	GTTCCCACGGCTCACTACGC	xOOXXXOOXXXXxXOOXXXO	6	2033	64400385,64401936,64402033,64402892,64402953,64404179,64405856,64406958,64407056,64407134,64408317,64409847,64410540,64411720,64411962,64411967,64412361,64412582,64413746,64414403	-	14926	58066456	+	58079349	58081382	complex_22	y	chr1	248387328	58077798	58091816
ptg000013l	44920858	44922975	44922980	m84108_230703_151412_s2/30412656/ccs	3	16	GTGTGCCTCCAATTCCACG	ACACATACTTTCCCTACGA	GTGTACCTCCAATTTCACA	xXxXOXXXXXXXXXOXXXo	4	6676	44916863,44919681,44919682,44920858,44922975,44922980,44925319,44925647,44925942,44926034,44926947,44927824,44927844,44928054,44928069,44930050,44930663,44931230,44931302	+	15638	45113678	-	45122640	45129316	complex_14	y	chr2	242696752	45116528	45130967
ptg000017l	84731667	84731874	84731905	m84108_230703_151412_s2/108922782/ccs	3	17	GTGCGAGATGTCCGCGGTGG	ACCAAGAGCACTTCTAACAA	GTGCGGGGTGTTCGCGGTGG	XXXXXOXOXxXOXxXXXXXX	6	3494	84728900,84729302,84730538,84731349,84731667,84731874,84731905,84732443,84734173,84734290,84734942,84735417,84735992,84736124,84736216,84737171,84738071,84738146,84738533,84740375	-	12173	13777329	+	13786008	13789502	complex_17	y	chr3	201105948	13783034	13794509
ptg000006l	102641127	102641169	102641885	m84108_230703_151412_s2/61544323/ccs	8	10	TGGGTTGCAAGAGCACGC	AAAAGATTGCAGAAGTCT	TGAGTAGCGAGAACGTCT	xxoXXOXXOXXXOxOOOO	5	356	102640767,102641127,102641169,102641885,102642562,102643622,102646142,102648846,102649222,102650019,102650271,102650474,102651780,102652514,102652917,102653996,102655310,102657107	+	16637	98691962	-	98708243	98708599	complex_9	y	chr3	201105948	98707841	98724181
ptg000006l	96712197	96713881	96715930	m84108_230703_151412_s2/209654033/ccs	8	12	GAACTTATGCTTAGGTGCCT	AGGTCCCCTTAACCACATAC	AAATTCCCTCTAACGTGCCT	OXXOXoOOOXXOXOXXXXXX	9	1926	96712197,96713881,96714020,96715930,96716270,96716431,96717691,96717930,96720011,96720028,96720356,96720875,96721602,96721647,96721704,96721821,96722813,96722891,96722903,96723124	+	11685	104640599	-	104650358	104652284	complex_8	y	chr3	201105948	104648674	104659601
ptg000006l	66257275	66257398	66263918	m84108_230703_151412_s2/207950715/ccs	5	5	CGGCCCAGGA	TTTTTAGTCG	CTTTCCGGGG	XoOOXXOXXO	5	330	66257275,66257398,66263610,66263618,66263918,66264437,66264550,66266459,66267666,66268978	-	15362	135167306	+	135182338	135182668	complex_6	y	chr3	201105948	135182215	135193918
ptg000006l	10696846	10697565	10699087	m84108_230703_151412_s2/148440071/ccs	6	12	TAGAAGGTACATTCTGTG	CCTGGAACGGGCAACACA	TAGAAGACAGATTCCGCA	XXXXXXOOXOXXXXOXOO	7	4192	10693401,10693678,10694198,10696378,10696380,10696846,10697565,10698871,10699087,10699151,10699573,10700093,10702012,10702746,10703430,10704301,10704800,10705220	-	13700	190741638	+	190751146	190755338	complex_5	y	chr3	201105948	190746982	190758801
ptg000004l	34777544	34777819	34778044	m84108_230703_151412_s2/87428780/ccs	9	11	CCCTCTCGAAAGCATAAATC	TTTCTCTAGGGTTGCCTGCG	CTCCCCCGAGGGTACCAACC	XOXOXOxXXOOXOXOOXXOx	13	958	34777544,34777819,34778044,34784160,34784693,34784965,34785114,34785333,34785846,34787803,34788290,34792375,34792715,34793510,34793569,34793920,34793953,34794686,34796079,34798612	+	22889	34583152	+	34584110	34606041	complex_4	y	chr4	193574945	34583835	34604903
ptg000039l	76615866	76615986	76618688	m84108_230703_151412_s2/107283292/ccs	21	4	ACTTCTCTACGTAGAGCAGGGCGGG	TGCCTCTCGTACGACATTAAAGATT	TGCCTCTCGTATGACACAAAAGGTT	OOOOOOOOOOOXOOOOXXOOOOXOO	6	6120	76609903,76610327,76610632,76611154,76612421,76612452,76613024,76614671,76615192,76615855,76615866,76615986,76618688,76618714,76618960,76619269,76619440,76620289,76621552,76622112,76622523,76622549,76622610,76623757,76624439	+	14822	128203391	+	128209511	128218213	complex_28	y	chr5	182045439	128203428	128217964
ptg000040l	10619758	10619877	10622300	m84108_230703_151412_s2/61148706/ccs	6	6	GCGCATCCTCTA	ATATGCTTATGG	ATGCACCCTTGG	OOXXXOXXXOOO	4	4636	10619508,10619758,10619877,10620550,10622256,10622300,10623544,10623738,10624452,10624461,10624583,10625400	-	10391	14310092	+	14315847	14320483	complex_29	y	chr6	172126628	14315478	14321370
ptg000015l	78568010	78568387	78568786	m84108_230703_151412_s2/197526134/ccs	28	9	CAGGTCGGCCGACAGACGAGAAAACGGCTCCAATTGC	AGATCAAATGCGTGAGTACCGGGGTAATGTAGTCCAG	AAAGTAAATGCGTGGGTACCGAGGTAATGCAGTTTAC	OXOXXOOOOoooooXoOOOOOXOOOOOOOXOOOXXOX	13	1037	78568010,78568387,78568786,78569064,78569221,78569260,78569297,78569487,78569691,78569750,78569803,78569888,78570102,78570125,78571196,78571261,78571547,78571872,78571888,78572038,78572764,78573807,78574031,78574061,78574338,78574705,78576080,78576244,78576604,78579905,78581227,78581697,78581879,78582112,78582115,78582122,78583101	-	16205	82272702	+	82287870	82288907	complex_15	y	chr7	160567428	82287493	82302584
ptg000011l	27414840	27417215	27417599	m84108_230703_151412_s2/63504701/ccs	16	10	CTGGAGTTATTGAACACGTGGCGAGC	GCATGACACCCCGGTCTACAAATGAT	CCAGGGCTCCCCGGTCTACGACGAGC	xOOXoXOXOOOOOOOOOOOXOXxXXX	7	2828	27414840,27417215,27417438,27417599,27417691,27417872,27418517,27419060,27419153,27419467,27419793,27419872,27419979,27420230,27420370,27420461,27420871,27421101,27421226,27421516,27422000,27422410,27422598,27423440,27424912,27427751	-	13504	118827665	+	118838341	118841169	complex_13	y	chr8	146259331	118835966	118848877
ptg000011l	4524543	4525113	4526509	m84108_230703_151412_s2/227280080/ccs	9	9	AGGTGGCGGAGCCACACG	GAACAATTAGATGGTGTT	GAACAGTGGGGCGACATG	oOOOOXOXXOXxOXXxOx	8	2125	4523555,4523649,4524056,4524233,4524543,4525113,4526509,4527373,4528449,4529391,4529539,4530404,4531421,4531443,4531889,4533385,4534222,4535429	+	13245	141712420	-	141723540	141725665	complex_12	y	chr8	146259331	141721982	141733856
ptg000032l	65109615	65113717	65115929	m84108_230703_151412_s2/162534063/ccs	2	2	GTCG	TCAA	GCCA	XOXO	3	4877	65109615,65113717,65115929,65118775	+	11801	84477561	-	84484485	84489362	complex_25	y	chr9	150617247	84480383	84489543
ptg000018l	38630994	38632379	38640332	m84108_230703_151412_s2/130222848/ccs	9	2	AAGCATTATAG	TGCTGCGGAGC	AGCTGCGAAGC	XOOOoOOXOOO	3	2272	38630994,38632379,38632400,38635094,38635294,38639950,38640190,38640332,38641229,38641347,38641933	+	12535	93328516	-	93338779	93341051	complex_19	y	chr10	134758134	93337394	93348333
ptg000018l	15889628	15889766	15894841	m84108_230703_151412_s2/33626029/ccs	3	2	TGATG	CTGCT	CGGCG	OXOOX	3	193	15889628,15889766,15894841,15897175,15900938	+	13372	116073545	-	116086724	116086917	complex_18	y	chr10	134758134	116086586	116097896
ptg000079l	615764	616680	617033	m84108_230703_151412_s2/148375755/ccs	28	3	CAGGCCTTAGGCACTTATTTGATTCCTTCTC	TGATTACGGTATGTCCGCGCACCGTTGCTCT	TGATTACGGTATGCTCACGCACCGTTGCTCT	OOOOOOOoOOOOOXXOXOOOOOOOOOOOOOO	4	9685	607638,608152,610381,610452,610464,612688,612698,612699,613143,613386,613918,614640,615764,616680,616825,617033,617186,617286,617940,618136,618219,618264,618382,619210,619322,619638,619744,620102,620119,620468,620474	+	13605	132493610	-	132497530	132507215	complex_39	y	chr10	134758134	132488488	132501324
ptg000024l	28106909	28107485	28107892	m84108_230703_151412_s2/21305206/ccs	8	6	AGTTTCAGCGTTAC	GAGCCAGAGACCTT	GAGTCCAACGCCAT	OOOXOXXOXXOOXO	8	3567	28105954,28106677,28106909,28107485,28107892,28108481,28109629,28110084,28111511,28112578,28114089,28116703,28116828,28117074	-	13578	127928208	-	127931775	127941786	complex_23	y	chr11	135127769	127930244	127941364
ptg000058l	27368079	27368163	27369339	m84108_230703_151412_s2/126223828/ccs	17	21	CGGGGGCCTCCCCCACATCTCCAACAGGCTCCTTATGG	TTCAAATTGTTTTTGTCCTCTTTGTGCAACTTAGGCTA	CTCGAACTGCTCTTGTCCCTCTTATGGGCTCCTTATGG	XOoXoOXOOXOXOOoooOXXxOOXoOxXXxXxXXxxXX	14	553	27368079,27368163,27368542,27369339,27370068,27370117,27370193,27370258,27370967,27371123,27371342,27371444,27371565,27372139,27372586,27372889,27373160,27373237,27373299,27373322,27373609,27373758,27373851,27374501,27374987,27375262,27376635,27376813,27376951,27376989,27377381,27377389,27377761,27378168,27378449,27378885,27378932,27379127	-	12008	7653760	+	7665215	7665768	complex_38	y	chr12	133324548	7665131	7676179
ptg000020l	60311997	60314034	60315345	m84108_230703_151412_s2/72881601/ccs	2	12	GGTTTCCTGACTAA	ATCCATAGACTCGC	GGTTTCCTAATTAA	XXXXXXxXOXOXXX	4	10145	60304447,60306116,60307919,60307949,60308009,60309312,60311394,60311997,60314034,60315345,60315935,60316589,60318026,60318733	-	15101	38937024	+	38941980	38952125	complex_21	y	chr13	113566686	38932393	38946679
ptg000003l	5541993	5542425	5543966	m84108_230703_151412_s2/152900437/ccs	6	4	AGCAGGTCGA	CATGAAATAG	AGCGGAATAG	XXXOXOOOOO	3	1630	5541824,5541828,5541993,5542425,5543966,5544777,5546126,5546778,5547693,5550828	-	16212	69339373	+	69353955	69355585	complex_2	y	chr15	99753195	69353354	69362358
ptg000082l	10263821	10263956	10264057	m84108_230703_151412_s2/247468857/ccs	21	2	TACTGGCTGGAGGCTACAAAGCA	CCTCAATCCAGCAGCGGGGGAGG	CATTAATCCAGCAGCGGGGGAGG	OXOXoOOOOOOOOOOOOOOOOOO	4	464	10263821,10263956,10264057,10264062,10264861,10266306,10266876,10268366,10269127,10269455,10270226,10270585,10271675,10273364,10273671,10274108,10277521,10278864,10279898,10280023,10280056,10280059,10280986	-	17505	4718954	+	4735995	4736459	complex_40	y	chr16	96330374	4735860	4753025
ptg000029l	1547232	1547373	1550021	m84108_230703_151412_s2/212927412/ccs	11	36	TGTGTTGAGTGGGACGGCACGCCTTCCGACGACGAACCAACCGTCTCA	CACCCCAGACCATGGACTGGTTACCGAATTCGTATGTTGGAAACTCAG	CGTGCCGGGCCnGACAGCACGCCTTCCGTCGACAAACCAGCAGTCTCA	oxXxoOxoxOonxxxOxxxXxxxXxXxxoXxxxoxXxXXoXOXXXXxX	4	209	1547232,1547373,1548046,1548793,1550021,1550525,1550576,1551533,1551989,1552059,1554005,1554880,1554937,1554963,1555203,1555441,1555790,1556229,1556303,1556706,1556768,1556859,1557608,1557934,1558457,1558463,1558510,1558747,1558789,1558984,1559146,1559581,1560149,1560397,1560549,1561309,1561414,1561506,1561520,1561690,1561863,1561907,1562201,1562208,1562529,1563097,1563535,1563588	+	16506	60038549	-	60054846	60055055	complex_24	y	chr16	96330374	60054705	60071061
ptg000041l	8569469	8569921	8571324	m84108_230703_151412_s2/173738617/ccs	9	16	AGTGGACGAGCCTCCTGTTGCGTCC	TACAAGTCTCTGGAAGAGCATACGT	AGTGAGTGACCGTCATGTCGCGTGT	XXXXOOoXXOXOXXoXXXOXXXXOO	9	1054	8568965,8569412,8569468,8569469,8569921,8570140,8570830,8571324,8572178,8573197,8573295,8573724,8574009,8574316,8575185,8575354,8575400,8575787,8576288,8576992,8577428,8577764,8577830,8578488,8579737	-	11278	83302267	+	83312491	83313545	complex_31	y	chr16	96330374	83311535	83322307
ptg000041l	6593288	6593587	6593612	m84108_230703_151412_s2/255727097/ccs	11	19	GTAAGGTACGGAACCGCCTGTTGAGCTCAT	TCGGCACGAACGCTACGTAACCTGCGGAGG	TCGGCGCGAGGGCCCCCCTGTTGAGCTCAT	OOOOOXOOOXXOOXXOXXXXXXXXXXXXXX	7	1438	6592587,6592696,6593059,6593108,6593288,6593587,6593612,6593807,6594181,6594545,6594844,6595300,6595394,6596306,6596487,6598185,6598733,6602312,6602612,6603001,6603837,6603974,6604003,6604051,6604073,6604246,6604394,6604576,6604993,6605431	-	14625	85288463	+	85301650	85303088	complex_30	y	chr16	96330374	85300650	85313494
ptg000001l	41750321	41751668	41752165	m84108_230703_151412_s2/170463194/ccs	2	8	ACTGAACCTG	GGCCGGTAAC	ACCGAGCCTG	xXOxXOXxXX	4	2645	41749169,41750321,41751668,41752165,41753940,41756738,41757065,41758535,41758641,41761824	-	14148	67993526	-	67996171	68007674	complex_1	y	chr17	84276897	67993672	68006327
ptg000045l	59696811	59697499	59697782	m84108_230703_151412_s2/212206430/ccs	2	2	CTAT	AATC	CAAC	XOXO	3	820	59696811,59697499,59697782,59697839	-	11924	20914001	+	20925105	20925925	complex_33	y	chr18	80542538	20924417	20925445
ptg000045l	51500491	51500613	51500678	m84108_230703_151412_s2/133501015/ccs	26	6	ACATCTATATGCCTTCCGAAACTGGCCGTAAT	GTGATCTCCCTTGCCTTAGGGGCAATTCCGCC	GTGTTCTCACTTGCCCTGGGGGCAACTGCGCC	OOOXOOOOXOOOOOOXOXOOOOOOOXOXOOOO	12	7132	51499445,51500458,51500491,51500613,51500678,51500961,51501382,51501388,51501783,51502226,51502797,51502820,51503149,51503263,51503293,51503436,51503611,51503758,51503795,51503802,51503807,51504009,51504292,51504355,51504840,51504887,51504979,51505191,51505448,51505564,51505565,51505577	+	12349	29101492	-	29106709	29113841	complex_32	y	chr18	80542538	29105541	29111673
ptg000033l	39011116	39011650	39014528	m84108_230703_151412_s2/166921062/ccs	12	6	TTTTAAGCAGTGCCACCT	CGGGGTCTCAGATTTTGG	CTGTGTCCCATATTATCG	OXOXOOOXOOXOOOXOXO	12	648	39011116,39011650,39014528,39016178,39018106,39018581,39018804,39019362,39019726,39019786,39019851,39019862,39021612,39022194,39022295,39022581,39022691,39022692	+	11853	24506089	-	24517294	24517942	complex_27	y	chr20	66210255	24516760	24528336
ptg000033l	17816437	17821650	17829625	m84108_230703_151412_s2/195694134/ccs	9	6	AGTATCGAGGGTGTCC	GACGCGAGATCGTCAT	GACGCGGAGGnGTCCC	OOOOOOXXXXnOOOXX	3	8891	17813353,17813932,17815080,17815413,17816125,17816437,17821650,17823296,17823850,17826682,17827234,17829625,17830193,17830595,17832698,17832759	-	20417	46340805	+	46352331	46361222	complex_26	y	chr20	66210255	46344034	46363440
ptg000016l	5675061	5675713	5676451	m84108_230703_151412_s2/124389366/ccs	12	8	AAGAATGAAGTCCGGTTCAA	GGAGCAATTTGGTCTGCTGG	AGGGCAGATGGGCCTGTCGG	XOXOOOXXOXOOXOOOXXOO	11	917	5675061,5675713,5676451,5676879,5676948,5677308,5677612,5678187,5678727,5679942,5680470,5680552,5681196,5684332,5684872,5685011,5686670,5687165,5687702,5688144	-	14178	37070321	+	37083582	37084499	complex_16	y	chr21	45090682	37082930	37096013
ptg000056l	11765771	11766390	11766826	m84108_230703_151412_s2/126683825/ccs	2	3	GGATA	AAGAG	AGGTA	OXOXX	3	10103	11765771,11766390,11766826,11767415,11767671	-	12933	26817290	+	26820120	26830223	complex_37	y	chr22	51324926	26819501	26821401
ptg000056l	4199136	4199242	4199467	m84108_230703_151412_s2/162729180/ccs	5	8	CGGTGCTACCAAG	TTACAAGGATGGA	TTATACTACCGAG	OoOXOXXXXXOXX	5	1503	4198227,4198264,4199136,4199242,4199467,4200736,4201006,4203404,4204399,4205841,4208025,4208422,4209619	-	14276	34363029	+	34375802	34377305	complex_36	y	chr22	51324926	34374787	34386179
