read_name	contig	previous_snp	jump_snp	next_snp	count_haplotype_one	count_haplotype_two	ref_bases	alt_bases	read_bases	haplotype_string	number_of_jumps	jump_snp_pos_in_read	snp_pos_in_read	strand	read_length	cigar_string	chr	Sperm_PrimarySpermatocytes_Reads.methyC.UmethyC	Sperm_UndiffSpermatogonia_Reads.methyC.UmethyC	Sperm_DiffSpermatogonia_Reads.methyC.UmethyC	Sperm_spermatids_Reads.methyC.UmethyC	Sperm_Mature_Reads.methyC.UmethyC	blood_cpg_data	neuron_cpg_data	CpGs_onRead	badCpGs_onRead	refCpGOvl_perc	maxLL_Germ	maxLL_noGerm	LL_maxGerm_minus_maxNonGerm	abs_LL_maxGerm_minus_maxNonGerm	chromosome_start	ref_strand	right_jump_snp_ref	chromosome_end	GC_event	Approved	chromosome	chromosome_length	left_jump_snp_ref
m84108_241122_112240_s1/166659405/ccs	ptg000045l	6762523	6762987	6763340	16	1	GGGTGGATTCAGCGGTG	AAAGCAGCCAGCTCCAC	AGAGCAGCCAGCTCCAC	OXOOOOOOOOOOOOOOO	2	518	6762523,6762987,6763340,6763491,6763534,6763745,6764114,6764137,6764372,6764713,6764794,6764824,6764876,6764877,6764878,6764879,6765213	-	18189	54=1X72=1X1=1X437=1X11=1X111=1X179=1X150=1X42=1X210=1X368=1X22=1X234=1X340=1X80=1X29=1X51=4X254=1D78=1X288=3I289=1X218=1X82=1X356=1X124=1X90=1D238=1X42=1X210=1X585=1X29=1X885=1X15=1X220=1X58=1X2=2X12=49I759=1X38=1X261=1X43=1X392=1X963=1X412=1X285=1D752=1X301=1X887=1X359=1X96=1X27=1D10=1X169=1X47=1X406=1X388=1X353=4I45=1X564=2I83=2X112=1X19=2X70=1I71=1X89=1X2=1X46=1X4=2X38=1X80=4I6=1X103=1X45=1X57=1X255=8I114=1X39=1X194=1X385=1X53=1X220=1X121=1X204=2X98=1I170=1X27=1I210=1X371=1X116=1X25=2X9=1X4=1X64=1X58=1I9=1X29=1X116=1X77=1X70=1X111=1X23=	chr16	22.3057318681696	22.4805062917022	22.369867229465	22.8424948224853	21.4374270892177	21.3903621651206	21.5458296017516	32	NA	0.78	22.8424948224853,4	21.5458296017516,2	1.29667	1.29667	15613222	-	15614093	15631411	GC_19	y	chr1	243847345	15613276
m84108_241122_112240_s1/59835971/ccs	ptg000045l	74680824	74681044	74681072	1	43	CGATGGACCGTCAATAACCCGCCAGGACCTTGCATGAGCACTCCAC	AAGCATGTTTCAGGCGGTTTATTCACTTTCCATTGAGCTGTCGGGG	CGATGGACCGTCAATAACCCGCCAGGAnnTTGCTTGAGCACTCCAC	XXXXXXXxXxXXXXXXXxXXxXXXXXXnnXXXXOXxXXXXXXXXXX	2	10436	74671111,74671208,74671344,74671710,74671794,74671817,74671908,74672642,74672983,74673550,74673967,74674966,74675955,74676155,74676654,74676711,74677117,74677290,74677449,74677474,74677906,74677967,74678059,74678521,74679171,74679400,74679452,74679486,74679997,74680456,74680761,74680814,74680824,74681044,74681072,74681507,74681815,74681896,74682014,74682030,74682365,74682526,74682601,74682719,74683146,74685812	-	17136	647=1D251=1D697=1D396=1D51=1D499=1D425=1D765=1D788=1D97=2I236=1D636=1D1298=1D844=1D378=1D547=1D168=1D4=1I7=2D6=1D66=1D71=1D81=1X9=1D195=1D98=1D111=3I2=1X10=2D278=1I766=1X192=1D472=1D337=1D48=1D801=1D1497=1D143=1I45=1I216=1D1474=1D635=1D75=1D44=3X170=1D163=2I5=2X1=2D237=1D135=	chr1	-3.8961784827308	-2.75660857872257	-2.66011524242504	-3.02124600553791	-3.4183718455054	-3.59515111364647	-2.94436505393263	56	NA	0.63	-2.66011524242504,3	-2.94436505393263,2	0.28425	0.28425	84025186	-	84035650	84042322	GC_37	y	chr1	243847345	84035402
m84108_241122_112240_s1/155453606/ccs	ptg000034l	72947685	72948659	72948660	38	1	AGTTGCTTATTAGGGGATCTGTGTATAGCATTAGCTTCC	GCCGATCCGCCCAAATGATCACACGCGCTGCGGCTCGTT	GCCGATCCGCCCAAATGTTCACACGCGCTGCGGCTCGTT	OOOOOOOOOOOOOOOOOXOOooOOoOOOOOoOOoOoOOO	2	9347	72939681,72940172,72940509,72940598,72940698,72940741,72940759,72941065,72941191,72941192,72941670,72941685,72941731,72941803,72942328,72944274,72947685,72948659,72948660,72948961,72949306,72949365,72949638,72949863,72950063,72950086,72950530,72950580,72950781,72950963,72950983,72951281,72951306,72951465,72951676,72951719,72951854,72951937,72951996	+	12699	155=9D114=1X105=1X490=1X77=1D177=1D80=1X88=1X15=1D83=1X42=1X17=1X305=1X125=2X370=1I107=1X14=1X45=1X71=1X322=1D201=1X1945=1X517=1D136=1D1364=1D355=1I431=1D114=1D488=1X53=1D152=1X164=1D110=1X269=1I34=1I2=1X122=1I63=1X300=1X240=1D101=1D1=1X15=1D36=1D5=1X65=1D117=1D88=1X158=2D64=1X199=1X22=1X52=1D390=1X49=1X200=1X181=1X19=1X196=1I101=1X24=1X20=1D5=1X108=1I23=1X71=3I139=1X42=1X134=1X82=1X58=1X19=	chr1	-3.56269376812672	-2.30290350107254	-2.47297624157772	-2.87891824391545	-3.18711372825181	-4.62533616726168	-4.08007996368784	70	NA	0.79	-2.30290350107254,2	-4.08007996368784,2	1.77718	1.77718	122144290	-	122147643	122156989	GC_15	y	chr1	243847345	122146668
m84108_241122_112240_s1/188548628/ccs	ptg000034l	45427300	45427347	45427656	65	1	CTTGCGCATCTTTTTGTCGTTACCGGAAGCTGCGTGATCACCAAAGAACGGCTGGAGTTAGTCAAA	TGCATTTGCTCCAGCCCTACCGTTAACGATCATACAGCTGAGGCCCGGTAATCCATCCGGAGTTGC	TGCATTTGCTCTAGCCCTACCGTTAACGATCATACAGCTGAGGCCCGGTAATCCATCCGGAGTTGC	OOOOOoooOOOXOOOOOOOOOOOOOOOOOOOOOOOOOOOOOOOOOOOOOOOOOOOOOOOOOOOOOO	2	5583	45422117,45423523,45424163,45424318,45424602,45425466,45425467,45425594,45426481,45426771,45427300,45427347,45427656,45428051,45428459,45428537,45428688,45429107,45429116,45429214,45429295,45429299,45429313,45429344,45429354,45429502,45429639,45429737,45430025,45430114,45430314,45430486,45431088,45431223,45431256,45431673,45431783,45432091,45432118,45432217,45432687,45432882,45432898,45432909,45432946,45432955,45432974,45432981,45433049,45433444,45434019,45434043,45434280,45434402,45434411,45434547,45434660,45434661,45434662,45434764,45434768,45435183,45435244,45435568,45435570,45435609	-	13947	201=1D20=1D118=1X405=1D840=4I159=1X592=1D46=1X154=1X283=1X863=2X126=1X74=12I812=1X289=1X528=1X355=1X180=3D6=1X10=1X193=1X138=1X128=1I140=1X77=1X150=1X418=1X8=1X97=1X80=1X3=1X13=1X30=1X9=1X46=5I101=1X136=1X97=1X188=1D98=1X88=1X199=1X135=3X2=1D30=1X601=1X134=1X32=1X213=4D199=1X109=1X307=1X26=1X98=1X469=1X61=1I133=1X15=1X10=1X36=1X8=1X18=1X6=1X67=1X394=1X574=1X23=1X236=1X121=1X8=1X135=1X112=3X101=1X3=1X377=10D27=1X60=1X323=1X1=1X38=1X113=	chr1	26.1927595392088	27.8206897596378	27.4957239839158	27.7596906876124	27.2452886316034	27.0879631714577	26.650500985434	50	NA	0.66	27.8206897596378,2	27.0879631714577,1	0.732727	0.732727	149731290	+	149739963	149745237	GC_22	y	chr1	243847345	149739607
m84108_241122_112240_s1/145819140/ccs	ptg000034l	39174931	39175489	39176147	1	34	GCAAAAAGCGAAAATCCCCCACTCCCTACTTCCAAC	ATGGGGGATACGGCGTGTGTCGCGATGTTCCATGGG	GCAAAnAGCGAAAATCCCCCACTCCCTACTTACAAC	xXXXXnxxXXXxxXXXXXxXxxXXxXXxXXXOXXXx	2	12194	39163890,39164202,39165138,39165246,39165781,39165901,39165976,39165979,39166705,39166749,39167330,39167518,39167761,39167882,39168305,39168780,39169809,39170610,39170663,39170701,39170902,39171296,39172136,39172357,39172717,39172849,39172962,39173652,39173680,39174418,39174931,39175489,39176147,39176839,39177629,39177704	+	15046	22=1X3=1X71=1X163=1D71=2I14=1I1X243=2X16=1X138=1D263=1D59=1D112=1D316=1D317=1I142=1D98=1D567=1D42=1D37=1D35=2X264=1I7=1D33=1D185=1I26=2D1X82=1I29=1I147=1D58=1I27=1I192=1D65=1X163=1I172=1D167=1D424=1I15=1I81=1D220=1I134=1D48=2I1X55=1I177=1I24=1D66=1D72=1D15=2D18=1I27=1D18=1D44=1D22=1D258=1D62=1D167=2I5=1D5=2D57=1D448=1D22=1D87=1I238=2X160=1I221=1I203=1D434=1D132=1D644=1D258=1D466=1D162=1I97=1D113=1D201=1D72=1I397=1D94=1D184=1D3=1X274=1I882=1X96=1I408=1D1097=1D484=1D168=1D282=1D23=1D292=	chr1	-0.984094245051389	-0.251259903125566	-0.0545303878016327	-0.0872035320408556	-0.485280390996322	-0.889040119556373	-1.53268469998866	72	NA	0.72	-0.0545303878016327,3	-0.889040119556373,1	0.83451	0.83451	156001527	-	156005037	156016573	GC_12	y	chr1	243847345	156003821
m84108_241122_112240_s1/78515710/ccs	ptg000034l	35792205	35793121	35793207	1	17	TCCCTCCCTGAGAAATTT	CTTACTTTATGAGCTCGC	TCCCTCCCAGAGAAATTT	XXXXXXXXOXXXxXxXXX	2	7949	35785393,35785627,35785641,35786180,35788618,35791478,35791867,35792205,35793121,35793207,35793785,35793806,35794550,35796899,35797434,35797607,35800799,35801844	+	16804	1457=1I385=1D78=1I190=1I648=1I1251=1D515=1D1114=1D476=1I317=1D89=1D358=1I278=1D543=1D244=1X1120=1D516=1D1033=1I391=1D460=1D68=1D1312=1D1765=1D1400=1D133=1I284=1I369=	chr1	0.10499982630533	1.01686166261568	1.17225503401171	1.14503939400281	1.10185449951479	-0.174390434149543	0.883531992500952	69	NA	0.68	1.17225503401171,3	0.883531992500952,2	0.288723	0.288723	159369075	-	159378016	159385879	GC_42	y	chr1	243847345	159377014
m84108_241122_112240_s1/101777706/ccs	ptg000059l	7005176	7005969	7006121	1	26	GTTCCAGGAGCTTTAGTGTTCTGTACG	TCCTTGCTGATACCGAGTCCTCACGTC	GTTCCAGGAGCTTCAGTGTTCTGTACG	XXXXXXXXXXXXXOXXXXXXXXXXXXx	2	7572	6999358,7000047,7000855,7001123,7001485,7003119,7003374,7003434,7004037,7004224,7004283,7004331,7005176,7005969,7006121,7006171,7006987,7007412,7007420,7007464,7007480,7007715,7007848,7008269,7008322,7008405,7009121	+	11123	1878=1I888=1I734=1D617=1D842=1D427=1D1407=1I350=1I425=1X80=1D3470=	chr1	31.2989817550525	32.6959073608449	33.3125508385344	32.6390777961159	32.5907802395366	29.8079738804496	32.4437956438219	133	NA	0.76	33.3125508385344,3	32.4437956438219,2	0.868755	0.868755	218324119	+	218331843	218335242	GC_1	y	chr1	243847345	218330898
m84108_241122_112240_s1/170594442/ccs	ptg000016l	4850079	4850096	4850114	19	1	CACTAGGTAGAAGGGTGCCTG	GGAAGAAAGAGCTACCATTCA	GGAAnAAAGAGATACCATTCA	OooonOOOOOOXOOOoOOOOO	2	19774	4833399,4834362,4834918,4834925,4836326,4838943,4839899,4840173,4840383,4850077,4850079,4850096,4850114,4850116,4850120,4850140,4850141,4850142,4850145,4850148,4850376	+	21729	2708=1D352=1X230=1D339=8I392=1X401=16I154=1X6=1X371=1D1028=1D1X417=2D2196=1X955=1X273=1X209=1X1413=1D1031=1D3772=1D559=1D441=1I101=1D277=1I189=1D1450=2I454=1X1=1X27=3X4=1X1=1X3=1X19=3X2=1X2=1X227=1X321=1D703=1I649=	chr2	12.6845649554467	16.247014542646	15.7921890423708	16.4838375497181	14.7247650031807	12.6388438171457	12.9425027323081	78	NA	0.77	16.4838375497181,4	12.9425027323081,2	3.54133	3.54133	89688737	+	89708529	89710466	GC_20	y	chr2A	145906006	89708494
m84108_241122_112240_s1/13371598/ccs	ptg000016l	47043154	47043505	47043900	1	47	GAATCGCCAAGTTCACCGCGGCCTTATGGGTATGCCGGCACCGGCAAG	AGGCTAGGGGACCAGTGTTAATGCCGAAAACCCATGAATGTTAATGGA	GAATCGCCAAGTTCACCTCGGCCTTATGGGTATGCCGGCACCGGCAAG	xxxXXXxxxXxxXxXxXOXXXxxxXxXXXXXXXXxXXXxXxXXXxxXX	2	7267	47036459,47036475,47036688,47037063,47039165,47039498,47039807,47039819,47039840,47040362,47041212,47041336,47041833,47041921,47042140,47042645,47043154,47043505,47043900,47044558,47044610,47044826,47044932,47044955,47044970,47045057,47045122,47045263,47045267,47045299,47045307,47045385,47045398,47045512,47045551,47045603,47045645,47045770,47045972,47046075,47046295,47046328,47046426,47046687,47046760,47046924,47047064,47047141	-	11120	25=1D170=1D157=1D129=1D67=1I22=1D86=3D9=1I50=1D22=1D36=1D175=1I28=2X29=1I247=1D357=1D325=1D105=1D392=1D58=1I152=1D53=1D80=1D36=1D12=1D12=1X317=1I383=3I310=1D136=1D405=2X229=1I102=1D60=1I28=1D171=1D63=1D58=1D1140=1D406=2I16=1D125=1D146=1I113=1I45=1D15=1D67=1D13=2X63=1X34=1D31=1X45=1D268=1D343=1D221=1I311=1D60=1D132=1D107=2X86=1D1124=1I812=1I32=1D240=	chr2	13.4686047555534	17.3682559757817	17.4318327480718	17.416948411562	16.7850764671202	15.6810505362001	16.5254664063488	50	NA	0.64	17.4318327480718,3	16.5254664063488,2	0.906366	0.906366	131828849	-	131836511	131839969	GC_4	y	chr2A	145906006	131835765
m84108_241122_112240_s1/103091857/ccs	ptg000039l	39765348	39765773	39765867	2	50	CGCGCGTGTTCTCCTGACCTAACCACCAGCAGCCAATCGCTACTACTCGGGG	ACGCTTCAAATCTTCAGTTCGTAATTTGATGATTGGCACACGTCCGCAAAAA	CCGGCGTGTTCTCCTGACCTAACCACCAGCAGCCAATCGCTACTACTCGGGG	XOoXXXXXXXXXXXXXXXXXXXXXXXXXXXXXXXXXXXXXXXXXXXXXXXXX	2	484	39765348,39765773,39765774,39765867,39765876,39766041,39766080,39766838,39766843,39766999,39767005,39767215,39767271,39767541,39767925,39768067,39768553,39768878,39769066,39769387,39769401,39771226,39771344,39771352,39771419,39772116,39772730,39773208,39773307,39773365,39773712,39773824,39773860,39773894,39773897,39773898,39773969,39773998,39774002,39774601,39775650,39775978,39776898,39777272,39777357,39777409,39778158,39778710,39779333,39779748,39781325,39782093	+	17154	417=1I65=3X648=1D12103=1D3917=	chr2	20.2208070429769	23.1888413134756	23.8891083654975	22.1147273060218	22.50404554094	21.5841472879005	23.206865446285	79	NA	0.72	23.8891083654975,3	23.206865446285,2	0.682243	0.682243	53419199	+	53419777	53436353	GC_2	y	chr2B	150248535	53419258
m84108_241122_112240_s1/50138981/ccs	ptg000039l	90302697	90303367	90303387	1	9	TTAATTTTTG	CCTGGCCAAT	TTAAGTTTTG	XxxXOXXXXX	2	3351	90300091,90302385,90302386,90302697,90303367,90303387,90309197,90312604,90312607,90312608	-	13930	192=1D30=1D155=1I356=1D76=1I133=1X228=1D4=1D180=1D190=1D56=1D19=1X3=1D343=1D7=1D26=1D184=1D16=2I444=1D5=2D1X13=1D232=1D169=1D180=1D103=1X143=1D46=1D382=1D30=1X173=1D184=1D50=1D69=1D207=1I311=1D76=3I1X5=1X7=1D285=1X24=1D110=1X2=2I40=1I99=1D14=1D450=1X3=1X2=1D142=1D6=1I1021=1D69=1D30=1I37=1I273=1D43=1D474=1D191=1D37=1D387=1D164=1D119=1D247=1D652=1X40=2D758=1D115=1I357=1D116=1D106=1D248=1D188=1D275=1D494=1I237=1D142=1D80=1D18=1D116=1D54=1D59=1D167=1I41=1D37=1I42=1D171=1I45=1D45=	chr2	-6.09006495731979	-6.33590429085791	-6.6378855988898	-5.85342941996928	-6.01856338108229	-6.23672175617947	-6.20648768056211	56	NA	0.63	-5.85342941996928,4	-6.20648768056211,2	0.353058	0.353058	103906494	-	103909865	103920424	GC_36	y	chr2B	150248535	103909175
m84108_241122_112240_s1/145687287/ccs	ptg000005l	74380798	74380905	74380908	13	1	ATTGGTAGCCAGTA	TCCAAGGATTGTCG	TCCAATGATTGTCG	OOOooXOooOOOOO	2	4896	74376114,74376393,74377473,74377648,74380798,74380905,74380908,74381529,74383269,74383466,74383590,74384332,74384820,74385573	-	10192	103=1I13=1X278=1X93=1I300=1D20=2D1X662=1X174=1X87=1D38=1D178=1D496=1D16=1D556=1D142=1D243=2X158=1X126=1I304=1D110=1D159=1D437=1D85=1X2=1I89=1D17=1X365=1D254=1X251=1D637=1D210=1I139=1X113=1I108=1D32=1D113=1D130=1X2=1I181=1D12=1X123=1X145=1D72=1D150=1D228=1I94=1I49=1X158=1I189=1X72=1I7=1X59=1X235=1I30=1D22=2I19=3I167=2X65=1D146=1D63=1X55=1I104=1D18=1I397=1I50=	chr3	34.1764481003546	33.4507872345689	33.6724760231019	33.3263953522085	32.4355473075887	32.2778501606322	30.9970119549531	190	NA	-	34.1764481003546,1	32.2778501606322,1	1.8986	1.8986	98136047	-	98140946	98146239	GC_11	y	chr3	215253457	98140836
m84108_241122_112240_s1/143461038/ccs	ptg000035l	62962676	62962867	62962881	57	1	GCTGGCGTATATATCGCTCATACCCCAAGAGAGAAGGGTGGGTCGTAGGGTGTCAGAC	ATCCATACGAGCTCTCACTGAGGGAGGCCTCGAGCAACCAAACTACCACAGACAGAGT	ACCCATACGAGCTCTCACTGAGGGAGGCCTCGAGCAACCAAACTACCACAGACAGAGT	OXOOOOOOOOOOOOOOOOOOOOOOOOOOOOOOOOOOOOOOOOOOOOOOOOOOOOOOOO	2	342	62962676,62962867,62962881,62962940,62963248,62963262,62963493,62963686,62963715,62963828,62963837,62964837,62964970,62965056,62965299,62965377,62965444,62965695,62965706,62965791,62965815,62965993,62966348,62966551,62966584,62967169,62967594,62968093,62968504,62968596,62969158,62969791,62969792,62969983,62970048,62970570,62970598,62970832,62970874,62970875,62970964,62971009,62971730,62971746,62972069,62972073,62973141,62973226,62973373,62973615,62973804,62974419,62974529,62974714,62974916,62975179,62975373,62975641	+	14317	151=1X204=1X58=1X307=1X13=1X230=1X192=1X28=1X112=1X8=1X422=1I577=1X132=1X85=1X242=1X77=1X66=1X45=1X204=1X10=1X84=1X23=1X177=1X354=1X202=1X32=1X584=1X424=1X498=1X16=3I394=1X91=1X561=1X632=2X99=1D90=1X64=1X77=1I444=1X27=1X233=1X41=2X88=1X44=1X126=1I594=1X15=1X322=1X3=1X1067=1X84=1X146=1X241=1X188=1X275=1D338=1X109=1X184=1X201=1X262=1X193=1X267=1X1196=	chr3	21.7817581350337	21.8654850116103	21.590505369789	21.8842461444022	22.4718776133447	20.9087424527128	20.9586025917168	112	NA	0.75	22.4718776133447,5	20.9586025917168,2	1.51328	1.51328	139064403	-	139078392	139078720	GC_9	y	chr3	215253457	139078187
m84108_241122_112240_s1/151720541/ccs	ptg000035l	40862213	40862241	40863113	1	32	ACATTTCAATGTACGCTAACTTAGGAAAGTGAG	GTGACATGGCAGGTATCGGGCCGAAGGGACAGA	ACATTTTAATGTACGCTAACTTAGGAAAGTGAG	XXXXXXOXXXXXXXXXXXXXXXXXXXXXXXXXX	2	2238	40860583,40860707,40860921,40861089,40861582,40862213,40862241,40863113,40863202,40863951,40864054,40864474,40864743,40865237,40865710,40865830,40866448,40866482,40866536,40866596,40866634,40866811,40866838,40867022,40868336,40868764,40868857,40868940,40868963,40870092,40870828,40870987,40871040	+	11474	2238=1X9235=	chr3	26.5357550747185	27.8852527223839	27.8524468383469	28.4382717608779	27.7421939359697	26.6500356339654	28.2563591644528	47	NA	0.75	28.4382717608779,4	28.2563591644528,2	0.181913	0.181913	161152012	-	161162120	161163486	GC_14	y	chr3	215253457	161161220
m84108_241122_112240_s1/144375921/ccs	ptg000035l	29720627	29720880	29727612	1	2	CAC	GGT	CGC	XOX	2	2030	29720627,29720880,29727612	-	14421	1405=1D625=1X4915=1D161=1D7314=	chr3	26.102961062292	28.6829432513662	29.2447471501772	28.625368271527	28.3549393851132	26.4209356999245	29.1195530514283	40	NA	0.71	29.2447471501772,3	29.1195530514283,2	0.125194	0.125194	172278579	+	172297702	172293000	GC_10	y	chr3	215253457	172290717
m84108_241122_112240_s1/239469026/ccs	ptg000242l	655935	658236	659563	1	10	ACCAGTGTGCT	GTTCACCGTGC	ACCAGTGGGCT	XXXXxXxOxXx	2	13707	648410,649070,649634,652154,652475,655031,655935,658236,659563,660589,661954	-	24236	107=1X46=1I1=1X62=1D356=1I133=1I137=1D383=1I101=1D31=1D189=1D810=1D323=1I115=1I56=1D374=1D55=1D204=1D104=1X60=1D36=1D560=1I968=1I172=2D408=1D294=1D123=1I231=2D310=1D172=1D71=1D146=1I261=1D139=2D371=1D144=1I124=1D75=1I282=1X35=1X70=2X67=2D1X24=1D18=1D338=1D159=1D459=1D391=1D17=1D296=1D242=1D79=1D322=1X86=1D1306=2D174=1D70=1D258=1I56=1D155=1I347=1D16=1D111=1D54=1X241=1D397=2D176=2D41=1D247=1I226=1I193=1D207=1D127=1D297=1I94=1D57=1D1083=1D352=3D1X105=1D205=1D272=1D185=1D160=1I201=1D699=1I8=1X171=1I28=1D155=1X3=1X91=1D41=1D233=2D1=1X33=1D7=1D104=1I770=1D74=1D15=1I88=1I4=6I4=1D353=2X23=1I247=1D23=1D143=1I1154=1D401=1I247=1I21=1I265=1I228=	chr3	20.3292991433898	23.4318164552922	22.7157013962693	21.7863649909619	22.1534670863899	14.3747087464085	13.3883022118324	317	NA	0.86	23.4318164552922,2	14.3747087464085,1	9.05711	9.05711	211201762	-	211216796	211225998	GC_28	y	chr3	215253457	211213168
m84108_241122_112240_s1/80940308/ccs	ptg000007l	46092840	46093249	46093253	41	1	AGTTATATGATAACATCTGTGATTAAAGGTCAGGATGTAGAG	GAGCCACGACCTTTGCGCTCCTCGGTCAACTGAAGCAATACT	GAGCCACGACCTTTGCGCTCCTCGGTCAGCTGAAGCAATACT	OOOOOOOOOOOOOOOOOOOOOOOOOOOOXOOOOOoOOOOOOO	2	9778	46084014,46084170,46084181,46084452,46084456,46084881,46085619,46086280,46087005,46087243,46087257,46087445,46087457,46087495,46087536,46087736,46087791,46088331,46088782,46089109,46089311,46089316,46089614,46090282,46090554,46090569,46091796,46092840,46093249,46093253,46093397,46093746,46093887,46093893,46094592,46095029,46095199,46095417,46096874,46097039,46097460,46097757	+	16175	550=1X155=1X10=1X270=1X3=1X424=1X737=1X660=1X724=1X83=1D153=1X13=1X187=1X11=1X37=1X40=1X199=1X54=1X539=1X450=1X326=1X28=6D167=1X4=1X297=1X254=3I413=1X271=1X14=1X267=2D600=1D356=1X1043=1X412=1X143=1X348=1X140=1X5=1X698=1X436=1X169=1X217=1X1456=1X164=1X420=1X296=1X789=1X1098=	chr4	6.53559657111102	8.36250536758606	8.02617394491213	7.73156974812745	8.21779430457454	6.96853054027854	7.88748279961581	40	NA	0.51	8.36250536758606,2	7.88748279961581,2	0.475023	0.475023	146201428	-	146207829	146217603	GC_44	y	chr4	215373162	146207416
m84108_241122_112240_s1/243733511/ccs	ptg000007l	33061185	33061576	33061793	44	1	GAGAAAGATGCCACGGGGTAAATAAAAACGCAATATTACATTCGAG	AGCGGGCGATTGGTCAAAGGTGCCCTGGGCGGGGGCCCTGCCTACA	AGCGGGCGATTGGTCAAAGGTGCCCTGGnCGGGGGCTCTGCCTACA	OOOoOoOOOOOOoOOOOOOOOOOOOOOOnOOOOoOOXOoOOOoOoO	2	16831	33044941,33045243,33045582,33045761,33046443,33046500,33046537,33047150,33047426,33048151,33048221,33048243,33048356,33049380,33050978,33051834,33052122,33052387,33052942,33054160,33054421,33054501,33054724,33054840,33056110,33056267,33056946,33057128,33057496,33057845,33059374,33060430,33060639,33061055,33061161,33061185,33061576,33061793,33061832,33061864,33061877,33062663,33062812,33063381,33063617,33063989	+	19487	169=1D51=1X301=1X280=1D57=1X178=1X331=6I9=1X340=1X56=1X36=1X371=2D239=1X275=1X414=1D122=3I63=1D12=1X110=1X69=1X21=1X112=1X153=5D18=1X846=1X963=1I634=1X93=1D370=3I391=1X287=1X40=1D223=1X319=1D234=1X32=1I130=1X2=1X2=1I108=1D940=1X260=1X79=1X222=1X115=1X351=1D234=1I167=1D515=1X28=1D53=4D70=1X62=1I244=1D17=1D353=1X13=1D55=1D111=1X355=1D11=1D1X210=1D42=1D93=1X58=1D94=1D174=1D6=1D8=1I107=1D233=1D362=1I428=1D51=1X23=1D11=1D65=1D8=1D84=1I132=1I516=1D67=1D68=1D74=1X208=1X76=1D338=1X105=1X23=1X351=1D123=2D130=1X38=1X31=1X12=1X26=1D97=1D181=1D188=1D174=1D114=1X148=1X83=1I66=1D111=1D135=1D106=1D43=1D19=1X18=1D62=1D153=1X316=1D54=1X177=1D79=	chr4	-8.62728849471878	-8.3379364449769	-8.69359512913447	-8.24464153969031	-8.70171331490078	-8.28783945873013	-8.54058911667174	61	NA	0.62	-8.24464153969031,4	-8.28783945873013,1	0.0431979	0.0431979	159171644	-	159174517	159191131	GC_30	y	chr4	215373162	159173909
m84108_241122_112240_s1/21498351/ccs	ptg000068l	464599	464696	464930	1	60	CACATAAGATGGCCTTTTAAGTTAAGTGACGGCACTGCACTCATAGGTTCAATAGGAATACC	ACTGCCTACCAATTCCGCGGCCAGCACAGTTCTGTAATGTCTGCCAACAGCGCGAACGCGTT	CACATAAGATGGCCTTTTAAGTTGAGTGACGGCACTGCACTCATAGGTTCAATnGGAATACC	xXXxxXXXXXXXXXXXxXXXXxXOxXXXXXXXxXXxXXxXXXXxXXXxXXXXxnxxXXxXxx	2	3398	461491,462627,462686,462696,462831,462859,462915,463174,463326,463392,463545,463579,463611,463647,463865,463870,464117,464261,464293,464393,464475,464544,464599,464696,464930,465063,465263,465440,465824,465871,466145,466410,466637,466832,466896,467558,467702,468035,468358,468444,468643,469663,469664,469844,470533,472784,473069,473409,473552,473740,473921,474318,474574,474781,475906,476177,476466,476796,477426,478063,478078,478155	-	16851	497=1D235=1D1398=1I201=1D68=1I18=1D621=1I214=1D6=1D137=1X85=1I135=1D239=1D450=1D111=1D279=1D17=1D18=1X22=1I113=1D215=1D151=1D383=1D105=1D127=1D563=1I333=1D71=1D7=1D102=1D485=1D67=1I14=1D342=1D219=1D366=1D111=1D83=1D137=1D622=1D1375=1D186=1I429=1D192=1D519=1D304=1D2=1X271=1D238=1D119=1D233=1I54=1D137=1D16=1D22=1D117=1D244=1I138=1X2=1D131=1I109=1D45=1I106=1I374=1D97=1D72=1D423=1D178=1D271=1D194=1D150=1D148=1D106=1D465=	chr4	-4.10964185396513	-4.30075201156121	-4.59976704966954	-4.88164156842661	-6.30820578918385	-5.41591538757045	-5.56986188665219	78	NA	0.68	-4.10964185396513,1	-5.41591538757045,1	1.30627	1.30627	192498467	-	192502099	192515318	GC_25	y	chr4	215373162	192501768
m84108_241122_112240_s1/140643087/ccs	ptg000019l	52071678	52071706	52071796	1	27	TGCGGCCGTTATCACTGTCCTCGTGATA	CCTAAAAAGCGCTGTCACTTCTAGACCG	TGCGGCCGTTATCACTGTCCCCGTGATA	XxXxXxXxXXXXXXXXXxXXOXXXXXXx	2	13665	52058462,52065047,52065204,52065241,52065285,52065403,52065454,52067804,52067918,52068483,52068539,52069764,52070069,52070394,52070706,52070922,52071390,52071497,52071538,52071678,52071706,52071796,52072008,52072217,52072455,52072770,52074467,52074745	-	17057	159=1I287=1D391=1D952=1D494=1D484=1X374=1D229=1D68=1D57=1D1078=1D686=1I104=1D350=1D239=1I499=1I232=1D98=1D217=1I672=1D1177=1I317=1D970=1D603=1I54=1I218=1D159=1I1304=1D148=1I261=1I772=1X1414=1D1413=1D564=	chr6	-0.313428461214838	0.738470506542854	0.450798872250502	0.648711275307175	0.359568909161309	-0.771295780396835	0.1410833459105	44	NA	0.57	0.738470506542854,2	0.1410833459105,2	0.597387	0.597387	68531803	-	68545558	68548860	GC_7	y	chr6	199452338	68545440
m84108_241122_112240_s1/149359002/ccs	ptg000055l	13232232	13232555	13232960	1	29	AGGTATGGCATAAATAGACATCAGATAGTT	GCACGCAATGCGGGAGCGTTCTGCGCGTGC	AGGTATGGTATAAATAGACATCAGATAGTT	XXXXXXXXOXXXXXXXXXXXXXXXXXXXXX	2	6776	13226771,13227046,13229413,13229776,13229959,13229978,13232016,13232232,13232555,13232960,13234133,13234292,13235229,13235653,13236212,13236213,13236835,13236890,13237207,13238546,13238673,13238755,13238783,13238784,13239409,13239705,13240953,13241485,13241901,13242268	-	16615	5218=1I1557=1X318=1I4659=1D1042=1D447=1I1091=1I2278=	chr6	8.54528141559114	9.48925466279455	9.411759196868	9.56983916223367	9.44307692641896	8.34411530231985	7.96168012245127	72	NA	0.77	9.56983916223367,4	8.34411530231985,1	1.22572	1.22572	170021212	-	170028393	170037827	GC_13	y	chr6	199452338	170027665
m84108_241122_112240_s1/43255998/ccs	ptg000075l	22922255	22925211	22931028	8	5	AATGCAGGCGCCT	GGGATGTATCTGC	GGTGCAGATCTGC	oOXXXXXOOOOoO	2	4308	22921331,22922255,22925211,22925212,22925215,22925217,22925219,22931028,22932015,22932708,22935526,22940585,22942372	-	26816	438=1X57=1D54=1I192=1D348=1I270=1X651=1I56=1I470=1I141=1D45=1D51=1I170=1X130=1D723=1D313=1D14=1D101=1D55=7D51=4I98=1D819=1X1=1I401=1D780=1I183=1I121=1D757=1D152=1D64=1I78=1D479=1D343=1X203=1I89=1D638=1I157=1I413=1X25=1X23=1I598=2I137=1I202=1X692=1X190=1D98=1D379=1I7=1D106=1I1080=1D148=1D55=1D58=1D360=1D328=1X225=1D268=1D226=1I348=1I103=1D54=1I84=1D1122=1I126=5I137=1D114=1D182=1D66=1D934=1X11=1D132=1D902=1I13=1X218=1D355=1D114=1D55=1D71=1D356=8D411=1D72=1I62=1D57=1X188=1D36=1D16=1D1043=1D47=1I614=1I132=2I485=1D101=1D374=1D805=1X678=1I784=1D50=	chr7	-0.111641696287805	1.2230964410142	1.29873975952832	1.02870172419531	0.340084485246503	0.355079117179069	0.66210322701052	89	NA	0.64	1.29873975952832,3	0.66210322701052,2	0.636637	0.636637	40698864	+	40727189	40725680	GC_35	y	chr7	170803427	40718416
m84108_241122_112240_s1/164366797/ccs	ptg000054l	14977406	14977667	14977693	2	16	TGGGAAAGCCCCACGTAA	CCATGGTTTTTTGGACTG	TGGGAAAGCCCTGCGTAA	XXXXXXXXXXXOOXXXXX	2	10040	14968227,14968350,14970267,14972518,14973643,14974269,14974310,14976029,14976364,14976745,14977406,14977667,14977668,14977693,14977719,14977808,14978172,14978776	+	14553	4370=1D5670=2X4511=	chr7	17.9929515401494	18.749159032911	18.7572338715409	19.5338492605078	19.0729419967759	-1.94361054383941	-3.43368198547644	52	NA	0.66	19.5338492605078,4	-1.94361054383941,1	21.4775	21.4775	104904145	+	104914211	104918698	GC_18	y	chr7	170803427	104913924
m84108_241122_112240_s1/250679029/ccs	ptg000054l	65916908	65917224	65917998	51	1	CGGCCGATAGATGTACTTCTAGATTGGGCCGCGAGACAACGAAGTTCTAGTA	TACGTAGCGAGCAAGTCCTCGAGCCTAAATAGAGCGTGGTAGGTCGACGCAC	TACGTAGCGAGCAAGTCCTCGAGCCTAAATAGAACGTGGTAGGTCGACGCAC	OOOOOOOOOOOOOOOOOoOOOOOOOOOOOOOOOXOOOoOOOOOOOOOOOOOO	2	13464	65903842,65904216,65904368,65904622,65904732,65904773,65904949,65905106,65906331,65906425,65907106,65908148,65908412,65908713,65909130,65909157,65909613,65909623,65909897,65910105,65910284,65911113,65911543,65912678,65912972,65913240,65913515,65913646,65914016,65915237,65916263,65916742,65916908,65917224,65917998,65918159,65918884,65918885,65919620,65919633,65919644,65919881,65920231,65920722,65920761,65920951,65921740,65921768,65922029,65922086,65922168,65922446	+	18814	80=1X239=1D133=1X68=1I83=1X253=1X109=1X40=1X175=1X156=1X1008=1D215=1X93=1X680=1X176=1X7=2D258=1D84=1X489=1D21=1X263=1X36=3I85=4I179=1X416=1X26=1X102=2D188=1X162=1X9=1X273=1X207=1X29=4D45=4I100=1X515=1D312=1X228=1D200=1X1134=1X293=1X60=2D205=1X274=1X130=1X38=1D330=1X16=1I466=1D602=5I135=1X1025=1X478=1X82=4I34=1D48=1X197=1D891=1X160=1X528=5D191=2X612=1I122=1X12=1X10=1X236=1X23=1D325=1X490=1X38=1X189=1X788=1X27=1X260=1X56=1X81=1X277=1X119=1I12=	chr7	14.7066395860825	18.8097295575557	18.9844132634905	19.0083163576292	18.2626870073753	14.8541246073769	18.5256250040396	105	NA	0.84	19.0083163576292,4	18.5256250040396,2	0.482691	0.482691	155798981	+	155813219	155817795	GC_31	y	chr7	170803427	155812129
m84108_241122_112240_s1/141496442/ccs	ptg000030l	11606965	11607109	11607339	1	54	GTCAAAAGGCTTGAGAGCAGTGACAGGGCTACGCGGCGATAGTTCCACAGTTGAC	AGTGTGGACTACAGACATTACAGGCCAATGGTAGATTATCGAGCATGAGACAAGT	GTCAAAAGGCTTGAGAGCAGTGACAGGGCTACGCGGCGATAGTTACACAGTTGAC	XXXXXXxXXXXXXXXXXXXXXxXXXXXXXXXXXXXXxXXXXXXXOxXXxXXXXXX	2	10222	11597143,11598267,11598356,11599205,11601318,11601531,11601604,11601826,11602015,11602038,11602085,11602293,11602294,11602580,11602876,11602883,11602939,11602952,11603020,11603317,11603357,11603412,11603483,11603522,11603546,11603769,11604174,11604293,11604458,11604535,11604592,11605092,11605197,11605298,11605325,11605627,11606308,11606512,11606680,11606689,11606734,11606827,11606915,11606965,11607109,11607339,11607515,11607541,11607901,11608576,11608836,11608855,11609546,11610199,11610416	+	13726	1035=1I133=1I206=1I363=1I409=1I644=1I58=1I705=1I183=1I332=1I180=1I451=1I127=1I47=1I29=1I185=1I1345=1D524=1I17=1I262=1I612=1I218=1I620=1I1053=1I402=1I39=1I18=1X793=1I170=1I212=1D198=1I1140=1I501=1I484=	chr8	1.20541010701741	0.0852578150619185	0.0944592321388984	0.484822256185465	0.974445650539536	0.393798376040156	-0.687055578050761	46	NA	0.64	1.20541010701741,1	0.393798376040156,1	0.811612	0.811612	51805641	-	51809375	51819367	GC_8	y	chr8	158533252	51809001
m84108_241122_112240_s1/136714084/ccs	ptg000030l	10959830	10960117	10961140	1	18	TCGCATCGCCTAAGCATTG	CTATGCTAGTCCGATGGGT	TCACATCGCCTAAGCATTG	XXOXXXXXXXXXXXXXXXX	2	1442	10958916,10959830,10960117,10961140,10962448,10962996,10963172,10964098,10964721,10964844,10965217,10965528,10966899,10967488,10967588,10967923,10967941,10968053,10975171	+	18691	608=1I833=1X4932=1I4768=1D221=1I3982=1D3014=1D329=	chr8	227.390536235796	232.806554895511	232.685195904194	232.672396105347	231.008136746859	217.031135477761	222.154982639796	186	NA	0.87	232.806554895511,2	222.154982639796,2	10.6516	10.6516	52433074	-	52451346	52451765	GC_5	y	chr8	158533252	52450036
m84108_241122_112240_s1/25367485/ccs	ptg000030l	5610801	5611693	5611862	31	1	AGAGCCCACCAAAGGCCCCCAAGGACCTCGAC	GAGATTTCTGGGGAATTTATGCAAGTGCTTCT	GAAATTTCTGGGGAATTTATGCAAGTGCTTCT	OOXOOOOOOOOOOOOOoOOOOOOOOOOOOOOO	2	7574	5607422,5610801,5611693,5611862,5611882,5612157,5612240,5612572,5613064,5613218,5613239,5614084,5614179,5614305,5614772,5615402,5616276,5616311,5616375,5616542,5616563,5616713,5616814,5616945,5616987,5617116,5617188,5617376,5617403,5617460,5617565,5617845	-	13790	893=1D2411=1X483=1D1700=1D307=1I886=1X1060=1X19=1X75=1D26=1D171=1X82=1X202=1X128=1X491=1X153=1X20=1X400=1D443=1X94=1X125=1X65=1D368=1X31=1X629=1X702=1D170=1X34=1X63=1X166=1X20=1X149=1X100=1X130=1X41=1X128=1X71=1X12=1D88=1X3=2D80=1X26=1X56=1X104=1X279=1X57=1I13=	chr8	0.22383401112431	1.83314863418867	2.0357394786362	1.81683747377406	1.51953937982973	-0.205265626230956	1.27501482163948	51	NA	0.68	2.0357394786362,3	1.27501482163948,2	0.760725	0.760725	57777973	+	57784358	57791763	GC_32	y	chr8	158533252	57783297
m84108_241122_112240_s1/93126776/ccs	ptg000004l	25984263	25984265	25984718	34	1	TTAGTCTTACTTTACGCCATTTGTGCGGGGCTCCT	CCCACAAGGTAACGGAGGGACCAGATCTAAGCTTC	CCCACAAGGTATCGGAGGGACCAGATCTAAGCTTC	OOoOOOOoOOOXoooOOooOOOOoOOOOOoOOOOO	2	2800	25981948,25982085,25982444,25982769,25983197,25983614,25983621,25983852,25984038,25984206,25984263,25984265,25984718,25985594,25986719,25987416,25987589,25987793,25987856,25988141,25988201,25988242,25989889,25989942,25990345,25991122,25991933,25992104,25992751,25993050,25993338,25994103,25994247,25995112,25995608	+	14168	101=1I183=1D195=1X136=1X147=1D45=1I165=1X31=1D107=1I169=1I16=1X427=1X416=1X6=1X228=1I2=1X185=1X94=1I73=1X56=1X454=1X875=1X651=1I456=1I17=1X530=4D162=1X127=2I1X44=1X203=1X62=1X106=1D128=1D48=1X59=1X40=1X220=1D209=1D279=1I285=1I107=1I544=1X52=1X402=1X230=1I85=1D137=1I64=1D210=1I30=1D17=1X76=1D301=1D27=1I196=1I109=1D98=1X54=1D24=1D90=1X68=1D134=1D34=1D100=1D239=1D66=1X49=1D240=1D7=1X28=1I69=1D88=1I101=1X140=1D53=1D142=1D136=1D289=1X36=1D106=1X153=1I145=1I145=1I88=1I99=1I234=1X35=1D42=1I38=1I40=2I75=1X67=1I196=1X30=	chr9	5.52531960587074	6.36460924125252	6.5012625680478	6.48069446466642	6.16791986151267	5.63486903291176	4.39357983373233	63	NA	0.62	6.5012625680478,3	5.63486903291176,1	0.866394	0.866394	83390433	-	83402254	83404601	GC_47	y	chr9	134695396	83401799
m84108_241122_112240_s1/156502837/ccs	ptg000043l	21475076	21475147	21476317	41	1	ATTGCCTGCTTGCGTTCCCGTGACCGGACGGTGGCTAGGTTT	GCCATTCATCCATACATTTACATGTAAGTAACAATCGCACGC	GCCACTCATCCATACATTTACATGTAAGTAACAATCGCACGC	oOOOXOOOOoooOOOoOOOOOoOOOOOOOOOOoOoooOoooO	2	2305	21473169,21473943,21474489,21475076,21475147,21476317,21476780,21477862,21478529,21479034,21479348,21479463,21479870,21480223,21480441,21480505,21481261,21481385,21481536,21482350,21483579,21483803,21484594,21484944,21486112,21486406,21488335,21488982,21489493,21490283,21490500,21491026,21491219,21491340,21491767,21492232,21493506,21493537,21493836,21493989,21494055,21494373	-	21965	329=1X219=1D553=1X279=1D265=1X586=1X1240=1X462=1X1059=1D21=1X285=1D107=1I273=1X328=1I176=1X226=1D86=1X5=1D108=1X17=1I389=1X168=1D183=1X217=1X63=1X7=1I587=5D156=1X123=1X150=1X101=1D711=1X421=1D237=1D15=1D207=1I345=1X223=1X7=1D184=1D101=1I34=1X372=1D55=1X1=1D30=1X349=1X368=1D306=1D327=1D163=1X293=1X1272=1D335=1I25=1I232=1D38=1I24=1X220=1D372=1D52=1X352=1X157=1X332=1I164=1D5X287=1X26=1I190=1X112=1D215=2D182=1I13=1X85=1I107=1X120=1X69=1I180=1X148=1D27=1X183=1D145=1I130=1X4=1X35=1D525=1D125=1D104=1I27=1D157=5D291=1X30=1X298=1X56=1I5=1D30=1I60=1X65=1X272=1D44=1X11=1D22=1D25=1D43=1D63=1D183=1D39=1D71=	chr10	15.9186631790292	13.9131656561538	14.4877540334188	14.2409717460973	14.0625175832567	10.622064539592	12.5420121816247	245	NA	0.84	15.9186631790292,1	12.5420121816247,2	3.37665	3.37665	30975052	-	30978527	30997017	GC_16	y	chr10	150804130	30977286
m84108_241122_112240_s1/9896842/ccs	ptg000028l	47883922	47884947	47885386	1	21	CGGCTCTCTTTGCACTCGAATT	TACGGTGTCCGAAGTCTTGGCC	CGGCTCTCTTTGAACTCGAATT	xxxXXxxXXxXXOXxxxXxXxx	2	8219	47877154,47877198,47877774,47878642,47878960,47879321,47879417,47879918,47881659,47882724,47883044,47883922,47884947,47885386,47885548,47885576,47886529,47888919,47889118,47889224,47889752,47890329	-	13998	213=1X95=1D16=1D21=1X29=1D7=1I26=1D4=1D35=1X212=1I45=1X154=1I28=1D185=1D8=1I128=1X58=1I58=1D77=1D61=1D36=1I45=1X5=1D77=1D12=1D134=1D504=1D11=1I283=1D23=1I136=1I179=1I998=1D179=1I106=1D36=1D618=1D441=1I473=1D57=1D130=1I34=1D80=1D452=1I254=1D98=1I58=2I44=1D50=1D46=1I71=1D60=1I159=1D203=1D29=1I7=1I112=1D112=1I221=1D24=1D134=1X103=1D131=1D366=1D186=1D76=1D118=1D132=1I658=1D40=1D94=1D253=1D200=1D180=1D286=1D88=1D163=1D112=1I85=1D124=1D27=1D49=2D113=1I117=1I138=1D54=1D36=1D97=1X26=1I380=1D89=1I242=1D174=1D133=1I248=1I324=1D127=	chr10	78.0247181591198	72.6667639025394	73.9981994614985	72.6721257210759	72.1542965628405	67.1518954546958	73.0533994446484	298	NA	-	78.0247181591198,1	73.0533994446484,2	4.97132	4.97132	83742881	+	83749099	83756879	GC_48	y	chr10	150804130	83747635
m84108_241122_112240_s1/1248046/ccs	ptg000103l	22186981	22188240	22188640	36	1	GGGATTCCCGAAGCGTTCTTTTATATAAAGCACACCGC	ATAGCCGGTTGGATAGCTCACCGGCCGTGTTCTGTTAG	ATAGCCGGTTnGATAGCTCTCCGGCCGTGTTCTGTTAG	OoOOooOOOOnOOOOOOOOXOOOOOoOOOOOOoOOOoO	2	7185	22181635,22182149,22183076,22183305,22183768,22183783,22183787,22184141,22184243,22184359,22184440,22184588,22184876,22185593,22186043,22186452,22186503,22186979,22186981,22188240,22188640,22188934,22189371,22189638,22189936,22190584,22190637,22190873,22192223,22192715,22192882,22192960,22193770,22193847,22194359,22194527,22195190,22197850	+	17200	90=1D69=2I77=1D25=1D313=1X21=1D272=1I219=1X178=1D288=1D458=1X14=1D213=1X462=1X14=1X3=1X283=1D69=1X101=1X115=1X80=1D147=1X287=1X716=1X190=1D8=1D249=1X408=1X50=1X475=1X1=1X343=12I122=1X780=1D130=1I244=1X1=7D28=1X137=1D155=1X436=1X154=1X50=1X19=1D40=1X260=1D36=1X233=1D339=1D73=1X52=1X104=1D57=1D72=1X23=1D94=1D71=1D192=1D20=1X194=1D56=1D368=1I324=1X456=1D34=1X35=1D130=1X77=1X16=1D75=1D138=1D140=1I284=4D26=5I123=1X76=1X70=1D440=1X167=1X252=2D224=1D183=1X37=1D918=1I516=1D150=1D106=1D910=1D17=1X433=	chr11	9.25846012477321	8.19150804623793	7.95247045836407	7.78747056692548	9.31552302032554	-14.3627506070395	-20.3275178792456	76	NA	0.63	9.31552302032554,5	-14.3627506070395,1	23.6783	23.6783	31786159	+	31793744	31803359	GC_3	y	chr11	147876701	31792085
m84108_241122_112240_s1/236323982/ccs	ptg000010l	9810210	9810295	9810558	62	1	TGCTCTTTTTAGTAAACACTTAACCGAACCTAAGCGGCTTAGTTTCAGCGGGCTGACATCGGT	GATCTGCCCCGAAGGGAGTCCCCTTAGGTTCGGCTTATCCCCCCCGTCTAAATCCGTGCTCAC	GATCTGCCCCGAAGGGAGTCCCCTTAGGTTCGGCCTATCCCCCCCGTCTAAATCCGTGCTCAC	oOOOOOOoooOOoOOOOOOOOOOOOOOoOOOOOOXOOOOOOoOoOOOOOOOOOoOOOOOOOOO	2	11332	9799302,9800899,9800942,9801689,9801858,9801866,9801921,9801960,9802121,9802316,9802514,9802532,9802951,9803304,9803766,9804978,9805237,9805738,9806234,9806967,9807089,9807497,9807768,9807917,9808561,9809021,9809555,9809611,9809650,9809678,9809685,9809754,9809824,9810210,9810295,9810558,9810875,9811456,9811520,9811929,9813661,9814823,9814875,9815039,9815258,9815820,9815836,9815907,9816030,9816399,9816516,9816767,9816778,9816809,9816906,9817055,9817177,9817922,9818860,9818861,9820397,9820951,9821017	-	22317	189=1X139=1X41=1I130=1I165=2I227=1I494=1D164=1D346=1D26=1X42=1X430=1I316=1X50=1I14=1X103=1X7=1X54=1X38=1X160=1X65=1I129=1X197=1X17=1X418=1X352=1X277=9I184=1X857=1D68=1D284=1X116=1D141=1X500=1X108=1D245=1X140=1X436=1I61=1D234=1X121=1X162=1D244=1X63=1X206=1X148=1X643=1X289=1X153=1D15=1X163=1D278=2I91=1X55=1X38=1X27=1X6=1X68=1X69=1X157=1I228=1X161=3D62=1D120=1X199=1I117=1X307=1X166=1X18=4I3=1X83=1X63=1X146=1D261=1X89=2I288=4D792=6D177=4I38=1X70=1D126=5I48=1D90=1X291=1D308=1I561=1X51=1X163=1X218=1X286=1I275=1X15=1X70=1X122=1X116=1D251=1X116=1X250=1X10=1X30=1X96=1X148=1X37=1X22=1D60=1X179=1I565=1X795=3D139=2X1535=1X553=1X65=1X266=	chr11	30.3937205347145	36.7302830300069	36.5615360435271	35.2042577671387	34.4622198601734	28.1674217203525	19.8569860027314	266	NA	0.75	36.7302830300069,2	28.1674217203525,1	8.56286	8.56286	133353913	+	133365161	133376230	GC_49	y	chr11	147876701	133364813
m84108_241122_112240_s1/76551583/ccs	ptg000010l	1798581	1799587	1799797	41	1	AAGGCGCCAGTTTCCACCCCAGAGTTGGTATATCTCTTGGAG	GGACGAGTGACAAGTGTTATGAGAACACCGCGCTCTGCCAGA	GGACGAGTGACAAGTGTTATGAAAACACCGCGCTCTGCCAGA	OOOOoooooOOOOOOOOOOOOOXOOOOOOOOOOOOOOOOOOO	2	5966	1793665,1794437,1794907,1795839,1796341,1796413,1796516,1796725,1796729,1796836,1796851,1797305,1797341,1797606,1797722,1797901,1798116,1798378,1798413,1798548,1798565,1798581,1799587,1799797,1799831,1800181,1800462,1800489,1802890,1802976,1803178,1803343,1803676,1804243,1804382,1804423,1804506,1805199,1805577,1805592,1806367,1806455	+	12903	23=1X85=3I686=1X469=1X931=1X154=1I347=1X71=1X41=1X28=15I32=1X208=1X3=1X106=1X14=1X453=1X35=1X264=1X115=1X31=2I147=1X214=1X261=1X34=1X105=1X10=1D17=1X16=1X15=1X120=1I1095=1X33=1X349=1X280=1X26=1X2400=1X85=1X51=1I150=1X164=1X141=1I191=1X566=1X138=1X40=1X82=1X692=1X377=1X14=1X774=1X87=1X66=	chr11	24.1523362368765	23.7623810639697	23.9349787886359	23.5113472348264	24.5111862236593	20.4720102267613	20.5654768182365	84	NA	0.72	24.5111862236593,5	20.5654768182365,2	3.94571	3.94571	141361781	-	141368928	141374684	GC_41	y	chr11	147876701	141367712
m84108_241122_112240_s1/236651414/ccs	ptg000011l	30189732	30190199	30190438	1	51	CCTTCCGGATGATTATCTTTATCTGAATAGTGGATCGATACGTTCCCAGATA	TTCATTAAGCAGCGGCTCACGCTGATGCGTGAAGGTATGGAACCATTGAGCG	CCTTCCGGATGATTATCTTTATCTGAATAGTGGATCGAGACGTTCCCAGATA	XXXXXXXXXXXXXXXXXXXXXXXXXXXXXXXXXXXXXXOXxXXXXXXXXXXX	2	13694	30176926,30177160,30178067,30178223,30178441,30179101,30179195,30179833,30179836,30180245,30180460,30180895,30181323,30181748,30181910,30182740,30182753,30183099,30183156,30183682,30184688,30184895,30184985,30185077,30185282,30185603,30185860,30186365,30187081,30187183,30187214,30187218,30187358,30187756,30188611,30189130,30189577,30189732,30190199,30190438,30190645,30190759,30190901,30191123,30192323,30193146,30193222,30193396,30193497,30193622,30194005,30194057	+	17718	2722=1D1760=1I4657=1D851=1D1327=1I2375=1X448=1D3575=	chr12	12.9380663570856	15.75877212565	15.6688795722614	15.5725108860257	15.840983376021	11.6813162126913	12.9640377114319	62	NA	0.7	15.840983376021,5	12.9640377114319,2	2.87695	2.87695	94467228	+	94481161	94484946	GC_27	y	chr12	154228409	94480455
m84108_241122_112240_s1/243008635/ccs	ptg000011l	72247067	72247141	72247183	54	1	GCTTCTACTTGCCCATCCTGCTTACGATTTAAAGACCGCATCTCCCTGAGCGGGA	ATGCACGTCGATTTGCTTCCTACGATCCCCGGGAGTTAAGCTCTTTCAGATCAAG	ATGCACGTCGATCTGCTTCCTACGATCCCCGGGAGTTAAGCTCTTTCAGATCAAG	OOOOOOoooooOXOOOOOOOOOOOOOOOOOOOOOOOOOOoOOOOOOooOOoOoOO	2	2653	72245517,72245531,72245653,72245658,72245809,72245904,72246177,72246193,72246199,72246201,72246326,72247067,72247141,72247183,72247277,72247693,72247940,72248397,72249225,72249919,72250313,72250524,72250759,72250930,72251262,72251895,72251896,72251902,72252019,72252150,72252841,72252850,72252880,72252996,72253036,72253086,72253096,72253219,72253533,72253992,72255277,72255759,72256017,72256290,72256556,72256602,72256708,72256734,72257124,72257360,72257767,72257827,72258720,72258926,72258944	+	14549	645=3I228=1I170=1X13=1X92=1D28=1X4=1X150=1X94=1X272=1X7=1D7=1X5=1X1=1X60=15D49=1X73=2I207=1D117=1D135=1D205=1X115=1X93=1X67=3D219=1I126=1X149=4D93=1X17=1X12=1X213=1I212=1X827=1X693=1X393=1X210=1X55=1X178=1X170=1X122=1X5=1I43=2I44=1X4=1X6=4D100=1X83=5I549=2X5=1X116=1X107=1I23=1X184=1D238=2X8=1X57=1D11=1D186=1X8=1X29=1X115=1X39=1X49=1X9=1X100=1D21=1X313=1X281=1D176=1X179=1D285=1I85=1D352=1D380=1X210=1D270=1X257=1X53=3I219=1X265=1X45=1X105=1X15=1D9=1X20=1I111=1D225=1D31=1X173=1D61=1X396=1D9=1X59=1X142=1D223=1D430=1D88=1D5=1X205=1X17=1X105=	chr12	33.0999688708537	34.9334779022371	34.5285350173925	34.9061188665798	34.206646736023	33.4163289550623	34.3011094759679	130	NA	0.81	34.9334779022371,2	34.3011094759679,2	0.632368	0.632368	136494263	+	136496958	136508812	GC_29	y	chr12	154228409	136496842
m84108_241122_112240_s1/195494674/ccs	ptg000086l	3415887	3416294	3416316	1	40	AGACACATCTTGCCAAAGTGGTCGTAAACGAGTTCACTTCT	GAGTTTTCTCGTTTGCGAGAACTACGGGTTGACAAGTCATC	AGATACATCTTGCCAAAGTGGTCGTAAACGAGTTCACTTCT	XXXOXXXXXXXXXXXXxXXXXXXXXXXxXXXXXXXXXXXXX	2	711	3415718,3415829,3415887,3416294,3416316,3416468,3416858,3416948,3417157,3417650,3418937,3419646,3420163,3420355,3420445,3420786,3421028,3421679,3421779,3421950,3421974,3422015,3422188,3422194,3422235,3422706,3423627,3423707,3424408,3424420,3424464,3424875,3427258,3427357,3427516,3428070,3428587,3429388,3429435,3430378,3430450	-	16128	711=1X4607=4I135=1D10621=1X48=	chr16	21.114157506183	24.7403045313281	24.4467590132912	24.1757437956801	23.3459602734571	20.8360073495365	22.1209610436781	73	NA	0.71	24.7403045313281,2	22.1209610436781,2	2.61934	2.61934	81540302	+	81555741	81556430	GC_23	y	chr16	131347499	81555312
m84108_241122_112240_s1/69081016/ccs	ptg000002l	53211342	53211375	53211499	1	65	GCTCCAAGCTAAACTCCTGACATTAACGTTCCGTGGAGGGGATGAAACATCTCCCGCGTAGGACTG	ATCTTGGATCGGGTCTTCAGAGCCGGTTCCGTACCACAATATATCCGTGGTATTTTTTCCTACACA	GCTCCAAGCTAAACTCCTGAAATTAACGTTCCGTGGAGGGGATGAAACATCTCCCGCGTAGGACTG	XXXXXXXXXXXXXxxXXXXXOXXXXXXXXXXxXXXXXXXXXXXXXXXXXXXXxxXXXXXXXXXXXX	2	7725	53203657,53203767,53204118,53204238,53204554,53205284,53205726,53205952,53206113,53206137,53206310,53206538,53207538,53207551,53208958,53209432,53210911,53211043,53211088,53211342,53211375,53211499,53213676,53214741,53214843,53214904,53215255,53215380,53215454,53216070,53216233,53216355,53216451,53216513,53216934,53216960,53217041,53217042,53217078,53217085,53217483,53217527,53217628,53217707,53217741,53217946,53217994,53218005,53218125,53218158,53218417,53218853,53219455,53219643,53219765,53219998,53220401,53220438,53220894,53220985,53221296,53221614,53221720,53221727,53222049,53222340	-	19200	893=1D3904=1D516=1I1135=1I1275=1X193=1I179=1I617=1I1195=1D4051=1I1455=1I1272=1D1988=1I202=1I315=	chr18	17.9837561582556	22.3396070959683	22.1187213503282	22.4089569824114	21.4658700860781	14.3314156076439	17.8760855398777	96	NA	0.66	22.4089569824114,4	17.8760855398777,2	4.53287	4.53287	86612467	-	86620316	86631667	GC_39	y	chr18	116054869	86620159
m84108_241122_112240_s1/65015603/ccs	ptg000152l	8649451	8649464	8649481	1	71	CTAGAAGTAGCGAAAAGTGTTAAAGAGGAAAGCGAACGGCACCATGCTATAGTATTGGACGGAACAGACCGCA	TCGAGGACGATAGTGCAAAAGGGGAGAACGGCTTCGTAATGTTGCTTGGCGAATCCAAGGAAGGTGAGTTAAG	CnAGAAGTAGCGAAAAGTGTTAAAGAGGAAAGCGAACGGCACCATGCGATAGTATTGGACGGAACAGACCGCA	xnXxxXXXxXxXXXXXxXXxXxxxxXXXXXXXXXXXXXxXXXXxXXxOxxXxXxXXXxXxXXxXXXxXXXxxX	2	12341	8637407,8638016,8638246,8638345,8639203,8639636,8639738,8639874,8639918,8640203,8641100,8641319,8641494,8642456,8642998,8643136,8643407,8643853,8644069,8644712,8644875,8645001,8645213,8645347,8645504,8645658,8646598,8646629,8646705,8646775,8646779,8646822,8647028,8647052,8647053,8647072,8647320,8647448,8647761,8648197,8648929,8648949,8649082,8649094,8649201,8649436,8649451,8649464,8649481,8649658,8650271,8650423,8650593,8650759,8650765,8651001,8651073,8651159,8651170,8651394,8651872,8651902,8652166,8652512,8652598,8652655,8652847,8653037,8654265,8654273,8654290,8654711,8656386	+	19888	139=1D240=1I271=1I168=1D109=1I6=1X1=1X111=1D124=1X53=1D53=1D317=1I75=1D169=1D40=1D483=1D123=1D81=1D133=1D172=1D125=1D334=1D62=1D166=2D60=1I380=1D254=1I197=2X328=1D37=1I642=1I590=1D226=1D601=1I646=2D90=1D49=1D140=1D188=1D141=1D77=1D20=1D246=1D16=1D196=1I44=1D76=1D122=1D24=1D796=1D54=1D419=1D143=1D7=1D204=1D421=1D535=1D155=1X250=1I28=1D367=1X120=1D301=1X66=1D45=1X163=1D48=1D168=1D64=1I738=1X185=1D13=1D37=1I873=1D264=1D9=1D125=1D68=1I357=1D18=1D73=1D51=1D245=1D444=2I2=1X358=1I601=1D283=1I220=1D193=1D747=1D47=1D249=1D360=	chr21	-5.94965660717843	-4.70096662127988	-4.85904242894471	-4.68432863929058	-4.99382714840031	-6.91292177792401	-5.17705783376964	100	NA	0.68	-4.68432863929058,4	-5.17705783376964,2	0.492729	0.492729	37593473	-	37601037	37613361	GC_38	y	chr21	59507314	37601007
