read_name	contig	previous_snp	jump_snp	next_snp	count_haplotype_one	count_haplotype_two	ref_bases	alt_bases	read_bases	haplotype_string	number_of_jumps	jump_snp_pos_in_read	snp_pos_in_read	strand	read_length	cigar_string	chr	Sperm_PrimarySpermatocytes_Reads.methyC.UmethyC	Sperm_UndiffSpermatogonia_Reads.methyC.UmethyC	Sperm_DiffSpermatogonia_Reads.methyC.UmethyC	Sperm_spermatids_Reads.methyC.UmethyC	Sperm_Mature_Reads.methyC.UmethyC	blood_cpg_data	neuron_cpg_data	CpGs_onRead	badCpGs_onRead	refCpGOvl_perc	max_ind	germ_basedOnMaxLLInd	LL_maxGerm_minus_maxNonGerm	chromosome_start	ref_strand	right_jump_snp_ref	chromosome_end	boundary_event	Approved	chromosome	chromosome_length	left_jump_snp_ref	right_flank_ref	left_flank_ref
m64101e_230417_055138/63505130/ccs	ptg000061l	51486253	51486540	51486540	45	1	CGCAGGTGACGCGACCGCCTGCTTAAGTGGGGAGGGTAGGCGATAT	TAGGATCAGTCGATATATTCTTCGGGCAAAAATAACGGACTCTCGC	TAGGATCAGTCGATATATTCTTCGGGCAAAAATAACGGACTCTCGT	OOOOOOOOOOOOOOOOOooooooooooOOOOOOOOOOOOoOOOoOX	1	9457	51477204,51477584,51477633,51477699,51477749,51478031,51478082,51478428,51478687,51478755,51478782,51478802,51478812,51479069,51479119,51479143,51479149,51479317,51479337,51479382,51479426,51479490,51479562,51479573,51479582,51479585,51479628,51479724,51479824,51479989,51480008,51480088,51480260,51480292,51480331,51481143,51481534,51481751,51482985,51484553,51484909,51484979,51485599,51485852,51486253,51486540	+	9546	135=1X379=1X48=1X65=1X49=1X281=1X50=1X154=1D190=1X258=1X67=1X26=1X19=1X9=1X256=1X49=1X23=1X5=1X167=1X19=1X44=1X43=1X19=1X10=3D3=13D14=1X47=3D21=1X10=1X8=1X2=1X42=1X95=1X99=1X164=1X18=1X79=1X171=1X31=1X38=1X811=1X390=1X216=1X112=1I261=1I260=1I54=4I302=1D243=1X1559=1D7=1X355=1X69=1X619=1X252=1X225=1I175=1X375=	chr1	60.0090895058676	53.0998695066531	52.050363410557	56.6502947492492	56.1024776236199	57.5508194564896	55.8417693586653	48	NA	0.73	1	1	2.458270049378	22218277	-	22218366	22227823	boundary_193	y	chr1	243847345	22218079	22219866	22216866
m64101e_230426_111631/141427908/ccs	ptg000061l	22540851	22541276	22541276	1	25	TTGGTCTTTTCTGGTATTGCCGCCAG	GCCACACCCCGCAACGCCAGTATTGC	GTGGTCTTTTCTGGTATTGCCGCCAG	OXXXXXXXXXXXXXXXXXXXXXXXXX	1	451	22540851,22541276,22542089,22542278,22542321,22542988,22544127,22545433,22545626,22545863,22545983,22546273,22547047,22547117,22547693,22547893,22548688,22548732,22550262,22551541,22551997,22552076,22552138,22552165,22552369,22552373	+	11734	26=1X6679=1I5027=	chr1	149.866315972556	137.245285910543	141.327456562965	137.663492958579	145.855642552751	148.001821678251	147.008238357257	118	NA	0.79	1	1	1.86449429430502	51230724	-	51242007	51242458	boundary_189	y	chr1	243847345	51241582	51243507	51240507
m64101e_230426_111631/23726099/ccs	ptg000012l	36229546	36231340	36231340	5	1	GGCCTG	AAGTCT	GAGTCT	XOOOOO	1	3658	36229546,36231340,36231834,36233998,36235658,36237286	-	13422	3196=10I452=1X57=1I6=2I430=1X2163=1X915=1D743=1X1627=1X1953=1D52=1D77=1D340=1D570=16I282=1I524=	chr1	66.8259670823123	71.5898494618213	70.9586852078034	70.1904016853275	69.9349740671881	71.0142301548439	70.8861330388982	75	NA	0.78	2	1	0.575619306977401	189408324	-	189411982	189421746	boundary_55	y	chr1	243847345	189410188	189413482	189410482
m64101e_230504_134304/146407691/ccs	ptg000032l	13145054	13145093	13145093	28	1	CCAATGTAAACGGTCAACGCCCCCAGAAG	GGCGCCGGGGGAACTGCTCTAAGTGAGCA	CGCGCCGGGGGAACTGCTCTAAGTGAGCA	XOOOOOOOOOOOOOOOOOOOOOOOOOOOO	1	552	13145054,13145093,13145150,13145177,13145260,13145264,13145269,13145330,13145336,13145567,13145769,13145778,13145799,13145806,13145852,13146190,13146566,13148286,13148430,13149198,13149653,13149721,13149848,13150017,13150111,13151454,13152995,13153036,13155871	+	11519	552=1X56=1X26=1X82=1X3=1X4=1X60=1X5=1X230=1X201=1X8=1X20=1X6=1X45=1X71=1X4=2D197=4I62=1X233=1D141=1X599=1D651=1I468=1X143=1X262=2I505=1X417=1X2=2D7=1X24=1X67=1X126=1X168=1X93=1X69=1I1073=3D197=1X1540=1X40=1X89=1D2744=1X190=	chr2	88.2877411777922	93.9052327959061	94.1212659926415	92.606916115413	92.661164045216	90.7042981416572	91.922077514348	92	NA	0.79	3	1	2.19918847829349	46566344	+	46566896	46577863	boundary_130	y	chr2A	145906006	46566857	46568396	46565396
m84108_230629_141229_s3/208868582/ccs	ptg000032l	46154693	46155114	46155114	1	8	CGGTACAGG	TACCGTGAA	CGGTACAGA	XXXXXXXXO	1	8984	46146271,46147433,46148418,46148616,46148817,46153785,46153868,46154693,46155114	-	9563	86=2I1=1X5482=1D1125=1I2286=1X578=	chr2	31.6764937837035	35.5832870122567	35.5066101729668	34.4744579560708	33.4724985195135	27.0994488331424	29.9965815931714	90	NA	0.85	2	1	5.5867054190853	79344046	-	79353030	79353609	boundary_132	y	chr2A	145906006	79352609	79354530	79351530
m64101e_230426_111631/169084048/ccs	ptg000032l	51784759	51784914	51784914	15	1	TTGCGGCAAGGCGAAC	CCCTCATCGAATATGG	TCCTCATCGAATATGG	XOOOOOOOOOOOOOOO	1	258	51784759,51784914,51786301,51786937,51788438,51789698,51789887,51790019,51790092,51790186,51790331,51790482,51791059,51791125,51791585,51791661	-	7191	199=1I58=1X1386=1X635=1X1500=1X1259=1X188=1X131=1X72=1X23=2D45=1X22=1X144=1X150=1X576=1X65=1X459=1X75=1X187=	chr2	51.4955754996393	51.7548709141614	52.8674178778311	50.7933412259508	52.5862423705529	52.6514196393698	52.5272154705496	31	NA	0.74	3	1	0.215998238461303	84987289	-	84987547	84994480	boundary_133	y	chr2A	145906006	84987392	84989047	84986047
m64101e_230417_055138/124911758/ccs	ptg000032l	83926579	83928310	83928310	26	1	TGGACATTGTACCGCGGGATCCGTCTC	GAACTTCAACGGTATAAAGCTGTGTGT	TAACTTCAACGGTATAAAGCTGTGTGT	XOOOOOOOOOOOOOOOOOOOOOOOOOO	1	2898	83926579,83928310,83928392,83928497,83929798,83929932,83931033,83931684,83932956,83932982,83933027,83933981,83934015,83934151,83935168,83935181,83935240,83935289,83935302,83935392,83936490,83936530,83936871,83937760,83938518,83938577,83938806	-	15620	1109=1D296=1D302=1D1145=1I45=1X81=1X104=1X253=1D312=1D733=1X133=1X581=1D518=1X650=1X270=1D191=1D322=1D485=1X25=1X44=1X341=1D514=1D96=1X33=1X135=1X549=1I221=1D245=1X12=1X58=1X48=1X12=1X89=1X256=1D11=1D746=1D81=1X39=1X31=1D308=1X888=1X89=1I230=1D437=1X58=1X140=1D87=1X959=1D580=4D227=1X1=1X77=2D35=42D17=2I28=1D1X3=3D107=4I98=2I95=	chr2	21.5268156123706	20.0640829955626	19.863739665007	19.9844263542395	20.0867999337762	21.3900499758812	18.1504790911293	79	NA	0.74	1	1	0.1367656364894	116998975	-	117001873	117014595	boundary_134	y	chr2A	145906006	117000142	117003373	117000373
m84108_230629_141229_s3/89000074/ccs	ptg000032l	104125415	104126535	104126535	1	1	AT	GC	GT	OX	1	2557	104125415,104126535	+	2806	366=1I1070=1X1368=	chr2	56.5011624248554	47.90640516043	45.9107532850236	50.5957413049902	53.5671972577096	56.0346169313188	52.722426293654	16	NA	0.57	1	1	0.4665454935366	137080579	+	137083136	137083385	boundary_137	y	chr2A	145906006	137082016	137084636	137081636
m64101e_230426_111631/152634545/ccs	ptg000010l	16892832	16894269	16894269	2	1	CGC	GAA	GAC	OOX	1	4914	16889506,16892832,16894269	-	5479	152=1X1754=1D1570=1X2001=	chr2	12.3287936050141	12.9313794527957	12.880140827928	12.4513652797729	12.9786498854865	12.906774660947	12.5391035807511	13	NA	0.72	5	1	0.0718752245394985	50602005	-	50606919	50607484	boundary_44	y	chr2B	150248535	50605482	50608419	50605419
m84108_230629_141229_s3/23266256/ccs	ptg000010l	33016892	33019168	33019168	14	1	GGTCCGACAGTTGCG	ATCTTAGTTACCATA	ATCTTAGTTACCATG	OOOOOOOOOOOOOOX	1	7616	33011598,33011599,33011795,33011953,33012247,33012847,33012859,33012890,33012947,33013310,33013673,33013847,33015528,33016892,33019168	+	7628	45=2X195=1X80=1I77=1X293=1X599=1X11=1X30=1X56=1X314=2D46=1X362=1X173=1X1680=1X1133=2I230=1X2287=	chr2	98.4981186222674	99.1529327178429	99.0311462838138	98.055868470673	98.3650490325166	73.3963710230728	67.557480692899	39	NA	0.75	2	1	25.7565616947701	66706686	+	66714302	66714314	boundary_46	y	chr2B	150248535	66712026	66715802	66712802
m84108_230629_141229_s3/239668951/ccs	ptg000004l	39331520	39331830	39331830	19	1	ACTAAGAAAACTTTACACTG	GGCGGCTGCGTCACGTGTCA	GGCGGCTGCGTCACGTGTCG	OOoOOOooOOOOOOOOOOOX	1	14287	39318095,39319082,39319568,39320119,39321187,39322451,39323682,39323700,39324034,39324833,39325466,39326403,39327123,39329684,39329772,39329899,39330266,39330485,39331520,39331830	+	14288	530=1X177=1I258=1D91=1D458=1X485=1X156=1I203=1D40=1X9=4I140=1X175=1I101=1I15=1I285=1I491=1X539=1I225=1D109=1D75=1D40=1I272=1X470=2I216=1I538=1I6=1X17=1X333=1X798=1X342=1I139=1I151=1X24=1D911=1X16=1D233=1D468=1X1342=1I1218=1X87=1X126=1X206=2I160=1X218=1X91=8I621=1I322=1X258=1I52=	chr3	-4.2486200358232	-12.5876035711184	-12.34931119064	-12.9980087611701	-9.99897385757608	-10.8351970283999	-7.58455531562564	73	NA	0.74	1	1	3.33593527980244	48986177	+	49000464	49000465	boundary_18	y	chr3	215253457	49000154	49001964	48998964
m64101e_230426_111631/35390340/ccs	ptg000004l	60140050	60140272	60140272	14	1	ACGACCCGTCATGTC	TAAGTTAACGCCCAA	TAAGTTAACGCCCAC	oOOOOOOOOOOOOOX	1	12626	60128263,60130797,60131107,60131578,60132008,60133938,60134962,60135411,60137636,60138261,60139703,60139948,60140047,60140050,60140272	+	13147	616=1D1X2533=1X309=1X470=1X429=1X1929=1X1023=1X448=1X2224=1X624=1X139=2D263=3I1037=1X244=1X98=1X2=1X742=	chr3	27.7857124010097	29.4452922505374	29.2413056623795	29.8929392425551	29.264907939452	25.8225077135888	28.8575172310719	50	NA	0.68	4	1	1.0354220114832	69777438	+	69790064	69790585	boundary_21	y	chr3	215253457	69789842	69791564	69788564
m84108_230629_141229_s3/145951375/ccs	ptg000004l	80696785	80701568	80701568	1	1	GA	TG	TA	OX	1	4883	80696785,80701568	-	8816	101=1X107=1D6890=1D1169=1D548=	chr3	69.7353337395083	70.1572715118577	70.367467369636	69.6912020750426	70.1357347941636	49.564210331844	56.8970410251268	33	NA	0.7	3	1	13.4704263445092	90467581	-	90472464	90476397	boundary_24	y	chr3	215253457	90467681	90473964	90470964
m64101e_230417_055138/161679376/ccs	ptg000118l	26103133	26103295	26103295	1	13	TTTTATATCAAGAG	CCCCCCGCTTCACA	TTTTATATCAAGAA	XXXXXXXXXXXXXO	1	10036	26093277,26093395,26094070,26095670,26096921,26098377,26099217,26102439,26102483,26102814,26102859,26102950,26103133,26103295	+	10237	631=1D81=1D2078=1D5443=1D1803=1X200=	chr3	20.4985469515137	22.1653899717948	22.8957788098551	22.5214087223246	22.0489358444286	18.3975579036593	22.3737935210235	31	NA	0.71	3	1	0.521985288831598	128996058	+	129006094	129006295	boundary_214	y	chr3	215253457	129005932	129007594	129004594
m64101e_230427_201834/137956024/ccs	ptg000118l	46089448	46090629	46090629	13	1	CAGAGGTGCATTAG	GGAGAACATGACGA	GGAGAACATGACGG	OOOOOOOOOOOOOX	1	10417	46082093,46082388,46083825,46084046,46084455,46084984,46085345,46087105,46087857,46088333,46088462,46089380,46089448,46090629	+	10418	1885=1X294=1X1436=1X220=1X408=1X213=2D313=1X237=4D119=1X1759=1X751=1X169=1X305=1X128=1X671=2I246=1X67=1X1181=	chr3	145.128967033167	141.86495659337	143.28094074275	140.077133964264	146.082913177153	143.000183584611	141.545397507634	65	NA	0.71	5	1	3.08272959254199	149307656	+	149318073	149318074	boundary_216	y	chr3	215253457	149316892	149319573	149316573
m64101e_230427_201834/23266806/ccs	ptg000118l	55088307	55089148	55089148	12	1	AGGTGGTGCCACCAG	GAACAACTTTTTTGC	GAACAACTTTTTnnG	OOOOOOOOOOOOnnX	1	10822	55078807,55079557,55080242,55081281,55082172,55086374,55087010,55087377,55087829,55088000,55088183,55088307,55088903,55089112,55089148	+	10828	482=1X749=1X410=1D273=1X454=1D230=1D352=1X890=1X3403=1X797=1X115=2I286=2I68=2D118=2D44=1X366=1X116=1X334=1X170=1X182=1X123=1X596=1I209=1I41=	chr3	28.8892981021326	32.0232950757584	32.4237583935893	32.3286676910405	31.7336577894604	25.7766091407157	31.3227035706293	36	NA	0.63	3	1	1.10105482296	158300750	+	158311572	158311578	boundary_217	y	chr3	215253457	158310731	158313072	158310072
m64101e_230504_134304/12452687/ccs	ptg000118l	96725833	96728567	96728567	22	1	CATGCTGAGCTGATAAACGTCAT	TGCCGCATATCCGGTGGTACGCA	CGCCGCATATCCGGTGGTACGCA	XOOOoOOOOOOOOOOOOOOOOOO	1	3150	96725833,96728567,96728640,96729890,96730750,96730881,96731803,96732281,96732342,96732475,96732988,96733538,96734322,96734496,96734499,96734552,96734763,96735052,96736076,96736180,96736258,96737008,96737793	+	12820	808=1D581=1D444=1D331=1D239=1D33=1D602=1D112=1X72=1X212=1D889=1D146=1X90=1D24=1D430=1D312=1X67=1D20=1I42=1X116=1I687=1D85=1D31=1X37=1D275=1D163=1X60=1X132=1X512=1X405=1D143=1X783=1X19=1X1=4D148=1X2=1X52=1X210=1X288=1X703=1D248=1D70=1X103=1X17=1D59=1X337=1D329=1X8=1D72=1X47=1I204=1D385=1D54=1D91=1X463=	chr3	21.6456800484053	24.7387341095423	24.7990667157922	24.7767523073395	23.4546272963396	23.5905707479861	23.5135826287844	64	NA	0.78	3	1	1.2084959678061	199935446	+	199938596	199948266	boundary_218	y	chr3	215253457	199935862	199940096	199937096
m64101e_230427_201834/96469727/ccs	ptg000030l	42747340	42747680	42747680	15	1	TCCGTATGTAGGAAGA	CTTCCGCACTACCGAT	TTTCCGCACTACCGAT	XOOOOOOOOOOOoOOO	1	340	42747340,42747680,42749660,42750823,42751452,42752162,42752616,42752768,42754502,42754906,42755155,42755751,42755957,42756535,42758442,42758486	-	11242	340=1X570=1I1286=1I69=1D53=1X78=1I1084=1X628=1X709=1X328=1I57=1I68=1X100=1D50=1X105=1I112=1I757=1D758=1X403=1X12=1I236=1X451=1I144=1X205=1X187=3I390=1X1438=6I468=1X43=1X80=	chr4	9.67904511960274	13.5261756639494	13.0096291318889	12.408271860296	12.7602773859227	12.6204935766152	13.3859885633366	46	NA	0.72	2	1	0.140187100612801	109276883	+	109287785	109288125	boundary_129	y	chr4	215373162	109287445	109289285	109286285
m64101e_230504_134304/86444215/ccs	ptg000030l	41943624	41944343	41944343	16	1	TTCCTAGAGGTCTTGAT	CCGTCCAGACCGCCTGC	TCGTCCAGACCGCCTGC	XOOOOoOOOOOOOOOoo	1	719	41943624,41944343,41945934,41945993,41946286,41946391,41946700,41946725,41947261,41947429,41947446,41951107,41951973,41952079,41955271,41955552,41956344	-	13223	261=1D29=1I428=1X704=1D6=1X171=1X179=1I119=1D323=1I84=1X58=1X3=1X12=2I276=1X104=1X308=1X24=1X535=1X107=1D59=1X16=1X747=1D288=1D15=1D266=1I361=1D339=1D28=1I1091=1I499=1D20=1X865=1X105=1X30=1D487=1I10=1D356=1D387=2D131=1I1111=1D673=1X280=1X1=1I187=1D194=1D260=1I109=1D37=1X509=	chr4	19.1319776396313	23.3434979804816	23.5011824642825	23.5370296995223	22.6949601315173	18.5754440219375	16.6979709944565	50	NA	0.7	4	1	4.9615856775848	110077426	+	110089930	110090649	boundary_128	y	chr4	215373162	110089211	110091430	110088430
m84108_230629_141229_s3/65601865/ccs	ptg000030l	33334892	33336069	33336069	6	1	ATATAAT	TCGCCGC	ACGCCGC	XOOOOOO	1	1662	33334892,33336069,33338603,33340928,33341379,33341739,33341954	-	8901	1662=1X2296=1D236=1X1237=2I1087=1X450=1X359=1X214=1X919=1D433=	chr4	24.0289516046012	25.1587488375462	25.6325894470731	25.2298476942182	24.8543396235125	25.2246845117573	25.0821723621806	32	NA	0.73	3	1	0.407904935315802	118687120	+	118694359	118696021	boundary_127	y	chr4	215373162	118693182	118695859	118692859
m84108_230629_141229_s3/203492007/ccs	ptg000030l	24729946	24730067	24730067	1	23	TAATAGGAATTTTGCAGTGCCGGG	GTTCGTAGGCCCGAAGTCATAACT	GAATAGGAATTTTGCAGTGCCGGG	OXXXXXXXXXXXXXXXXXXXXXXX	1	127	24729946,24730067,24730370,24730602,24730690,24730744,24730785,24731224,24731684,24732097,24732135,24733379,24735641,24736403,24736496,24737265,24737335,24737609,24739065,24739610,24739642,24739720,24739821,24740048	+	10808	6=1X10801=	chr4	8.77904906778732	11.0522191234092	11.0359522598526	10.7557842315947	10.2627094001907	7.64938470840933	10.7715027009104	33	NA	0.65	2	1	0.2807164224988	127270320	-	127281001	127281128	boundary_126	y	chr4	215373162	127280880	127282501	127279501
m64101e_230504_134304/81856964/ccs	ptg000030l	5489318	5489510	5489510	3	1	TGGC	CCTT	CCTC	oOoX	1	4874	5485863,5488633,5489318,5489510	-	6496	1224=1X2199=3I570=1X684=1X1813=	chr4	4.39165409720082	3.29480144065149	4.13437177299574	4.05315192422723	4.22546427159488	-2.7248049197064	-4.83555309681333	31	NA	0.68	1	1	7.11645901690722	146508022	+	146509644	146514518	boundary_124	y	chr4	215373162	146509452	146511144	146508144
m64101e_230417_055138/9962184/ccs	ptg000037l	47844749	47844936	47844936	57	1	TAAATTTTTTCGCCGGTGCACGATGCGACATAGTATTATGAAACGTTGGGCATAGGAA	GCGGCCCCCGTAGACTGATGTTGCATACAGGGACGCGGATCGGTCACAATTCGTAATC	GCGGCCCCCGTAGACTGATGTTGCATACAGGGACGCGGATCGGTCACAATTCGTAATA	OOOOOOOOOOOOOOOOOOOOOOOOOOOOOOOOOOOOOOOOOOOOOOOOOOOOOOOOOX	1	11858	47833131,47833575,47833950,47834165,47834269,47834273,47834314,47834325,47834659,47834677,47834726,47835203,47835247,47835635,47836166,47836260,47836274,47836401,47836458,47836708,47837674,47837902,47838122,47838593,47838731,47839056,47839153,47839209,47839349,47839541,47839674,47839710,47839762,47839923,47839968,47840274,47841024,47841292,47841307,47841975,47842350,47842510,47842566,47842812,47842840,47842866,47842871,47842980,47843055,47843454,47843648,47843716,47843787,47843993,47844188,47844735,47844749,47844936	-	11859	39=1X443=1X374=1X214=1X103=1X3=1X40=1X10=1X84=9I54=2I195=1X17=1X48=1X440=1D35=1X43=1X387=1X530=1X93=1X13=1X126=1X56=1X249=1X965=1X227=1X219=1X146=4I324=1X137=1X324=1X96=1X55=1X139=1X191=1X132=1X35=1X51=1X160=1X44=1X305=1X739=1X9=1X94=1I65=2D106=1X14=1X667=1X374=1X159=1X55=1X245=1X27=1X25=1X4=1X108=1X74=1X398=1X193=1X67=1X70=1X205=1X194=1X496=1D49=1X13=1X29=2I158=	chr4	379.835667824648	371.382825807336	370.46006641116	369.218091905249	376.57034638203	304.070306886035	282.187987146755	67	NA	0.71	1	1	75.765360938613	199753483	-	199765341	199765342	boundary_146	y	chr4	215373162	199765154	199766841	199763841
m84108_230629_141229_s3/97063314/ccs	ptg000422l	56024875	56027116	56027116	4	1	AGGGG	GACAC	AACAC	XOOOO	1	2242	56024875,56027116,56027767,56029209,56029346	+	5035	2210=1I31=1X650=1X1441=1X136=1X562=	chr6	24.6178912279894	26.7647461536598	26.43233960383	26.3520950531076	25.982187855888	25.5078164898626	26.039147660034	27	NA	0.66	2	1	0.7255984936258	21625614	-	21628407	21630649	boundary_234	y	chr6	199452338	21626166	21629907	21626907
m64101e_230417_055138/85132252/ccs	ptg000422l	53873919	53874748	53874748	13	1	GGACGAAGAGATCC	AAGTCGTAGACCTT	AAGTCGTAGACCTC	OOOOOOOOOOOOOX	1	11948	53862980,53863059,53863959,53864164,53864270,53864319,53864356,53864949,53865450,53867191,53869684,53873430,53873919,53874748	-	14176	175=1X78=1X899=1X204=1X105=1X48=1X36=1X238=1X7=5I346=1X500=1X110=1I624=1D194=1D810=1X2492=1X568=1D435=1I2741=1X49=1I439=1X3056=	chr6	46.1824604318288	48.8086371947875	49.3353040059898	47.8269611421963	48.8257828400439	45.1327311974828	44.4737548849378	97	NA	0.79	3	1	4.202572808507	23777904	+	23780132	23792080	boundary_233	y	chr6	199452338	23779303	23781632	23778632
m84108_230629_141229_s3/209191317/ccs	ptg000422l	49673973	49676366	49676366	27	1	AGATCCTAGTGGGTGATGAACCAGTTAC	CAGCATCGACAAACTGCTGGTGTCCGGT	CAGCATCGACAAACTGCTGGTGTCCGGC	OOOoOOOOOOOOOOOOOOOOOOOOOOOX	1	11828	49665073,49665419,49665808,49666737,49667313,49667354,49667387,49667406,49667803,49669095,49669718,49669951,49670144,49670365,49670417,49670621,49670886,49671638,49671718,49671797,49672241,49672304,49672576,49672838,49672985,49673710,49673973,49676366	-	12181	250=1D284=1X345=1X388=1X599=1X328=1X9=1D473=1I6=1X85=1X40=1X32=1X18=1X396=1X97=1X1193=1X294=2D326=1X232=1X192=1X220=1X51=1X84=3I119=1X264=1X354=4D393=1X79=1X78=1X443=1X62=1X271=1X261=1X146=1X123=1X50=2I59=2I1X490=1X262=1X2745=	chr6	41.3611362571558	38.3175227259944	39.8677208000175	40.8367853241343	40.4306496209039	41.0345751939966	38.3592988362916	100	NA	0.79	1	1	0.326561063159197	27980748	+	27981101	27992929	boundary_232	y	chr6	199452338	27978708	27982601	27979601
m64101e_230426_111631/178914943/ccs	ptg000422l	38830850	38833068	38833068	5	1	GCCCGC	CTTTAA	CTTTAC	OOOOOX	1	8386	38826119,38826884,38828113,38830349,38830850,38833068	+	8627	79=1D422=1I935=1X615=1I149=1X446=1D325=1I456=1X407=1D1213=1D613=1X500=1X1172=1I1286=	chr6	21.2910133618048	17.7061552302794	18.8309380290914	19.2921149844101	19.0266195673373	19.1892434807232	18.9008925806363	43	NA	0.72	1	1	2.1017698810816	38828510	-	38828751	38837137	boundary_231	y	chr6	199452338	38826533	38830251	38827251
m64101e_230417_055138/10684976/ccs	ptg000422l	32462340	32462567	32462567	12	1	TTTCCTGGAGTAG	CAGAGAAAGTAGA	CAGAGAAAGTAGG	OOOoOOOOOOOOX	1	7343	32456663,32456703,32456921,32457405,32458028,32458030,32459339,32459721,32459784,32460822,32460825,32462340,32462567	-	7534	405=1D497=2D532=1X39=1X217=1X483=1X511=2D109=1X1=1X1308=1X381=1X62=1X30=1I1007=1X2=1X754=1X759=1X105=1I89=5I64=1X158=	chr6	260.467325139823	259.709797821814	260.145607052816	259.327229032771	260.934244839319	205.859898568586	207.278348793922	141	NA	0.86	5	1	53.655896045397	45204825	+	45205016	45212359	boundary_229	y	chr6	199452338	45204789	45206516	45203516
m84108_230629_141229_s3/54660729/ccs	ptg000025l	102454294	102454373	102454373	37	1	GAATGCTAATCCCAAGCTTTGTAGAAAGTTGGAGGGAC	TCGCTTCGCGATTGCTTCACTCGCTGCACGTAGCACTG	TCGCTTCGCGATTGCTTCACTCGCTGCACGTAGCACTC	OOOOOOOOOOOOOOOOOOOOOOOOOOOOOOOOOOOOOX	1	6100	102448468,102448739,102448863,102449000,102449166,102449349,102449353,102449490,102449505,102449698,102449929,102450193,102450194,102450994,102451367,102451692,102451727,102451980,102451994,102452010,102452196,102452222,102452318,102452399,102452504,102452542,102452604,102452711,102452805,102452956,102453010,102453105,102453351,102453579,102453837,102453846,102454294,102454373	-	7654	203=1X270=1X123=1X136=1X165=1X101=1D80=1X3=1X136=1X14=1X32=1D107=1I52=1X230=1X263=2X139=1X11=3D645=1X46=1D162=3D160=1X324=1X34=1X42=1X13=2I11=1X43=4D137=1X13=1X15=1X109=1X75=1X25=1X95=1X80=1X104=1X37=1X61=1X106=1X93=1X150=1X53=1X94=1X245=1X227=1X257=1X8=1X138=1I13=1I296=1X1632=	chr6	1.28136301978992	1.55029604434277	1.44023687348242	1.48513867846185	1.24971182433773	1.26388979007241	0.815056935231398	5	NA	0.47	2	1	0.28640625427036	92524710	+	92526264	92532364	boundary_109	y	chr6	199452338	92526185	92527764	92524764
m64101e_230427_201834/53740747/ccs	ptg000025l	10399103	10399687	10399687	13	1	AGCAGCCAGCAGCA	GAAGCTTGATGTTG	GAAGCTTGATGTTA	OOOOOOOOOOOOOX	1	5081	10395059,10396076,10396169,10396925,10397199,10397209,10397247,10397285,10397873,10397876,10398467,10398921,10399103,10399687	+	5082	453=1X1016=1X92=1X755=1X273=1X9=1X37=1X37=1X587=1X2=1X590=1X453=1X181=1X584=	chr6	40.4470626974829	43.1235803268395	43.5554806970403	42.7363760736182	41.2982276263441	30.5068284354588	28.7756621735746	58	NA	0.88	3	1	13.0486522615815	184495739	-	184495740	184500821	boundary_95	y	chr6	199452338	184495156	184497240	184494240
m84108_230629_141229_s3/52301178/ccs	ptg000025l	5421870	5422278	5422278	6	1	TAATGAT	AGTCACC	TGTCACC	XOOOOOO	1	1559	5421870,5422278,5426937,5427413,5428308,5429424,5429948	+	9913	21=1I9=1X817=1I709=1X3848=1I810=1X475=1X894=1X686=1I429=1X523=1X681=	chr6	75.4813869566132	74.3848716949989	74.0823482040806	74.0975911843729	75.2981909583879	33.7192925823217	24.2841691407197	79	NA	0.73	1	1	41.7620943742915	189323214	-	189331568	189333127	boundary_94	y	chr6	199452338	189331160	189333068	189330068
m64101e_230504_134304/96471628/ccs	ptg000051l	29412207	29413045	29413045	13	1	AGTTAGGGAGGGCC	GACCCAAAGTAATT	AACCCAAAGTAATT	XOOOOOOOOOOOOO	1	1066	29412207,29413045,29413187,29413708,29413771,29414255,29414351,29414550,29414840,29415161,29415984,29416119,29416374,29416835	+	12993	446=1D338=1D282=1X141=1X520=1X62=1X483=1X40=1I55=1X198=1X289=1X320=1X394=1D34=1I349=1D43=1X99=1D34=1X254=1X33=1I427=1X1207=1D1431=1D388=1I693=1D598=1D490=1D941=1D58=1D237=1I214=1X132=1D110=1D89=1D41=1D502=1I251=1D172=1I16=1D7=1D370=1I106=1D77=	chr7	20.2568791973674	21.2327479514121	21.497561240594	21.224531545811	20.9708588362447	16.0330109887236	17.7181199289799	69	NA	0.81	3	1	3.7794413116141	36603296	+	36604362	36616289	boundary_167	y	chr7	170803427	36603524	36605862	36602862
m84108_230629_141229_s3/258279578/ccs	ptg000051l	45577318	45577378	45577378	17	1	AAGACATTGTCCCCCCGC	GGCGACCCACTAATTTCT	GGCGACCCACTAATTTCC	oOOOOOOOOOOOOOOOOX	1	11576	45567798,45568263,45568664,45568796,45568978,45569158,45569674,45569749,45570075,45570403,45570900,45571388,45572138,45573421,45574495,45576055,45577318,45577378	+	11577	468=1I364=28D253=1D411=1I397=1D100=1X464=1X400=1X131=1X181=1X19=1D159=1X515=1X74=1X47=1D121=2X154=1X327=1X496=1X487=1X749=1X1282=1X973=1I100=1X13=1I1311=1I235=1X1262=1X60=	chr7	44.3457996507684	43.9462041651774	44.5933375995777	44.5028920004158	46.0244342552987	30.4307419082031	27.8017178682526	104	NA	0.73	5	1	15.5936923470956	52745852	+	52757428	52757429	boundary_169	y	chr7	170803427	52757368	52758928	52755928
m64101e_230426_111631/102498751/ccs	ptg000051l	52150661	52158789	52158789	25	1	ATTAAATCACTAGTCCTCAAGTCCCAC	TCCGGGCGGTAGTGTACGTCACGTAGT	ACCGnGCGGTAGTGTACGTCACGTAGT	XOOOnOOOOOOOOOOOOOOOOOOOOOO	1	8283	52150661,52158789,52160608,52161014,52165771,52166037,52166395,52166514,52166574,52166607,52166639,52166852,52167235,52167643,52167646,52167728,52167861,52168148,52168180,52168673,52169394,52169543,52169631,52169664,52170345,52170435,52170655	-	20338	973=1D113=1D288=1D42=1D775=1D1602=1D953=1D135=1D1231=1D301=1X1034=1D835=1X1404=1D413=1X124=1D251=1I29=1X360=1D16=1I486=1I53=1I1140=1D265=1X303=1D258=1D940=1I203=1I3=2X722=1D1X264=1X306=1D50=1X118=1X59=1X32=1X31=1X93=1D118=1X382=1X407=1X2=1X81=1X132=1X286=1X31=1X411=1D80=1X720=1X148=1X87=1X32=1X304=1D375=1X89=1X219=1X53=1I139=	chr7	11.4888951409924	14.8348045355257	15.3130655421834	14.3701612879734	15.2535071363866	11.6134611200122	13.9007805783348	73	NA	0.68	3	1	1.4122849638486	59329176	-	59337459	59349514	boundary_170	y	chr7	170803427	59329331	59338959	59335959
m64101e_230417_055138/60687040/ccs	ptg000039l	9282686	9282952	9282952	1	24	AGACCACAACTAGTGAGTTTGGCTG	GTTGTGTGGTCGACACTACCAATCA	AGACCACAACTAGTGAGTTTGGCTA	XXXXXXXXXXXXxXXXXXXXxXXXO	1	10715	9272600,9272786,9273087,9274433,9274667,9275406,9275709,9276215,9276250,9276523,9276631,9276711,9276950,9277442,9278091,9278230,9278445,9279529,9279683,9280177,9280664,9281325,9281821,9282686,9282952	+	11077	1034=1D1000=1D881=1D378=1D1434=1D398=1D503=2I151=1D53=1D189=1I504=1I303=1D576=1I156=1I114=1D210=1D297=1D63=1D120=1D72=1D461=1D289=1D661=1D18=1D515=1D329=1X361=	chr7	12.9047260032537	15.6340878820874	14.9491761862185	15.2525931955988	14.5152558470822	14.4352802995007	15.3792457992835	38	NA	0.57	2	1	0.254842082803899	96972503	+	96983218	96983580	boundary_149	y	chr7	170803427	96982952	96984718	96981718
m84108_230629_141229_s3/136909869/ccs	ptg000039l	62331091	62332669	62332669	1	4	CTCGC	TCTCT	TTCGC	OXxXX	1	1610	62331091,62332669,62334815,62337455,62338917	-	10883	31=1X318=1I3407=1D106=1D1029=1I5989=	chr7	56.7134833073432	57.4091188802991	56.8768734119801	55.8417022081651	56.7794137406235	55.1963958269082	55.7299205868208	82	NA	0.77	2	1	1.67919829347829	149979820	-	149981430	149990703	boundary_153	y	chr7	170803427	149979852	149982930	149979930
m84108_230629_141229_s3/87430037/ccs	ptg000039l	72204418	72205735	72205735	1	11	GACACTAGATGA	AGTGTCGAGCAG	AACACTAGATGA	OXXXXXXXXXXX	1	2802	72204418,72205735,72205907,72206092,72206506,72206934,72207736,72208017,72208489,72208560,72211747,72211816	-	9134	1485=1X7648=	chr7	157.271354507958	156.883085497545	158.509887155748	158.791545170177	159.368300047027	151.784940192212	158.390514462189	105	NA	0.82	5	1	0.977785584837989	159802291	-	159805093	159811425	boundary_154	y	chr7	170803427	159803776	159806593	159803593
m84108_230629_141229_s3/15013283/ccs	ptg000060l	4480272	4480338	4480338	1	1	TC	CT	CC	OX	1	14925	4480272,4480338	+	15592	84=1D294=2X318=1D13=1D295=1D9=1D67=1D42=1D229=1I589=1D114=1D388=1D288=1I27=1I122=1I415=1I35=1D288=1I117=1D40=1D322=1D150=1D413=1D15=1X74=1I25=1I101=1D84=1I382=1D66=1D20=1D263=1D1504=1D130=1D206=1D1008=1I70=1D103=1D323=1I3=1D125=1D130=1D128=1I93=1I134=1D858=1D226=1I835=1D107=1I11=1X86=1I1416=1I70=1D172=1D9=1I265=1I436=1I27=1D355=1D316=1X98=1I415=1X86=1D131=	chr8	-1.79002624105253	-4.56837716042098	-4.92289758538296	-3.78173392174062	-3.39462831315198	-9.63179543151298	-10.0124827679794	65	NA	0.68	1	1	7.84176919046045	20912310	+	20927235	20927902	boundary_185	y	chr8	158533252	20927169	20928735	20925735
m64101e_230427_201834/52233186/ccs	ptg000060l	32948303	32949105	32949105	1	1	GG	AT	AG	OX	1	3207	32948303,32949105	+	10333	1148=1D115=1X1141=1X4728=5D2840=4D359=	chr8	41.9890480866673	39.3441578436687	40.5675816995463	41.5161148759655	41.9359377102769	38.6170717242517	41.9416187393951	36	NA	0.78	1	1	0.0474293472721996	49383305	+	49386512	49393638	boundary_187	y	chr8	158533252	49385710	49388012	49385012
m84108_230629_141229_s3/64362108/ccs	ptg000005l	95046006	95053346	95053346	5	1	GGATAC	AACCGT	GACCGT	XOOOOO	1	8383	95046006,95053346,95053511,95053796,95053872,95054355	-	9600	8383=1X164=1X284=1X75=1X304=4D174=1X211=	chr9	6.0054172708431	1.94676649763827	3.07071071063721	3.78623055580386	3.20198601041447	5.433746520156	3.8213820280345	18	NA	0.55	1	1	0.5716707506871	39913988	+	39915205	39923588	boundary_33	y	chr9	134695396	39907865	39916705	39913705
m84108_230629_141229_s3/107482112/ccs	ptg000005l	92381338	92382818	92382818	1	14	GGCTCACCACAAGTG	ATTCAGTGCGGGACA	GGCTCACCACAAGTA	XXXXXXXXXxXXXXO	1	11962	92373394,92374557,92374706,92375930,92376360,92376565,92377566,92377875,92378144,92379132,92380086,92380375,92380952,92381338,92382818	+	12064	1973=5I511=1I1666=1D274=1D5224=1X390=1D798=1D1119=1X101=	chr9	-0.370288546482324	-2.85439094649904	-3.59002854342518	-3.51325881900283	-2.06231085239763	-2.09347436440713	-2.92131478026353	72	NA	0.77	1	1	1.72318581792481	42576186	-	42576288	42588250	boundary_32	y	chr9	134695396	42574808	42577788	42574788
m64101e_230427_201834/30736644/ccs	ptg000005l	37141420	37141997	37141997	38	1	TGAGTCATGTAAATACCCGAAGTTGCGACCACGTGTAAC	CAGACTCCCGGGGAGGTTACGAGGCTATTTGTAGACTGG	TAGACTCCCGGGGAGGTTACGAGGCTATTTGTAGACTGG	XOOOOOOOOOOOOOOOOOOOOOOOOOOOOOOOOOOOOOO	1	822	37141420,37141997,37142573,37143094,37143344,37143682,37144433,37144500,37144889,37144922,37145020,37145478,37145688,37145743,37145879,37146302,37146574,37146621,37147634,37148058,37148295,37148993,37149041,37149390,37149518,37149858,37149947,37150131,37150359,37150380,37150516,37151121,37151717,37153218,37153582,37153630,37155172,37157210,37157440	+	16468	822=1X575=1X520=1X249=1X337=1X65=4D23=1X657=1X66=1X388=1X32=1X97=1X457=1X209=1X54=1X135=1X422=1X271=1X46=1X352=1D659=1X423=1X236=1X593=3D101=1X47=1X348=1X127=1X339=1X88=1X183=1X227=1X20=1X135=1X604=1X379=1X3=2D84=1I1X125=1X192=1D440=4I867=1X363=1X47=1X1321=1D219=1X329=1D1707=1X229=1X210=	chr9	48.5943120179166	53.2421223052879	53.6575430720121	53.2955144506727	51.9482588257388	53.0067255809953	50.946257175617	59	NA	0.69	3	1	0.650817491016802	97740157	-	97755803	97756625	boundary_28	y	chr9	134695396	97755226	97757303	97754303
m64101e_230417_055138/4327460/ccs	ptg000005l	21286942	21287403	21287403	23	1	TAGTAATCGCGTGCAACTGTTAGA	CGACCGGAATTCCTGCTCACCGAG	TGACCGGAATTCCTGCTCACCGAG	XOOOOOOOOOOOOOOOOOOOOOOO	1	1949	21286942,21287403,21288423,21288527,21288534,21288648,21288935,21289663,21289937,21291078,21291224,21292467,21292492,21292572,21292844,21293199,21293383,21293418,21293879,21294887,21296483,21296588,21297181,21298128	+	12790	39=1D1596=1I13=1I3=1D35=1I119=1I140=1X435=5D82=1X1=2X493=1X103=1X6=1X113=1X187=1I99=1X250=4D473=1X165=1I108=1X242=1D113=1X467=9D307=1X145=1X187=1D62=1D697=1D39=1X131=1I122=1X24=1X79=1X167=1D103=1X354=1X100=1D82=1X34=1X86=1I374=1X263=2I374=1I370=1X572=1D51=1I393=1D126=1D450=1X104=1X384=1I208=1X946=1X133=	chr9	2.03363869867726	3.6357072063918	2.89928943935873	2.74071704426003	3.35528948426245	2.06008133498336	-0.293550407659633	40	NA	0.6	2	1	1.57562587140844	113522863	-	113533704	113535653	boundary_25	y	chr9	134695396	113533243	113535204	113532204
m64101e_230504_134304/20054502/ccs	ptg000029l	51587588	51590751	51590751	12	1	AATACGAGACACA	GGGGTCTAGTGTC	AGGGTCTAGTGTC	XOOOOOOOOOOOO	1	3162	51587588,51590751,51591558,51592132,51592454,51593748,51594541,51595200,51595310,51595460,51595662,51596029,51596474	+	10305	431=1D1886=1I749=1D95=1X323=3D480=1X573=1X321=1X1293=1X792=1X658=1X109=1X149=1X201=1X366=1X121=2D321=1X1424=	chr10	1.00841992734388	-0.314528390460337	-0.456535352145079	-0.538300049627927	-0.857235389014399	0.124970927414999	-1.27292872521073	26	NA	0.65	1	1	0.883448999928881	60277343	+	60280505	60287648	boundary_113	y	chr10	150804130	60277342	60282005	60279005
m64101e_230417_055138/17433553/ccs	ptg000029l	119441249	119442413	119442413	54	1	GATCTTCTAGCCTTAGTGTTCTCCCGCGACCGATACTAAGCCCGTCGCCCGTTAA	CTCTCGGCGATACCGAGACCTCTTTATCGTTATGGACCGATTGAGAAATTAAGGG	CTCTCGGCGATACCGAGACCTCTTTATCGTTATGGACCGATTGAGAAATTAAGGA	OOOOOOOOOOOOOOOOOOOOOOOOOOOOOOOOOOOOOOOOOOOOOOOOOOOOOOX	1	12730	119429806,119430331,119430797,119430841,119430893,119431345,119431433,119431441,119431569,119431670,119432065,119432173,119432262,119432280,119432293,119432303,119432572,119432646,119432728,119432956,119432972,119432992,119433000,119433044,119433178,119433270,119433483,119434348,119434364,119435283,119435378,119436115,119436141,119436612,119437181,119437243,119437717,119437763,119437860,119437876,119438043,119438099,119438389,119438491,119438689,119438740,119439170,119439350,119439427,119439748,119439766,119440465,119440619,119441249,119442413	+	13157	110=1X466=5I58=1X98=4D3=1X359=1X43=1X51=1X451=1X87=1X7=1X127=1X72=1D27=1X394=1X107=1X88=1X17=1X12=1X9=1X268=1X73=1X81=1X227=1X15=1X19=1X7=1X43=1X133=1X91=1X212=1X864=1X15=1X533=1I6=3I379=1X94=1X736=1X25=1X122=1I301=1D46=1X511=4I57=1X61=1X473=1X45=1X96=1X15=1X166=1X55=1X289=1X101=1X197=1X50=1X429=1X179=1X76=1X125=5I195=1X17=1X473=1D224=1X153=1X73=1I556=1X1590=	chr10	45.9257176133635	49.981121036718	50.1965034420955	50.2425002522609	48.8113010442484	36.8457914263188	39.6546762601144	92	NA	0.74	4	1	10.5878239921465	132266380	+	132279110	132279537	boundary_121	y	chr10	150804130	132277946	132280610	132277610
m84108_230629_141229_s3/210373346/ccs	ptg000029l	126697027	126697100	126697100	39	1	TCATATTCTCGACTATGACATGGATGCCGGTAGCCAGCTC	CAGCGCCTCTAGAGGAAGAGCCAGCATGACCGTGTGATCT	CAGCGCCTCTAGAGGAAGAGCCAGCATGACCGTGTGATCC	OOOOOOoOOOOoOOOOOOOOOOoOoOOOOOOOOOOOOOOX	1	13346	126683915,126683924,126684309,126684989,126685067,126685145,126686139,126686308,126686341,126686960,126687088,126687261,126687957,126688354,126688603,126688684,126688693,126688799,126689075,126689115,126689338,126689655,126689853,126689926,126690074,126690142,126691947,126692638,126692808,126693138,126693644,126693678,126693831,126694915,126694981,126695311,126695867,126696631,126697027,126697100	-	13348	119=7D42=1X8=1X384=1X227=4D224=1D223=1X77=1X77=1X211=1I507=1D256=1D17=1X47=1D120=1X32=1X618=1X127=1X163=1I9=1X312=1D382=1X116=1X279=1X16=1D196=4D31=1X80=1X8=1X105=1X234=1I2=1X38=1X39=1X222=1X242=2X72=1X197=1X72=1X147=1X67=1X1804=1X690=1X169=1X329=1X374=1D130=1X33=1X100=1D51=1X393=1D88=9I2=1X598=1X65=1X141=6I57=1I131=1X555=1X733=2D28=1X395=1X74=	chr10	0.99973536549032	4.21839655822538	4.22879483917786	3.70333630796617	3.35401629456564	1.20129998993622	-2.14251699987477	111	NA	0.77	3	1	3.02749484924164	139516565	-	139529911	139529913	boundary_122	y	chr10	150804130	139529838	139531411	139528411
m64101e_230427_201834/81331484/ccs	ptg000020l	16752821	16752922	16752922	13	1	CGTTCTTCGATTGT	TTGCTCCTAGCGAC	CTGCTCCTAGCGAC	XOOOOOoOoOOOOO	1	1692	16752821,16752922,16754368,16755442,16755726,16756705,16756829,16757271,16757409,16757502,16757676,16758583,16758763,16758815	-	8007	339=1D1353=1X112=1D433=1D898=1X1073=1X283=1X978=1X123=1X152=1D288=1X137=1X92=1X92=1D80=1X414=1D83=1I408=1X70=1I109=1X51=1X91=1D90=2D243=	chr11	8.55763281410661	9.8355588433285	9.89017089215079	9.28529282370795	9.71141579731003	7.91742666528204	9.72346559392383	16	NA	0.47	3	1	0.16670529822696	37430719	-	37432411	37438726	boundary_81	y	chr11	147876701	37432310	37433911	37430911
m64101e_230427_201834/144574794/ccs	ptg000001l	39567145	39567556	39567556	26	1	CTCTGAGGCCTGTCATGAGTACTCCCT	TCTCACAATACAATGCAGCGGTCTTAC	TCTCACAATACAATGCAGCGGTCTTAT	OOOOOOOOOOOOOOOOOOOOOOOOOOX	1	14328	39553394,39553845,39554931,39557612,39561958,39563112,39563646,39563684,39563735,39564592,39564603,39564626,39564628,39564661,39564662,39564695,39564696,39564720,39564812,39564902,39565080,39565360,39565382,39565478,39566379,39567145,39567556	+	14794	167=1X450=1X973=8I112=1X1562=4D1114=1X2550=2I1489=4D302=1X436=1X1=1D714=1X195=1I338=1X37=1X50=1X856=1X10=1X22=1X1=1X32=2X32=2X23=1X13=1X30=3D3=1X40=1X89=1X177=1X279=1X21=1X95=1X900=1X765=1X876=	chr11	217.311824621931	217.626787174156	218.441504657836	217.03990455423	217.088421711035	169.33019506612	173.680262037878	61	NA	0.72	3	1	44.761242619958	103649672	-	103650138	103664466	boundary_6	y	chr11	147876701	103649727	103651638	103648638
m64101e_230427_201834/57738627/ccs	ptg000001l	10709912	10709926	10709926	28	1	TGTCTCAGATCGAGAATGGCATCGCGTGT	CACGCGGAGCAACAGCAAATGCTATACTC	TACGCGGAGCAACAGCAAATGCTATACTC	XOOOOOOOOOOOOOOOOOOOOOOOOOOOO	1	188	10709912,10709926,10709934,10709961,10710405,10710517,10710548,10710714,10710733,10710825,10711412,10711667,10712562,10713330,10714072,10714653,10714731,10715145,10715417,10715509,10717171,10717465,10719224,10719259,10720378,10721693,10722726,10723171,10723316	-	13611	188=1X7=1X26=1X443=1X111=1X30=1X77=1I88=1X18=1X91=1X276=3D307=1X222=1I32=1X347=2D6=1X1=1X536=1X389=1D377=1X741=1X456=1D123=1X77=1X86=1I327=1X271=1X91=1X51=9D177=1I34=1D55=1I544=1I15=1I179=1I456=1I140=1X293=1X823=1D144=1I28=1D761=1X34=1X448=1D520=1I149=1X380=1D695=1I238=1X417=1I615=1X59=1I385=1X144=1X39=	chr11	38.1406283163375	42.187961598944	41.8804200706291	41.848951530414	41.7856070977966	35.4969010048053	35.8696506115858	77	NA	0.8	2	1	6.3183109873582	132500333	+	132513756	132513944	boundary_4	y	chr11	147876701	132513742	132515256	132512256
m64101e_230426_111631/57606436/ccs	ptg000036l	17754781	17755352	17755352	44	1	CGATTGCACTTTGGTCTGCAGTCAAACATACATGGCGGATGGGACA	TTCCCCTCACCCCACTGATGACTGGGTCCGTCCCCTTCGCAACTTG	CTCCCCTCACCCCAnTGATGACTGGGTCCGTCCCCTTCGCAACTTG	XOOOOoOOOOOOOOnOOOOOOOOOOOOOOooOOoOOOoOOOOOOoO	1	571	17754781,17755352,17755701,17756116,17756118,17757040,17757097,17757419,17757533,17757548,17757623,17757930,17758064,17758217,17758551,17760377,17761416,17762227,17762300,17762346,17764349,17765527,17765622,17765680,17765783,17766278,17766339,17766455,17766534,17766925,17767060,17767509,17767664,17767936,17769308,17770922,17770964,17771060,17771303,17771738,17771904,17773114,17773830,17774044,17774539,17774778	+	20030	68=2X501=1X87=2I261=1X414=1X1=1X161=1D163=1D68=1D509=1I17=1X56=1X82=1D125=1D112=1X113=1X14=1X74=1X306=1X38=1D94=1X152=1X222=1I111=1D1X104=1D34=1I241=1D1424=1D18=1X487=1D16=1D229=1I304=1X169=1D145=1D325=1D168=1X72=1X29=1D15=1X253=1I208=1D724=1D642=1D82=1D89=1X202=1D308=1D424=1D240=1X94=1X57=1X39=1D62=1X208=1D53=1D88=1D76=1D65=1X60=1X115=1X78=1X390=1X134=1X5=1D76=1D15=1D283=1D65=1X97=1D56=1X271=1X3=1D1198=1X168=1X247=1X36=1D162=1D1165=1X41=1X95=1X114=1I128=1X240=1I194=1X165=1X40=1I240=1D384=1D12=1D59=1I471=1X132=1D314=1I268=1X55=1D79=1I78=1X494=1X238=1X43=1D17=	chr12	-4.42838217219867	-3.46619889595639	-3.07486719416061	-2.78534956302191	-3.15968791062178	-7.29654542160959	-3.5249336882951	63	NA	0.56	4	1	0.73958412527319	32949500	+	32950071	32969530	boundary_140	y	chr12	154228409	32949500	32951571	32948571
m64101e_230417_055138/78381492/ccs	ptg000036l	17796529	17796543	17796543	13	1	TTGCTTCTCGGGCT	CAATACTGGAAATC	TAATACTGGAAATC	XOOOOOoOOOOOOO	1	14	17796529,17796543,17796556,17798373,17799882,17801713,17803436,17803671,17803864,17805552,17805579,17805687,17805810,17805833	-	13267	14=1X12=1X33=3D64=1I147=1D71=1D307=1I165=1D200=1D122=1D242=1D18=1D208=1I229=1X807=2I323=1D182=1I140=1D54=1X882=12I3=1X2=11I357=1D573=1D10=1X1290=1D105=1D320=1D4=1X212=1D21=1X192=1X107=1D264=1D375=1I162=1D492=1X13=2D268=1X26=1X107=1X122=1X22=1X518=1X209=1D449=1I1100=1D100=1D1577=	chr12	12.6266597558458	10.5613766946835	11.3258069637373	13.0030315235016	13.258371493855	13.0022653038556	12.9017059341262	37	NA	0.71	5	1	0.2561061899994	32991233	-	32991247	33004500	boundary_141	y	chr12	154228409	32991233	32992747	32989747
m84108_230629_141229_s3/70979489/ccs	ptg001655l	18799295	18799556	18799556	20	1	TCCGCTGCCCAACCATGTGCA	CTTTTCATTGGCTAGCCCCGG	TTTTTCATTGGCTAGCCCCGG	XOOoOOOOoOOOOOOOOoOOo	1	262	18799295,18799556,18800420,18801418,18802197,18803625,18804154,18804194,18804453,18804793,18805097,18805510,18806560,18806580,18806730,18807561,18808139,18810433,18811140,18812363,18813160	-	13997	262=1X263=1X4=1I595=1X297=1X84=1D461=1D152=1X643=1D134=1X308=1D500=1D119=1I266=1D94=1D136=1X528=1X26=1D12=1X250=1D7=1X339=1X303=1X113=1I299=1X86=2D47=1D90=1D52=1D227=1D120=1D314=1I51=2D53=1X19=1X149=1X87=1X254=1D145=16I142=1D157=1D41=1X154=1I41=1D89=1I262=1D29=1X200=1D473=1X152=2D1=1X63=1D589=1X262=1D545=1X172=1I300=1D176=1I11=1X45=1X104=1D24=1I9=1D115=1D94=1D197=1I21=1D106=1D227=1I305=1X13=1X25=1I91=1I58=1D84=1I183=1D31=1D228=1X92=1X9=1X1=1X44=2I8=1I11=1I20=2I3=1X18=1X14=	chr12	-2.88330382601968	-1.21176833409219	-1.80184068657441	-1.71944587046786	-1.85391345158556	-3.4552536319299	-3.16292553861791	75	NA	0.69	2	1	1.95115720452572	81737997	-	81738259	81751994	boundary_240	y	chr12	154228409	81737998	81739759	81736759
m84108_230629_141229_s3/77796337/ccs	ptg001655l	32788414	32788967	32788967	1	40	AATTTGACAAGCCGAATCCACCAGAGATCAAAGTTCCTAGT	GGCCGACTCCATAAGGATAGATGAGAGGTCGCACCTTCGTA	AATTTGACAAGCCGAATCCACCAGAGATCAAAGTTCCTAGA	XXXXXXXXXXXXXXXXXXXXXXXXXXXXXXXXXXXXXXXXO	1	10140	32779092,32779263,32779292,32779414,32779446,32780170,32780343,32780576,32780756,32781105,32781379,32781778,32781870,32781879,32781933,32782073,32782256,32782482,32782499,32782840,32783134,32783177,32783269,32783319,32783364,32783445,32783579,32783657,32783822,32783878,32784380,32784433,32784639,32785295,32785964,32786059,32786506,32786572,32788036,32788414,32788967	+	10221	10140=1X80=	chr12	39.4450933256867	38.2511781943762	38.2727962886375	38.9159016608366	39.2931920846811	36.4464953746872	37.850054020703	34	NA	0.74	1	1	1.5950393049837	95696420	+	95706560	95706641	boundary_242	y	chr12	154228409	95706007	95708060	95705060
m64101e_230417_055138/175308899/ccs	ptg001655l	44106365	44106405	44106405	34	1	CAGGAGAATGCCTCTGACATTGTCTTGTAATAGGT	GTACGAGTCCATCTCAGTTCCAATCCTACGCTACC	CTACGAGTCCATCTCAGTTCCAATCCTACGCTACC	XOOOOOOOOOOOOOOOOOOOOOooOOOOOOOOOOO	1	70	44106365,44106405,44107155,44108366,44108976,44109764,44110362,44112315,44112531,44112532,44113199,44113264,44113398,44113870,44114028,44114122,44114328,44114374,44114494,44114564,44114622,44114855,44114968,44115137,44115483,44115588,44115653,44115773,44115936,44116006,44116056,44116117,44116271,44116274,44116539	-	10295	9=1D61=1X267=2D323=2D120=2I35=1X1210=1X609=1X787=1X597=1X658=3D1291=1X215=2X666=1X64=1X133=1X147=1D323=1X157=1X93=1X205=1X45=1X119=1X69=1X57=1X232=1X112=1X168=1X60=24D154=1D106=1X104=1X64=1X119=1X162=1X69=1X49=1X60=1X153=1X2=1X264=1X121=	chr12	23.4620543904894	23.0040175174962	23.3783048408778	23.4525531375635	24.2670092013488	23.1606825765165	23.4302584100084	37	NA	0.77	5	1	0.8367507913404	106993762	-	106993832	107004057	boundary_243	y	chr12	154228409	106993792	106995332	106992332
m64101e_230427_201834/69141037/ccs	ptg001655l	83776424	83780108	83780108	1	23	CTTGTTCCGGAAGCAATTCGCAAT	GCGACCTTACGGATGGCATTGGTC	CTTGTTCCGGAAGCAATTCGCAAC	XXXXXXxXxXxXXXxXXXXXXXxO	1	10938	83769854,83770066,83770283,83770750,83770889,83771080,83772314,83772334,83772546,83773420,83774153,83774475,83774548,83775009,83775100,83775216,83775258,83775333,83775383,83775396,83775502,83776168,83776424,83780108	+	13239	434=1D671=1D4=1D141=1I264=1D11=1I641=1D63=1D106=1D30=1D122=1D235=1D57=1D388=1D158=1D42=1I31=1I20=1D115=1I298=1D17=1D477=1D181=1D25=1D57=1D83=1D61=1D10=1D102=1D60=1D45=1D7=1D45=1I66=1D86=1D21=1I56=1D135=1D339=1D255=1D66=1I7=1D342=1D166=1D313=1D71=1I13=1D17=1D308=1D727=1D141=1D60=1D237=1D19=1D43=1D14=1D13=1D193=1D138=1D67=1I122=1D147=1D37=1D159=1D73=1D109=1D359=1D595=1D183=1D22=1D188=1D20=1X46=1D94=1D46=1D117=1D161=1D75=1D79=1D152=1D32=1I8=1D8=1D116=1I91=1D28=1X6=1I20=1D42=1D25=1D124=1D226=1D36=1D161=1D218=1D143=1D149=1D93=	chr12	189.83767919116	189.335315239702	189.320571546983	189.404623910992	187.977022849936	96.3680848952556	98.369213973101	158	NA	0.8	1	1	91.468465218059	146625604	+	146636542	146638843	boundary_244	y	chr12	154228409	146632858	146638042	146635042
m64101e_230427_201834/100730444/ccs	ptg000013l	24740308	24740722	24740722	15	1	TGGATAACTTCTTCAT	CAATCGTTCCTCCTCC	TAATCGTTCCTCCTCC	XOOOOOOOOOOOOOOO	1	414	24740308,24740722,24740743,24741132,24741147,24741493,24741664,24741929,24742089,24742339,24742642,24743574,24743799,24744107,24744247,24744474	+	7061	414=1X20=1X388=1X14=1X345=1X170=1X264=1X159=1X119=1D129=1X302=1X931=1X224=1X307=1X139=1X226=1X2895=	chr13	46.5373265928517	42.7635778430892	46.4949513889335	42.4525956568404	45.6098285041798	45.1049807265636	45.4786304694448	52	NA	0.82	1	1	1.0586961234069	55393667	+	55394081	55400728	boundary_59	y	chr13	132018348	55393667	55395581	55392581
m64101e_230427_201834/145623831/ccs	ptg000013l	41847920	41847921	41847921	1	21	CGGGGTTTTATAAGACTATGGC	AAAAACGACCGCGCTTCGGAAA	CGGGGTTTTATAAGACTATGGA	XXXXXXXXXXXXXXXXXXXXXO	1	11711	41838683,41841422,41841648,41842079,41842090,41842176,41842278,41842801,41843066,41844495,41844605,41844752,41845241,41845475,41845497,41845542,41846252,41846264,41846747,41847863,41847920,41847921	-	11754	2347=1D868=1D1864=1I6631=1X42=	chr13	13.6864304297403	11.5936807106057	11.7833321301117	13.0881065600309	11.7534589117496	11.4103865263755	10.9082526341749	45	NA	0.75	1	1	2.2760439033648	72471813	-	72483524	72483567	boundary_60	y	chr13	132018348	72483523	72485024	72482024
m84108_230629_141229_s3/68880635/ccs	ptg000013l	67857619	67857669	67857669	11	1	GTTGCAGGCCGT	TCCATGACTTCC	GCCATGACTTCC	XOOOOOOOOOOO	1	119	67857619,67857669,67858070,67858628,67859402,67859582,67859655,67859951,67859980,67860069,67861197,67863122	+	5956	23=2I1X93=1X366=1I34=1X557=1X102=1D670=1X179=1X72=1X38=9D191=1X56=1X28=1X20=8I68=1X187=1I166=1I40=1I16=1X11=1I200=1I16=1I490=1X475=1I75=1I674=1D18=1I406=1D274=1X340=1I36=	chr13	21.6413312979181	21.134299041984	21.9115352014766	20.866128379432	21.4359611114064	20.0010484529537	21.5843286562004	16	NA	0.53	3	1	0.327206545276198	98503358	+	98503477	98509314	boundary_63	y	chr13	132018348	98503427	98504977	98501977
m84108_230629_141229_s3/45222507/ccs	ptg000013l	78017355	78019508	78019508	3	1	GCGA	TTAT	GTAT	XOOO	1	2169	78017355,78019508,78020376,78021060	+	5129	1435=1I118=8D311=1I303=1X25=1D841=1X369=1D313=1X569=1D451=2I387=	chr13	-1.05882765011433	-2.68795029824182	-2.53180440412969	-2.32567185080164	-2.63208732099949	-6.39176529083314	-8.70142189723467	37	NA	0.76	1	1	5.33293764071881	108664763	+	108666932	108669892	boundary_64	y	chr13	132018348	108664779	108668432	108665432
m64101e_230504_134304/150931835/ccs	ptg000013l	87617448	87617633	87617633	22	1	AAACAAATGCTACCCGAATAAAA	GCGTCCGCATGGTTAAGGCGGTT	GCGTCCGCATGGTTAAGGCGGTA	OOOOOOOOOOOOOOOOOOOOOOX	1	11209	87608083,87611062,87611172,87611427,87611793,87611817,87611957,87612075,87612685,87613256,87613471,87613478,87614076,87614414,87615359,87615619,87616513,87616752,87616982,87617264,87617356,87617448,87617633	+	11210	1653=1X2963=1X14=1X109=1X254=1X365=1X23=1X139=1X117=1X316=1I293=1X542=3I28=1X64=1I1X149=1X6=1X597=1X337=1X242=1X701=1X259=1X507=1I386=1X238=1X229=1X281=1X91=1X91=1X185=	chr13	27.1819759985818	27.5133707614428	27.539809514745	27.7728074187439	29.4877423420329	26.1165009054007	25.9263397937001	44	NA	0.7	5	1	3.3712414366322	118248483	+	118259692	118259693	boundary_67	y	chr13	132018348	118259507	118261192	118258192
m64101e_230427_201834/170919205/ccs	ptg000013l	89893939	89894424	89894424	27	1	CCATCAGTGCCGAACCCTTTTCTAGCTA	TTGGTGACCTTCGGTGTCCACTCGTTCG	TTGGTGACCTTCGGTGTCCACTCGTTCA	OOOOOOOOOOOOOOOOOoOOOOOOOOoX	1	10989	89883521,89883681,89883795,89883864,89884374,89884738,89884998,89885148,89885365,89885504,89885941,89886667,89887088,89887199,89887473,89888492,89888579,89888941,89892059,89892496,89892651,89892977,89893337,89893421,89893488,89893872,89893939,89894424	-	12437	13=1X69=1X66=1D70=1I22=1X113=1X25=1D11=1D30=1X218=1D200=1D66=1I23=1X252=1D110=1X84=1D174=1X21=1D127=1X216=1X69=1D68=1X279=1I157=1X126=1I90=1D493=1D14=1X340=1I80=1X110=1X273=1X158=1D117=1I157=1D202=1I382=1X86=1X361=1X180=1I641=1I1462=1D410=1I423=1X436=1X154=1X207=1I118=1X359=1X83=1X66=1X264=8I28=1X58=1D31=1X66=1X1=1D1930=	chr13	15.2289508449657	13.1417368740623	13.4785257817662	10.571182898043	13.64089742703	14.5483321702976	13.177804107259	59	NA	0.63	1	1	0.6806186746681	120524791	-	120535780	120537228	boundary_68	y	chr13	132018348	120535295	120537280	120534280
m64101e_230426_111631/162006615/ccs	ptg000070l	25178702	25178875	25178875	54	1	ACGCAGGATCTGGGGCAAATCTGTATTAGATGGAAATAGTTTGCCTCGACGAAAA	GGCTGAACCGCAAAATGGGAGAAACCCGAGCAATGGCGACCCATTCTAGTCGGGC	GGCTGAACCGCAAAATGGGAGAAACCCGAGCAATGGCGACCCATTCTAGTCGGGA	OOOOOOOOOOOOOOOOOOOOOOOOOOOOOOOOOOooooOOOOOOOOOOOOOOOOX	1	15508	25163609,25163731,25163802,25164202,25164703,25164713,25164938,25165618,25165798,25165833,25166256,25166257,25166445,25166732,25167350,25167372,25167510,25167601,25167659,25167660,25167896,25168434,25168933,25169219,25169580,25170479,25170791,25170890,25170910,25171036,25171565,25171721,25171959,25172462,25172926,25173428,25173520,25173535,25174083,25174607,25174632,25175801,25176483,25176529,25176598,25177192,25177237,25177876,25177908,25178159,25178243,25178475,25178564,25178702,25178875	+	15509	228=1X121=1X70=1X399=1X18=3I482=1X9=1X224=1X377=1D301=1X179=1X34=1X365=1D56=2X187=1X286=1X617=1X21=1X137=1X90=1X57=2X235=1X537=1X498=1X285=1X360=1X898=1X311=1X98=1X19=1X110=2D12=2X528=1X75=1D7=1X71=1X237=1X502=1X456=1D6=1X427=12I74=1X91=1X14=1X547=1X523=1X24=1X1150=3I18=1X254=1D3=1X422=1X45=1X68=1X593=1X44=1X638=1X31=1X250=1X83=1X231=1X88=1X137=1X143=3I30=	chr14	7.70798588601281	4.65170340362472	4.47450946441903	5.09021437279332	5.05062875694936	6.16628659004142	5.10064453250375	43	NA	0.59	1	1	1.54169929597139	12930472	-	12930473	12945981	boundary_199	y	chr14	131692671	12930300	12931973	12928973
m64101e_230504_134304/157681867/ccs	ptg000024l	20143279	20143401	20143401	59	1	TTTGTGTGCCCAATGCCTTAAGTCCCGTGCAAGCCAGCTCAGTCTCGGGTGTAAAGACGG	GACAGCACTGACTCCTTGCGGACGTTACATCGAGTGATCTTCCGCTAAACACGCGTCTTC	TACAGCACTGACTCCTTGCGGACGTTACATCGAGTGATCTTCCGCTAAACACGCGTCTTC	XOOOOOOOOOOOOOOOOOOOOOOOOOOOOOOOOOOOOOOOOOOOOOOOOOOOOOOOOOOO	1	123	20143279,20143401,20143441,20143761,20143783,20144206,20144359,20144360,20144414,20144709,20144819,20144822,20144824,20145129,20145192,20145195,20145204,20145293,20145822,20145938,20146364,20147401,20147533,20147930,20147935,20148294,20148574,20148579,20148580,20148687,20148695,20148709,20148719,20148722,20148738,20148758,20148923,20148925,20148929,20149104,20150459,20150494,20151003,20151131,20151204,20151218,20151428,20151597,20151619,20151677,20151980,20152234,20152607,20153047,20153314,20153598,20154199,20154268,20154815,20155024	-	12230	123=1X39=1X319=1X21=1X422=1X61=1I47=3X7=1D7=1X25=2X53=1X250=4I44=1X109=1X2=1X1=1X304=1X62=1X2=1X8=1X88=1X268=1I260=1X115=1X425=1X1036=1X131=1X110=1I286=1X4=1X358=1X94=1D184=1X4=2X106=1X7=1X13=1X9=1X2=1X15=1X19=1X48=3D6=1X106=1X1=1X3=1X174=1X830=1X5=2I518=1X34=1X508=1X127=1X72=1X13=1X209=1X168=1X21=1X57=1X302=1X253=1X266=4D102=1X439=1X266=1X174=1I109=1X600=1X68=1X546=1X208=1X482=	chr15	20.6605760366143	23.8484032603407	23.6897161780425	23.5571290777293	23.1805819332766	15.473663042493	19.2614328373692	30	NA	0.44	2	1	4.5869704229715	25674012	+	25686119	25686242	boundary_92	y	chr15	107915467	25685997	25687619	25684619
m64101e_230504_134304/78776635/ccs	ptg000024l	18679037	18679120	18679120	28	1	TCTGCATCTAGCTCATACGGATAGACTTA	GTCATGCTATAACAGCTTCATCGAGTCCG	GTCATGCTATAACAGCTTCATCGAGTCCA	OOOOOOOOOOOOOOOOOOOOOOOOOOOOX	1	7478	18671689,18671859,18672331,18672353,18672405,18672857,18673653,18673670,18674044,18674849,18675664,18676019,18676032,18676071,18676883,18676923,18676958,18677055,18677557,18677638,18677863,18678170,18678183,18678715,18678924,18678930,18678994,18679037,18679120	-	7845	49=1X129=1D39=1X269=1D201=1X21=1X51=1X451=1X795=1X16=1X26=3I347=1X804=1X44=1I770=1X354=1X12=1X38=1X596=1X214=1X39=1X34=1X96=1X501=1X80=1X168=1X4=4D47=1X306=1X12=1X371=1X12=1X146=1X208=1X5=1X63=1X42=1X449=	chr15	32.8118920222895	35.1575378044594	35.3589494993075	35.1756891667066	34.6977258873279	30.6732290724532	34.5900010917853	26	NA	0.57	3	1	0.768948407522203	27149196	+	27149563	27157041	boundary_91	y	chr15	107915467	27149480	27151063	27148063
m84108_230629_141229_s3/218631875/ccs	ptg000007l	13229772	13229832	13229832	1	1	AG	GC	GG	OX	1	8411	13229772,13229832	+	8484	8352=1X22=1D109=	chr15	64.9220811764152	70.8806456385147	70.5250465156778	69.5038084376602	68.9308759734176	62.368611786291	68.4718156119358	62	NA	0.72	2	1	2.4088300265789	91896144	+	91904555	91904628	boundary_40	y	chr15	107915467	91904495	91906055	91903055
m64101e_230417_055138/125699685/ccs	ptg000007l	16923623	16926903	16926903	1	3	ACAG	GTGA	ACAA	XXXO	1	8165	16923013,16923049,16923623,16926903	-	13319	153=1D657=1D220=1D2467=1I1808=2I225=1I1060=2I714=1X854=1X531=1D118=1I753=1I378=1I629=1D531=1I2209=	chr15	35.7507345608064	40.7216950543504	39.4797236337199	40.3481392623034	39.9476216305224	36.4349844195465	37.7064724699528	78	NA	0.67	2	1	3.0152225843976	95592658	-	95600823	95605977	boundary_41	y	chr15	107915467	95597543	95602323	95599323
m84108_230629_141229_s3/249694904/ccs	ptg000054l	11091462	11091677	11091677	18	1	TACGTCATAGATTGATTGA	CGGACTGAGCGCGAGCCAG	CGGACTGAGCGCGAGCCAA	OOOOOOOOOOOOOOOOOOX	1	9584	11082730,11083565,11086939,11087915,11089060,11089424,11089865,11090076,11090488,11090682,11090735,11090736,11090755,11091027,11091289,11091304,11091305,11091462,11091677	-	9585	72=1I575=1X263=1I209=12D350=1X2805=1D567=1X123=1I852=1X1144=1X192=1D170=1X440=1X57=1X152=1X411=1X149=1I44=1X52=2X18=1X271=1X261=1X14=2X156=1X215=	chr16	23.3632323834488	24.3283958081599	24.5476865854885	25.2719508031404	26.8088892045675	24.9601807407344	24.7234767968798	56	NA	0.76	5	1	1.8487084638331	84421911	-	84431495	84431496	boundary_174	y	chr16	131347499	84431280	84432995	84429995
m84108_230629_141229_s3/67568977/ccs	ptg000054l	17569709	17570650	17570650	3	1	TCCG	CTTA	TTTA	XOOO	1	1358	17569709,17570650,17570796,17573451	-	18822	1358=1X145=1X2654=1X14662=	chr16	36.9880943626035	41.2447700687651	42.2543508511922	40.6821442816637	41.6381099088779	34.9981002728052	39.4470422547721	68	NA	0.66	3	1	2.8073085964201	90933755	-	90935113	90952577	boundary_175	y	chr16	131347499	90934172	90936613	90933613
m64101e_230417_055138/22151408/ccs	ptg000035l	8716315	8717411	8717411	23	1	AGCAGCAAGGATTGTTCTGCCGCG	GCGGAGCGACGCCTCCTCTATATC	ACGGAGCGACGCCTCCTCTATATC	XOOOoOOOOOOOOOOOOoOOOOoO	1	1939	8716315,8717411,8717496,8717730,8717735,8717764,8717784,8717803,8717886,8717940,8717967,8718394,8718475,8718486,8719098,8720327,8720552,8721884,8722627,8723183,8723634,8723878,8723966,8724025	-	8872	111=1D1626=2D16=1X133=2D19=1X32=1X84=1X233=1X4=1X28=1X19=1X18=1X82=1X53=1X26=1X47=1D94=1I91=1I193=1X80=1X10=1X611=1X28=1I160=8D69=1I58=1I552=1I98=2I33=1I222=1X224=1X721=1D100=1D24=1D124=1D341=1D11=1I5=1X19=1D144=1D577=1X28=1D49=1D44=1D28=1D10=1D67=1D170=1D58=1D8=1D18=1D4=1D60=1X101=1D35=1I250=1D62=1X243=1X82=1D4=1X58=1X80=2I192=1D63=	chr19	78.7931953403868	83.0757341958602	82.9837653851622	82.6701113335611	81.8994310644197	78.088520669964	81.5701847840682	148	NA	0.84	2	1	1.505549411792	12106171	+	12113104	12115043	boundary_139	y	chr19	80312928	12112008	12114604	12111604
m64101e_230417_055138/151781710/ccs	ptg000057l	7469918	7470555	7470555	24	1	ATGCGAACCATAAAATTTTTAGAGA	GGATCGCGTGGGGCGGCCGCCAGTG	AGATCGCGTGGGGCGGCCGCCAGTG	XOoOOOOOOOOOOOOOOOOOoOOOO	1	1454	7469918,7470555,7471647,7471732,7471734,7472398,7472455,7472925,7473201,7473628,7474084,7475122,7475790,7476072,7476770,7477191,7477297,7477301,7477383,7477760,7477915,7478247,7478377,7478398,7478791	+	9817	490=1I963=1X856=1X20=26D43=1I145=1X84=1X1=1X127=1D535=1X56=1X469=1X76=1D198=1X94=1D121=1I210=1X455=1X244=1D66=1D569=1D137=1D17=1X137=1D333=1I196=1X281=1X182=1D78=1D435=1X215=5D1X1=2X196=1X105=1X3=1X81=1X376=1X154=1X215=1D103=1D11=1X129=1X20=1X392=1X166=	chr20	14.349746888562	16.4901760609995	16.7597266375473	16.2006025134847	15.218983640833	12.6644237394514	14.5786236567801	30	NA	0.6	3	1	2.1811029807672	17168138	+	17169592	17177955	boundary_182	y	chr20	84443219	17168955	17171092	17168092
m64101e_230426_111631/154927192/ccs	ptg000006l	33978919	33979015	33979015	1	51	AACGGTTCACTCCCCCTTGACCCTTCGCTTGGAATGACCTTTAGGCGCCTGT	CGAACCCTGGCTGTTTCCAGTTTCCGATGCAATGATCTTGCCCATGATACCC	AACGGTTCACTCCCCCTTGACCCTTCGCTTGGAATGACCTTTAGGCGCCTGC	XXXXXXXXXXXXXXXXXXXXXXXXXXXXXXXXXXXxXXXXXXXXXXXXXXXO	1	6911	33972169,33972269,33972341,33972393,33972498,33972550,33973172,33973193,33973204,33973519,33973706,33973745,33973771,33974054,33974096,33974099,33974101,33974406,33974521,33975168,33975457,33975541,33975609,33975910,33976118,33976231,33976279,33976282,33976297,33976391,33976457,33977114,33977115,33977139,33977150,33977245,33977268,33977333,33977382,33977521,33977551,33977595,33977796,33978423,33978426,33978634,33978700,33978704,33978793,33978850,33978919,33979015	+	7487	261=1I534=1D761=1D885=1I3945=1D523=1X575=	chr21	67.6761398741209	71.9849771736917	70.5101458040522	71.8842357560504	70.1941839347906	60.0623498963267	54.5693344972304	81	NA	0.72	2	1	11.922627277365	46470530	+	46477441	46478017	boundary_36	y	chr21	59507314	46477345	46478941	46475941
