contig	previous_snp	jump_snp	next_snp	read_name	count_haplotype_one	count_haplotype_two	ref_bases	alt_bases	read_bases	haplotype_string	number_of_jumps	jump_snp_pos_in_read	snp_pos_in_read	strand	read_length	chromosome_start	ref_strand	right_jump_snp_ref	chromosome_end	chromosome	chromosome_length	first_snp_ref	last_snp_ref
ptg000082l	93478441	93478612	93478741	m84108_241122_172021_s4/121767718/ccs	4	22	ACGTTGCTTCGGGAGAGTATTAGAAA	CTACGATCCTCAAGTGTCGCCGTGGG	CTATGGCTTCGGGAGAGTATTAGAAA	OOOXOXXXXXXXXXXXXXXXXXXXXX	3	3955	93475200,93476015,93478441,93478612,93478741,93479389,93479629,93479732,93480128,93480134,93480264,93480275,93480667,93481608,93481819,93481920,93482173,93482211,93482255,93482667,93483219,93483232,93484377,93485765,93485846,93485987	-	11979	191715465	-	191719420	191727444	chr1	233354531	191716008	191726795
ptg000030l	2592251	2592390	2595993	m84108_241122_172021_s4/191305080/ccs	33	13	ACCGTGCATCCCGATCGAACTGCGTATCGTCCTTTTTGCCCGTAGC	TTTTCCGCGATTCTGAATGAACACCGCTAGTTGCGCCCGTGCCCCT	ATTTCCGCGATTCTGAGAGAAGACCGCTAGTCTCTTTCGTCCTCGC	XOOOOOOOOOOOOOOOXXOOOXOOOOOOooOXXOXXXOOOXOXOXX	14	1812	2592251,2592390,2592521,2592573,2592663,2592670,2593153,2593708,2593741,2593772,2593874,2593880,2593900,2593997,2594115,2594128,2595993,2596496,2596663,2597173,2598084,2598147,2598626,2598826,2598919,2599165,2599166,2599365,2600579,2600644,2600941,2601143,2601158,2601273,2601282,2601590,2602084,2602874,2602968,2603151,2603286,2603304,2603676,2603735,2603797,2604872	+	14900	126543820	-	126556908	126558720	chr4	189967907	126556769	126569390
ptg000030l	642301	642329	642666	m84108_241122_172021_s4/151650756/ccs	33	3	TGTTCGTTGGCCGAAGCCGGATTGATCCGCCGCGAC	CCCGGAGCAATTAGGCTTAAGCCAGCTAAATAACGT	TCCTGGGCAATTAGGCTTAAGCCAGCTAAATAACGT	XOOXOXOOOOOOoOOOOOOOOOOOOOOOOOOOOOOO	5	95	642301,642329,642418,642666,642928,642935,643017,643445,643649,643669,643675,643761,643811,643831,644119,644270,644458,644501,645459,645600,646264,653081,655989,656028,656090,656168,656248,656505,657538,657582,658490,658786,659173,659622,659770,659902	-	17922	128534653	+	128552480	128552575	chr4	189967907	128552452	128570053
ptg000120l	953199	953291	953400	m84108_241127_145827_s1/212145020/ccs	22	28	GGGCTTGTGTAATGAGTAGCAAAGGGGAGAATCCGGTAGGGCATTGAATT	AACTCCACCAGGCAGACTCGGGGAAAACACCATTCCCGCTATGGCAGGCC	GGCCCCGCGTAATGAGTTGCAAAGGAAAACATTTGCTGCGGTGGCAAGCC	XXOxOoxOxXXXXXXXXOXXXXXXXOoXOOXXOOXoXOOXXOOOOOXOOO	15	753	953000,953199,953291,953400,953487,953563,953565,953686,953782,953975,953991,954099,954249,954355,954531,954705,954738,954894,955111,955198,955589,955640,955649,956698,956765,957283,958051,958837,960095,961996,962110,962813,963571,963859,964093,964579,964925,965423,965489,965565,966157,966283,966284,966298,966371,966524,966635,966700,966761,967902	+	15577	128628585	-	128643409	128644162	chr4	189967907	128643118	128658020
ptg000030l	405936	406039	406890	m84108_241122_172021_s4/107745948/ccs	31	8	AAATCACCAGGACTACGTTGGCTCGCTCCGTCGGGGCGT	CCCCTGATGAAGTCGTACCAAACTAACTTAATAATTAAC	ACCCCGACGGAGCCATACCAAACTAATTTATTAATTAAC	XOOOXOOXOXOOXOXOOOOOOOOOOOXOOOXOOOOOOOO	15	1299	405936,406039,406082,406788,406890,407143,408769,409240,409587,410103,410294,410557,410879,410971,411349,411403,411415,411607,411616,411665,412536,412568,412655,412800,413258,413313,414250,414277,414348,414357,414508,415036,415709,415899,415902,416025,416143,416231,416242	-	12069	129742284	-	129743583	129754353	chr4	189967907	129743480	129753786
ptg000030l	696887	697150	697772	m84108_241122_172021_s4/201528904/ccs	8	7	ACACTTTGCCTTGCT	TTCACACATACCATC	ACCCTTCGTATCATC	XXOXXXOXOOXOOOO	7	4647	696646,696887,697150,697772,698539,698805,698898,698946,699799,699840,700397,700992,700993,702106,702443	-	12519	131519911	-	131524558	131532430	chr4	189967907	131524054	131529851
ptg000018l	55249719	55249871	55249877	m84108_241122_172021_s4/6034315/ccs	51	5	TGTGGCGATTCCTCGGGAGTTTCCGGACTGATCCCGACCAGTCTTAATTCTAGACT	CACTAGCGGCTGGTATATAGGAGTATGTGCGGATACCTTGACACCGGGCTCGAGAG	CACTAGCGGCTGGTATATAGGACTATGTGCGGACACCTCGATACCGGGCCCGAGAG	OOOOOOOOOOOOOooOOOOOOoxoooOOoOOOOXOOOOxOOXOOOOOOoxoooOOO	4	4984	55244971,55244972,55245514,55245647,55245721,55245781,55246562,55246980,55247069,55247331,55247582,55247640,55247943,55248149,55248536,55248990,55249093,55249276,55249407,55249533,55249696,55249719,55249871,55249877,55249880,55249898,55249922,55249928,55249933,55250085,55250178,55250368,55250369,55250475,55250483,55250583,55250746,55250936,55251319,55251627,55251751,55251787,55251840,55251898,55251908,55251910,55251912,55251926,55251954,55252001,55252114,55252187,55252331,55252693,55252869,55253399	-	13188	102626022	+	102634226	102639210	chr5	184146409	102629326	102637754
ptg000061l	51505056	51505204	51507139	m84108_241127_145827_s1/245303858/ccs	11	10	TCGCGTTGACCGGCGGTGAAA	CAATAGCCGTTTTTATGCGCC	TAATGGCGACTTGCGTGCAAC	XOOoXOOXxXOOXxXOOOXXO	9	377	51505056,51505204,51505403,51505745,51507139,51507222,51507803,51507955,51508883,51510120,51510410,51511347,51511392,51513004,51513059,51513297,51513605,51513692,51514037,51514038,51514224	-	9846	127244625	+	127254094	127254471	chr7	179313751	127253946	127263114
ptg000043l	247110	247148	247223	m84108_241127_145827_s1/12125500/ccs	19	16	ATTGGCCGGAGTCTTGGCCTCATTGCAGGTACGCC	GACCATTAATACTCCCCTTCGCCCCGCAAGTAAGT	GTCCACCAAAGCCCCGCTCTGACCCGAGAGACGGC	OXOOOXXOOXXOXOoXOOxXOXoOOOXXOOXXXOX	19	731	247110,247148,247223,247358,248267,248460,248685,249037,249593,249594,250073,251181,251489,251592,251753,251783,251948,252120,252729,252887,252952,252954,253040,253105,253111,253199,253907,254524,255807,256094,256742,256884,258239,258717,259250	+	13432	154113053	-	154125754	154126485	chr8	154799650	154125716	154137856
ptg000027l	87594493	87594727	87594816	m84108_241127_145827_s1/215877758/ccs	15	16	CAACCTCCTGCCGGCACCACCATTAGCCGCA	TGGTTGTTCATATAGCTGGTAGCCGTTGCTG	TAATCTCCTGTCTAGCTGGCCACTAGCGCTG	OXXOXXXXXXOXOOOOOOOXXXoXXXXOOOO	8	647	87594493,87594727,87594736,87594816,87595283,87596009,87596979,87597625,87598620,87598671,87598764,87598803,87598840,87598891,87599022,87599106,87599125,87599126,87599146,87599215,87599352,87599594,87599610,87599796,87599864,87599880,87599882,87602354,87603127,87603551,87604437	-	11207	88716652	-	88717299	88727859	chr9	144533704	88717065	88727009
ptg000008l	34439571	34440040	34440090	m84108_241122_172021_s4/229445364/ccs	4	7	CTCATAGGGGCT	TCTGCGACAATG	nTTATGGGGACG	nXoxxOXxxoxO	3	5718	34435342,34439571,34440040,34440090,34440103,34440561,34441165,34441892,34443016,34443211,34443262,34444398	+	10473	60939185	-	60943940	60949658	chr10	143912906	60939242	60948298
ptg000007l	11783901	11784037	11784313	m84108_241122_172021_s4/244061791/ccs	7	41	TTGGCGCACACAGAGGGGTTGGACTTAGCTACCGCCGTCCGCTTAGTCTA	CCCCTATGTGGTTGAATACCAAGTACGCTCTAAATTACATTTGAGACTAG	TTGGCGCACGGAGAGGTGCTnAACATACnTACCGCCGTCCGCTTAGTCTA	xXXXXxXXXOoXXXXXOXoXnOXXoXxOnXXXxXXxxXXXXxxXXXXxXX	8	2687	11781462,11782279,11782386,11782739,11783144,11783635,11783699,11783781,11783901,11784037,11784239,11784313,11784347,11784373,11784421,11784469,11784596,11784634,11784692,11784780,11785184,11785199,11785222,11785235,11785322,11785497,11785816,11785957,11786035,11786179,11786226,11786370,11786552,11786716,11786974,11787095,11787127,11787212,11787241,11787333,11787414,11787608,11787688,11787745,11787749,11788126,11788134,11788172,11788259,11788507	-	7255	14675808	+	14680376	14683063	chr11	140692836	14677801	14684846
ptg000040l	4780926	4780937	4783407	m84108_241122_172021_s4/68749288/ccs	18	19	GAGAAGACCTAAGATGGCCTGGTTCCTAACGCATACC	CGAGGAGGTCCGCGCCATACAAGCTTCGGTATCCGTG	CGAGGAGGTCCGCGCGGCCTGGTTCCCAGCGCATGCC	oOooOoOoOOOOOOoXXXXXXXXXXXoXOxXXXXOXX	5	5010	4779471,4779731,4779744,4779784,4779975,4779982,4780078,4780148,4780167,4780267,4780315,4780357,4780589,4780667,4780926,4780937,4781074,4781109,4781230,4781287,4781530,4781593,4781890,4781930,4782957,4783223,4783407,4783476,4783632,4783727,4783961,4784124,4784229,4784487,4784927,4785641,4785861	-	10830	83810108	+	83815928	83820938	chr14	119675470	83814462	83820852
ptg000045l	298948	299266	299900	m84108_241127_145827_s1/267846416/ccs	32	9	TCTCAGACTGCCCCACAGTACACAAACGAAGCTTGTAAAAA	ATCAGCCACTTATGGTGACGTTAGCTTACGTTCCACCGCGG	ATCAGCCACTTCCGGTGACGTTAGCTTAAGTTTTATCACAA	OOoOOOOOOOOXXOOOOOOOOOOOOOoOXOOOXXOXOXOxX	11	3827	296068,296278,296768,296920,297058,297138,297529,297653,297909,298628,298948,299266,299837,299900,299936,300086,300261,300443,300570,300580,300665,300668,300932,300978,300994,300997,301009,301710,302005,302324,303824,304246,306772,307210,307281,307322,307651,308502,308681,308774,309297	+	14563	59517793	-	59528529	59532356	chr15	118469430	59525331	59538560
ptg000123l	2288518	2290041	2291423	m84108_241127_145827_s1/185669346/ccs	3	10	AGCTATGCGACTG	CCTAGAAAAGTCA	AGCAGTGAGACTG	XXXOOXXOXXXXX	4	5527	2287894,2288240,2288518,2290041,2290468,2291423,2292062,2292707,2292715,2292875,2293316,2293390,2293825	+	9725	59593910	+	59599437	59603635	chr15	118469430	59597290	59603221
ptg000123l	902470	902508	903633	m84108_241122_172021_s4/88937232/ccs	26	19	GGAACTCGCGTTGCAGTCCCCGCGCGAACTTCACATCGCGGCTAC	CAGGGGGAGAAACTTAGTAGTAGATAGGTACTGGGCTAGCATGGT	CAGGGGGAGAAACTTAGTACCGCGCGAGCTTTACGTCGGCGCTGT	OOOOOOOOOOOOOOOOOOOXXXXXXxXOXXXOXXOXXxOOXXXOO	10	7809	896743,896759,897237,897525,897528,898300,898852,900144,900161,900606,901070,901156,901511,901630,901992,902296,902314,902325,902470,902508,902613,902751,903011,903058,903081,903493,903596,903633,903762,903765,903770,903807,903921,904489,904595,904773,904840,904946,905212,905264,905677,905719,905722,905731,905831	-	11332	64706733	-	64714542	64718065	chr15	118469430	64708777	64717865
ptg000019l	34705203	34705236	34705312	m84108_241122_172021_s4/177542190/ccs	45	6	CCCCTGACTCACCGGGCCCGAGGCCTCGATGAGCTTCCATAGTAGAGCAATCG	TTATCCGTGTGTGAACAGTAGCATTCGCCCACCGCGTTCCTACGCCATTGGTT	TTATCCGTGTGnGAACAGTAGCGTTCGGCCnCCGCGTCCCTACACAATTGGCT	OOOOOOOOOOOnOOOOoOoOOOxOOOOxOOnOOOoOOXoOoOoxoxooOOOXO	4	7363	34700312,34700576,34700850,34701990,34702445,34702854,34702954,34703085,34703736,34703745,34704306,34704326,34704464,34704491,34704875,34704907,34704936,34704996,34705075,34705150,34705159,34705203,34705236,34705312,34705333,34705359,34705438,34705447,34705804,34705957,34706003,34706085,34706197,34706273,34706420,34706445,34706482,34706497,34706844,34706846,34707034,34707102,34707119,34707262,34707333,34707605,34707759,34707783,34707851,34707884,34708356,34708371,34708380	+	10760	34673436	+	34680799	34684196	chr16	105885118	34675875	34683943
ptg000127l	21185588	21186570	21187367	m84108_241122_172021_s4/251004898/ccs	21	10	ATCAAGATTGACGCGAATTAATGAAAAAGCAC	TCTCGAGCCAGAATCGGCCGTACGGGTGTTGT	TCTCGAGCCGGCGCnGGCCGTAGAGAAAGTGT	OOOOOOOoOXOxXXnOOOOOOOXXOXXXXOOo	8	2634	21183962,21184433,21184508,21184536,21184597,21184861,21185098,21185545,21185588,21186570,21187367,21188080,21188692,21189577,21189706,21189873,21190667,21191172,21191778,21192414,21192416,21192683,21192696,21193236,21193279,21194663,21194951,21195021,21195218,21195337,21195593,21195775	-	12074	21265314	-	21267948	21277388	chr17	92152283	21265340	21277153
ptg000026l	740894	741027	741254	m84108_241122_172021_s4/166398337/ccs	4	11	AGCTCACACAGCCCG	GCACTGTGTGATTTA	GGCTTACACGGCCTG	OXXXOXXxXOXXXOX	7	577	740894,741027,741031,741142,741254,741464,741528,741719,741892,741960,742104,742255,742266,742321,742361	-	11020	22597441	+	22607884	22608461	chr17	92152283	22607751	22609218
ptg000051l	523142	523844	523845	m84108_241122_172021_s4/125833190/ccs	22	23	GCATCCGTTCGTCTCAGCAGGAGGATTATAAATCCGCCATACTAT	ATGCTTCCGTACTCTGCTGACCAACCCTCGGTGATATAGCGTCGC	ACGCTTCCTCGTTCCGGTGGGCAGATCTCAAAGCTGCCGCGCTAT	OXOOOOOOXXXXOOXOXOOXXOOXXXOOOXXXOXOxXXOOOXXXX	19	811	523142,523844,523845,523847,524433,524454,525035,525891,525913,525972,526327,526476,526521,526654,526829,526830,527645,527724,528114,528566,528610,528775,529057,529151,530098,530184,530387,530962,531157,531347,531363,531369,531539,531763,531766,532410,532696,532905,532906,532970,533223,533233,533256,533434,533447	+	10698	24159302	-	24169189	24170000	chr17	92152283	24168487	24178792
ptg000084l	32303022	32303023	32303109	m84108_241122_172021_s4/121506187/ccs	32	16	CAAGACATTGGTCATATACAGTATCCCACGTCACATGGCTCGTCCACC	TGGAGGGAAAACTGGGCGAGACGGATTCTACTGAGCCATCTACTAGTT	CGAAGGGATGGCCAGGCACGACGGCCTCTACCGCACCATCCACTCGTT	XOxOOOOOXXXOxxoOoXXOOoOOXXOOOOOXOXXOOOOOxOoOXOoo	13	466	32303022,32303023,32303109,32303482,32303525,32303636,32304258,32304313,32304471,32305013,32305088,32305325,32305757,32305957,32307069,32307300,32307378,32307714,32307768,32307998,32308162,32308264,32309144,32309298,32310093,32310176,32310495,32310534,32310850,32311635,32311714,32311958,32312127,32312386,32312975,32313623,32313655,32313796,32314712,32315745,32316370,32317165,32317339,32317922,32318105,32318433,32318691,32318872	-	17205	37109154	+	37125893	37126359	chr17	92152283	37125892	37141742
ptg000084l	32248403	32248954	32249022	m84108_241122_172021_s4/243205135/ccs	22	19	ACACTGCTCATAGGCATTAACCCTTGGAGGGCCATGCCGAC	GTGAAAGCTTAGAATGCCGTTTTCCATGCATTTGCATTCGT	GTAATAGCCATAAATATTATCCCCCAGGCATTCGCGCCGGT	OOxOXOOOXXxXOOOXXXXOXXXOOOXOOOOOXOOxXXXoO	14	665	32248365,32248403,32248954,32249022,32249024,32249050,32249061,32249071,32249089,32249216,32249233,32249306,32249317,32249344,32249376,32249419,32249459,32249517,32249550,32249621,32249635,32249830,32249851,32249903,32250242,32250578,32250622,32250747,32250768,32250980,32251054,32251156,32251483,32251540,32251571,32253084,32259117,32262842,32262873,32263135,32263150	+	14865	38854081	-	38868281	38868946	chr17	92152283	38867692	38882477
ptg000078l	27710378	27710507	27710726	m84108_241122_172021_s4/46007783/ccs	4	45	CTGGAATTGTCGGTACAACGCGTGGGCTGCAAGATGGATTCATAGTAGC	GCATGTCGACACAACATGGATCCTCAGCAATTCCAACGGCTGCGCGGTG	CCGGAATTGTCGAAACAACGCGTTGGCTGCAAGATGGATTCATAGTAGC	XOXXXXxXXXXXOoXxxXXXXXXoXXXXXXXXXXXXXXXXXXXXxXXXX	4	409	27710378,27710507,27710726,27711110,27711136,27711339,27711677,27711777,27711807,27711808,27711810,27712157,27712160,27712378,27712403,27712561,27712617,27712639,27712731,27712841,27713193,27713371,27713444,27713723,27714019,27714104,27714830,27715743,27715809,27716438,27716470,27716592,27716753,27716960,27717100,27717342,27717790,27717905,27717948,27717984,27718279,27718353,27718387,27718448,27718533,27718871,27718913,27718921,27718934	+	9711	51963590	+	51963999	51973301	chr20	68621529	51963870	51972426
